account_id,state,pet_tier,channel,premium_tenure_days,pawtrail_signup_date
acct_00000,CA,medium,sales_assisted,544,2026-03-23
acct_00001,CA,medium,sales_assisted,662,2026-03-02
acct_00002,FL,small,sales_assisted,356,2026-03-31
acct_00003,CA,medium,sales_assisted,842,2026-03-17
acct_00004,OH,medium,sales_assisted,698,2026-02-02
acct_00005,NY,large,self_serve,440,2026-04-21
acct_00006,FL,small,self_serve,507,2026-03-22
acct_00007,CA,large,self_serve,575,2026-03-24
acct_00008,FL,large,self_serve,900,2026-02-07
acct_00009,NC,medium,self_serve,900,2026-03-03
acct_00010,CA,small,sales_assisted,803,2026-02-26
acct_00011,CA,medium,sales_assisted,687,2026-04-09
acct_00012,CA,large,sales_assisted,885,2026-03-14
acct_00013,CA,small,sales_assisted,613,2026-03-27
acct_00014,FL,large,sales_assisted,900,2026-03-02
acct_00015,CA,large,self_serve,850,2026-02-16
acct_00016,TX,medium,sales_assisted,669,2026-03-09
acct_00017,CA,medium,sales_assisted,860,2026-01-28
acct_00018,CA,medium,sales_assisted,298,2026-03-28
acct_00019,CA,medium,self_serve,675,2026-03-13
acct_00020,IL,large,self_serve,364,2026-03-22
acct_00021,TX,small,sales_assisted,452,2026-02-25
acct_00022,CA,small,self_serve,512,2026-04-19
acct_00023,NY,small,self_serve,376,2026-04-04
acct_00024,CA,large,self_serve,590,2026-03-23
acct_00025,CA,small,self_serve,764,2026-02-13
acct_00026,CA,large,self_serve,695,2026-03-04
acct_00027,NJ,medium,sales_assisted,688,2026-01-24
acct_00028,FL,small,sales_assisted,890,2026-02-10
acct_00029,TX,large,sales_assisted,602,2026-03-17
acct_00030,CA,medium,self_serve,666,2026-03-21
acct_00031,CA,small,self_serve,308,2026-04-18
acct_00032,FL,small,self_serve,677,2026-02-23
acct_00033,CA,small,self_serve,856,2026-02-26
acct_00034,GA,small,self_serve,813,2026-03-04
acct_00035,NY,small,sales_assisted,624,2026-02-13
acct_00036,CA,medium,sales_assisted,686,2026-02-07
acct_00037,FL,small,self_serve,519,2026-03-04
acct_00038,MI,small,self_serve,633,2026-02-16
acct_00039,CA,small,self_serve,410,2026-03-16
acct_00040,FL,medium,self_serve,655,2026-03-02
acct_00041,GA,large,self_serve,666,2026-03-28
acct_00042,CA,small,self_serve,494,2026-03-18
acct_00043,OH,small,self_serve,694,2026-02-22
acct_00044,CA,medium,self_serve,538,2026-03-28
acct_00045,FL,large,sales_assisted,738,2026-03-26
acct_00046,NY,medium,self_serve,596,2026-02-27
acct_00047,TX,large,self_serve,625,2026-02-21
acct_00048,TX,large,self_serve,493,2026-03-16
acct_00049,TX,medium,self_serve,593,2026-02-08
acct_00050,CA,large,self_serve,819,2026-02-14
acct_00051,CA,small,sales_assisted,855,2026-01-11
acct_00052,CA,large,sales_assisted,596,2026-03-24
acct_00053,TX,large,self_serve,815,2026-03-15
acct_00054,CA,large,self_serve,811,2026-03-18
acct_00055,CA,medium,self_serve,341,2026-03-24
acct_00056,OH,medium,self_serve,769,2026-03-03
acct_00057,CA,small,self_serve,681,2026-03-09
acct_00058,CA,medium,sales_assisted,694,2026-02-08
acct_00059,CA,small,self_serve,825,2026-02-05
acct_00060,CA,medium,self_serve,361,2026-03-16
acct_00061,FL,medium,self_serve,887,2026-03-04
acct_00062,CA,small,self_serve,725,2026-03-09
acct_00063,CA,small,sales_assisted,466,2026-03-22
acct_00064,MI,small,self_serve,544,2026-03-13
acct_00065,NY,medium,self_serve,392,2026-03-09
acct_00066,FL,medium,self_serve,600,2026-03-09
acct_00067,OH,medium,sales_assisted,635,2026-02-22
acct_00068,OH,small,self_serve,641,2026-01-20
acct_00069,CA,large,self_serve,792,2026-03-02
acct_00070,TX,medium,self_serve,900,2026-02-15
acct_00071,TX,small,self_serve,679,2026-02-28
acct_00072,CA,small,sales_assisted,518,2026-03-30
acct_00073,CA,medium,self_serve,793,2026-02-17
acct_00074,CA,small,self_serve,809,2026-01-27
acct_00075,FL,small,self_serve,553,2026-02-20
acct_00076,NY,small,self_serve,614,2026-02-21
acct_00077,NY,small,self_serve,579,2026-03-15
acct_00078,CA,small,sales_assisted,685,2026-03-09
acct_00079,CA,small,self_serve,589,2026-03-24
acct_00080,CA,large,self_serve,655,2026-03-15
acct_00081,TX,medium,self_serve,455,2026-02-28
acct_00082,GA,medium,sales_assisted,679,2026-03-26
acct_00083,OH,medium,self_serve,752,2026-02-11
acct_00084,GA,medium,self_serve,900,2026-01-18
acct_00085,IL,small,self_serve,729,2026-02-02
acct_00086,MI,small,self_serve,656,2026-03-19
acct_00087,CA,small,sales_assisted,900,2026-03-03
acct_00088,CA,medium,self_serve,785,2026-02-10
acct_00089,CA,medium,self_serve,649,2026-03-06
acct_00090,CA,small,self_serve,611,2026-02-09
acct_00091,CA,medium,self_serve,845,2026-03-17
acct_00092,CA,large,self_serve,502,2026-03-02
acct_00093,NC,small,self_serve,752,2026-02-27
acct_00094,CA,medium,self_serve,640,2026-02-21
acct_00095,NC,medium,sales_assisted,603,2026-03-13
acct_00096,NY,medium,sales_assisted,482,2026-02-25
acct_00097,FL,medium,self_serve,900,2026-02-01
acct_00098,FL,medium,sales_assisted,734,2026-02-05
acct_00099,CA,small,sales_assisted,309,2026-04-17
acct_00100,FL,medium,self_serve,723,2026-04-06
acct_00101,CA,large,self_serve,536,2026-03-18
acct_00102,NC,small,self_serve,770,2026-02-19
acct_00103,CA,large,self_serve,610,2026-04-19
acct_00104,CA,small,self_serve,663,2026-03-23
acct_00105,FL,medium,self_serve,278,2026-03-19
acct_00106,FL,medium,sales_assisted,776,2026-03-03
acct_00107,CA,medium,self_serve,704,2026-02-19
acct_00108,TX,large,sales_assisted,734,2026-02-03
acct_00109,CA,small,self_serve,523,2026-04-05
acct_00110,FL,medium,self_serve,430,2026-03-03
acct_00111,CA,medium,sales_assisted,768,2026-02-14
acct_00112,CA,large,self_serve,503,2026-02-22
acct_00113,CA,medium,self_serve,601,2026-03-10
acct_00114,CA,large,self_serve,771,2026-02-12
acct_00115,CA,large,self_serve,721,2026-03-31
acct_00116,CA,small,self_serve,473,2026-03-22
acct_00117,CA,large,self_serve,825,2026-03-19
acct_00118,CA,large,self_serve,818,2026-03-02
acct_00119,TX,small,self_serve,567,2026-03-13
acct_00120,CA,medium,self_serve,477,2026-03-10
acct_00121,FL,small,self_serve,411,2026-03-14
acct_00122,NC,medium,self_serve,832,2026-02-01
acct_00123,CA,small,self_serve,569,2026-03-01
acct_00124,OH,medium,self_serve,900,2026-01-23
acct_00125,CA,medium,sales_assisted,562,2026-03-05
acct_00126,CA,medium,self_serve,568,2026-02-23
acct_00127,FL,small,self_serve,799,2026-02-08
acct_00128,NY,medium,self_serve,677,2026-02-04
acct_00129,PA,medium,sales_assisted,641,2026-03-11
acct_00130,CA,medium,self_serve,899,2026-02-11
acct_00131,NY,small,self_serve,541,2026-04-09
acct_00132,CA,small,self_serve,662,2026-03-10
acct_00133,CA,medium,self_serve,730,2026-02-24
acct_00134,CA,large,self_serve,386,2026-03-11
acct_00135,VA,small,self_serve,900,2026-01-18
acct_00136,CA,medium,self_serve,519,2026-04-16
acct_00137,PA,small,self_serve,801,2026-03-04
acct_00138,FL,medium,self_serve,678,2026-03-24
acct_00139,FL,small,sales_assisted,765,2026-01-31
acct_00140,FL,medium,self_serve,818,2026-03-05
acct_00141,IL,small,sales_assisted,620,2026-03-05
acct_00142,CA,small,sales_assisted,553,2026-04-11
acct_00143,CA,small,sales_assisted,597,2026-03-10
acct_00144,TX,small,sales_assisted,737,2026-03-04
acct_00145,CA,medium,self_serve,663,2026-02-19
acct_00146,CA,large,self_serve,900,2026-02-23
acct_00147,CA,medium,self_serve,900,2026-03-07
acct_00148,CA,large,self_serve,807,2026-03-02
acct_00149,CA,medium,self_serve,900,2026-01-17
acct_00150,CA,small,self_serve,341,2026-03-28
acct_00151,GA,small,self_serve,330,2026-04-04
acct_00152,CA,medium,sales_assisted,715,2026-02-08
acct_00153,NJ,small,self_serve,654,2026-03-09
acct_00154,MI,large,self_serve,750,2026-02-04
acct_00155,CA,medium,self_serve,373,2026-03-16
acct_00156,FL,medium,self_serve,888,2026-02-20
acct_00157,TX,medium,sales_assisted,900,2026-03-15
acct_00158,FL,small,self_serve,796,2026-03-20
acct_00159,CA,medium,self_serve,754,2026-03-23
acct_00160,CA,small,self_serve,813,2026-02-04
acct_00161,CA,small,self_serve,405,2026-04-07
acct_00162,TX,small,self_serve,742,2026-02-16
acct_00163,NJ,small,sales_assisted,900,2026-01-22
acct_00164,FL,medium,self_serve,595,2026-03-09
acct_00165,FL,small,self_serve,623,2026-02-26
acct_00166,NJ,small,self_serve,738,2026-03-28
acct_00167,FL,large,self_serve,756,2026-03-26
acct_00168,CA,large,sales_assisted,580,2026-02-22
acct_00169,OH,medium,sales_assisted,464,2026-04-14
acct_00170,CA,medium,self_serve,636,2026-02-21
acct_00171,CA,medium,self_serve,670,2026-03-06
acct_00172,TX,small,self_serve,889,2026-02-18
acct_00173,NC,medium,self_serve,395,2026-04-11
acct_00174,CA,small,self_serve,900,2026-02-11
acct_00175,CA,medium,sales_assisted,839,2026-01-24
acct_00176,CA,large,self_serve,900,2026-03-02
acct_00177,CA,medium,self_serve,495,2026-04-28
acct_00178,CA,large,sales_assisted,529,2026-04-04
acct_00179,FL,medium,sales_assisted,686,2026-03-21
acct_00180,IL,medium,self_serve,493,2026-04-04
acct_00181,CA,medium,self_serve,274,2026-04-04
acct_00182,CA,medium,self_serve,619,2026-03-07
acct_00183,CA,medium,sales_assisted,669,2026-02-22
acct_00184,CA,small,self_serve,353,2026-03-23
acct_00185,TX,medium,self_serve,613,2026-03-15
acct_00186,FL,small,self_serve,381,2026-02-26
acct_00187,FL,medium,self_serve,735,2026-02-02
acct_00188,CA,small,self_serve,636,2026-03-21
acct_00189,TX,medium,sales_assisted,734,2026-02-19
acct_00190,CA,small,self_serve,454,2026-04-11
acct_00191,CA,small,self_serve,715,2026-02-17
acct_00192,GA,medium,sales_assisted,654,2026-02-06
acct_00193,NY,small,self_serve,573,2026-03-28
acct_00194,GA,large,self_serve,768,2026-02-09
acct_00195,GA,medium,self_serve,612,2026-02-12
acct_00196,FL,small,self_serve,680,2026-03-11
acct_00197,GA,small,self_serve,591,2026-04-02
acct_00198,CA,large,self_serve,719,2026-02-13
acct_00199,CA,medium,self_serve,900,2026-02-22
acct_00200,CA,medium,self_serve,570,2026-03-23
acct_00201,CA,small,self_serve,438,2026-04-20
acct_00202,CA,medium,sales_assisted,596,2026-03-06
acct_00203,CA,large,self_serve,618,2026-02-08
acct_00204,FL,small,sales_assisted,900,2026-01-14
acct_00205,NY,small,self_serve,629,2026-02-16
acct_00206,TX,small,self_serve,682,2026-02-07
acct_00207,CA,small,self_serve,539,2026-03-16
acct_00208,FL,medium,self_serve,624,2026-02-06
acct_00209,CA,large,self_serve,397,2026-03-06
acct_00210,CA,large,self_serve,546,2026-03-17
acct_00211,CA,medium,self_serve,775,2026-03-10
acct_00212,CA,small,self_serve,769,2026-02-14
acct_00213,CA,large,self_serve,814,2026-03-26
acct_00214,NY,small,self_serve,720,2026-03-19
acct_00215,NY,small,self_serve,682,2026-03-20
acct_00216,FL,medium,self_serve,900,2026-02-07
acct_00217,CA,small,self_serve,757,2026-02-06
acct_00218,NY,large,self_serve,533,2026-04-09
acct_00219,FL,large,self_serve,682,2026-02-28
acct_00220,CA,medium,self_serve,900,2026-02-21
acct_00221,FL,medium,self_serve,664,2026-03-05
acct_00222,CA,small,self_serve,526,2026-03-15
acct_00223,CA,small,sales_assisted,588,2026-04-15
acct_00224,CA,medium,self_serve,593,2026-02-20
acct_00225,TX,medium,sales_assisted,604,2026-04-09
acct_00226,CA,large,self_serve,900,2026-01-18
acct_00227,CA,small,self_serve,619,2026-03-09
acct_00228,CA,small,self_serve,716,2026-03-13
acct_00229,NC,small,self_serve,556,2026-02-04
acct_00230,CA,medium,self_serve,788,2026-02-08
acct_00231,CA,medium,sales_assisted,610,2026-03-01
acct_00232,CA,large,self_serve,900,2026-04-18
acct_00233,OH,small,self_serve,663,2026-03-11
acct_00234,TX,medium,self_serve,430,2026-04-10
acct_00235,GA,small,self_serve,373,2026-03-26
acct_00236,CA,small,sales_assisted,863,2026-03-04
acct_00237,CA,small,self_serve,535,2026-03-24
acct_00238,TX,medium,self_serve,737,2026-01-16
acct_00239,CA,medium,sales_assisted,830,2026-02-04
acct_00240,NY,small,sales_assisted,669,2026-03-28
acct_00241,OH,medium,self_serve,679,2026-03-25
acct_00242,CA,large,self_serve,734,2026-02-16
acct_00243,MI,small,sales_assisted,679,2026-03-07
acct_00244,TX,small,self_serve,670,2026-03-12
acct_00245,CA,medium,self_serve,606,2026-04-01
acct_00246,CA,medium,self_serve,699,2026-03-12
acct_00247,CA,large,sales_assisted,848,2026-02-28
acct_00248,NY,small,sales_assisted,700,2026-02-26
acct_00249,CA,medium,self_serve,557,2026-03-01
acct_00250,CA,large,self_serve,602,2026-03-15
acct_00251,TX,small,self_serve,669,2026-04-01
acct_00252,CA,medium,self_serve,404,2026-03-03
acct_00253,CA,large,sales_assisted,456,2026-02-18
acct_00254,FL,small,self_serve,865,2026-02-17
acct_00255,CA,medium,self_serve,828,2026-03-21
acct_00256,CA,large,sales_assisted,386,2026-03-27
acct_00257,CA,small,self_serve,795,2026-02-04
acct_00258,CA,medium,sales_assisted,744,2026-01-29
acct_00259,CA,medium,self_serve,600,2026-03-11
acct_00260,NY,large,sales_assisted,805,2026-02-09
acct_00261,NC,large,self_serve,382,2026-03-27
acct_00262,CA,large,self_serve,541,2026-02-22
acct_00263,NC,small,self_serve,718,2026-02-08
acct_00264,TX,medium,self_serve,506,2026-04-08
acct_00265,FL,large,self_serve,583,2026-02-11
acct_00266,FL,medium,self_serve,834,2026-02-20
acct_00267,FL,medium,self_serve,697,2026-02-09
acct_00268,NY,small,sales_assisted,712,2026-02-05
acct_00269,CA,large,self_serve,894,2026-01-17
acct_00270,TX,small,self_serve,796,2026-01-26
acct_00271,CA,small,sales_assisted,873,2026-02-12
acct_00272,CA,large,self_serve,675,2026-01-26
acct_00273,FL,large,sales_assisted,430,2026-03-11
acct_00274,CA,large,self_serve,573,2026-03-16
acct_00275,CA,medium,self_serve,697,2026-02-27
acct_00276,CA,small,self_serve,517,2026-02-23
acct_00277,CA,medium,sales_assisted,451,2026-03-06
acct_00278,FL,small,self_serve,579,2026-04-02
acct_00279,TX,large,self_serve,450,2026-03-30
acct_00280,CA,medium,sales_assisted,606,2026-01-24
acct_00281,CA,medium,self_serve,892,2026-02-12
acct_00282,CA,small,sales_assisted,633,2026-02-17
acct_00283,CA,medium,sales_assisted,896,2026-02-18
acct_00284,FL,large,sales_assisted,648,2026-03-10
acct_00285,TX,medium,sales_assisted,724,2026-03-01
acct_00286,CA,small,sales_assisted,788,2026-01-25
acct_00287,CA,small,self_serve,293,2026-02-26
acct_00288,MI,small,sales_assisted,485,2026-03-07
acct_00289,NY,small,sales_assisted,765,2026-02-03
acct_00290,TX,large,self_serve,626,2026-03-28
acct_00291,CA,medium,self_serve,547,2026-01-26
acct_00292,CA,small,sales_assisted,515,2026-04-09
acct_00293,NC,medium,self_serve,615,2026-02-03
acct_00294,CA,small,self_serve,603,2026-03-29
acct_00295,CA,small,self_serve,537,2026-04-05
acct_00296,VA,medium,self_serve,583,2026-04-22
acct_00297,FL,small,sales_assisted,744,2026-03-25
acct_00298,CA,medium,self_serve,660,2026-03-23
acct_00299,CA,large,self_serve,757,2026-03-14
acct_00300,CA,large,sales_assisted,539,2026-03-23
acct_00301,TX,small,self_serve,900,2026-02-07
acct_00302,CA,medium,sales_assisted,469,2026-03-08
acct_00303,GA,small,self_serve,580,2026-03-06
acct_00304,NC,medium,sales_assisted,695,2026-03-31
acct_00305,TX,small,sales_assisted,784,2026-03-03
acct_00306,TX,medium,self_serve,761,2026-02-27
acct_00307,CA,small,self_serve,729,2026-03-14
acct_00308,CA,large,self_serve,407,2026-02-19
acct_00309,FL,large,self_serve,900,2026-02-08
acct_00310,CA,small,sales_assisted,637,2026-03-04
acct_00311,CA,medium,self_serve,866,2026-03-01
acct_00312,CA,small,self_serve,426,2026-02-16
acct_00313,CA,medium,self_serve,730,2026-02-26
acct_00314,CA,small,self_serve,607,2026-02-26
acct_00315,FL,small,sales_assisted,789,2026-02-23
acct_00316,NY,medium,self_serve,739,2026-02-26
acct_00317,TX,medium,self_serve,670,2026-03-17
acct_00318,IL,medium,self_serve,553,2026-02-21
acct_00319,CA,medium,sales_assisted,495,2026-04-14
acct_00320,IL,small,self_serve,504,2026-04-07
acct_00321,TX,small,self_serve,742,2026-03-04
acct_00322,CA,medium,self_serve,852,2026-02-23
acct_00323,NC,medium,self_serve,674,2026-03-08
acct_00324,CA,small,sales_assisted,372,2026-03-30
acct_00325,CA,small,self_serve,640,2026-03-15
acct_00326,CA,medium,self_serve,900,2026-03-26
acct_00327,CA,medium,sales_assisted,900,2026-03-07
acct_00328,CA,large,self_serve,185,2026-03-13
acct_00329,TX,medium,self_serve,721,2026-02-21
acct_00330,OH,medium,self_serve,743,2026-03-20
acct_00331,CA,medium,self_serve,712,2026-02-14
acct_00332,TX,small,sales_assisted,546,2026-03-17
acct_00333,CA,small,sales_assisted,519,2026-03-31
acct_00334,PA,small,sales_assisted,850,2026-02-07
acct_00335,CA,large,sales_assisted,463,2026-03-12
acct_00336,CA,small,self_serve,900,2026-02-02
acct_00337,TX,medium,self_serve,599,2026-03-19
acct_00338,FL,medium,self_serve,651,2026-02-01
acct_00339,NY,small,sales_assisted,684,2026-04-11
acct_00340,TX,large,sales_assisted,532,2026-02-08
acct_00341,NY,medium,self_serve,412,2026-04-16
acct_00342,CA,small,self_serve,498,2026-03-25
acct_00343,CA,medium,sales_assisted,900,2026-03-11
acct_00344,CA,medium,sales_assisted,485,2026-03-24
acct_00345,CA,small,sales_assisted,260,2026-03-25
acct_00346,CA,medium,self_serve,420,2026-04-13
acct_00347,TX,medium,self_serve,792,2026-02-18
acct_00348,CA,small,self_serve,757,2026-03-11
acct_00349,TX,large,self_serve,900,2026-02-02
acct_00350,CA,medium,sales_assisted,847,2026-03-12
acct_00351,FL,medium,self_serve,780,2026-02-11
acct_00352,FL,small,self_serve,514,2026-03-09
acct_00353,CA,small,self_serve,887,2026-03-10
acct_00354,CA,medium,self_serve,612,2026-03-04
acct_00355,TX,medium,self_serve,557,2026-03-07
acct_00356,TX,medium,self_serve,533,2026-03-22
acct_00357,CA,medium,sales_assisted,396,2026-03-25
acct_00358,CA,small,self_serve,594,2026-03-05
acct_00359,FL,medium,self_serve,605,2026-03-11
acct_00360,FL,large,self_serve,629,2026-04-10
acct_00361,CA,medium,self_serve,713,2026-02-06
acct_00362,CA,medium,sales_assisted,585,2026-02-05
acct_00363,OH,large,sales_assisted,551,2026-02-01
acct_00364,CA,small,self_serve,655,2026-03-15
acct_00365,IL,medium,sales_assisted,690,2026-03-01
acct_00366,CA,large,sales_assisted,508,2026-03-23
acct_00367,TX,medium,self_serve,549,2026-03-16
acct_00368,CA,small,self_serve,758,2026-02-24
acct_00369,CA,large,self_serve,748,2026-04-05
acct_00370,GA,small,sales_assisted,478,2026-03-22
acct_00371,CA,small,self_serve,733,2026-02-19
acct_00372,NC,small,self_serve,839,2026-02-25
acct_00373,CA,medium,sales_assisted,591,2026-02-22
acct_00374,OH,medium,sales_assisted,753,2026-02-10
acct_00375,GA,medium,self_serve,754,2026-02-09
acct_00376,TX,large,sales_assisted,319,2026-04-11
acct_00377,CA,medium,self_serve,701,2026-03-02
acct_00378,FL,medium,sales_assisted,692,2026-02-27
acct_00379,TX,large,self_serve,687,2026-03-20
acct_00380,NC,large,self_serve,469,2026-03-09
acct_00381,CA,small,sales_assisted,517,2026-04-11
acct_00382,CA,small,self_serve,795,2026-03-24
acct_00383,CA,medium,self_serve,900,2026-03-04
acct_00384,FL,large,self_serve,884,2026-02-26
acct_00385,MI,medium,self_serve,283,2026-04-25
acct_00386,CA,small,self_serve,675,2026-03-19
acct_00387,FL,medium,self_serve,431,2026-04-14
acct_00388,GA,medium,sales_assisted,818,2026-02-05
acct_00389,CA,medium,sales_assisted,448,2026-03-30
acct_00390,CA,large,self_serve,370,2026-03-14
acct_00391,FL,medium,self_serve,720,2026-02-06
acct_00392,FL,medium,sales_assisted,748,2026-03-11
acct_00393,CA,medium,self_serve,659,2026-03-17
acct_00394,PA,medium,self_serve,900,2026-01-13
acct_00395,TX,medium,self_serve,704,2026-03-03
acct_00396,OH,medium,self_serve,636,2026-03-27
acct_00397,OH,medium,self_serve,791,2026-02-21
acct_00398,NY,medium,sales_assisted,630,2026-03-03
acct_00399,TX,medium,sales_assisted,688,2026-03-02
acct_00400,CA,small,self_serve,900,2026-02-21
acct_00401,TX,medium,self_serve,549,2026-04-08
acct_00402,CA,medium,self_serve,594,2026-03-24
acct_00403,FL,small,self_serve,795,2026-02-04
acct_00404,CA,small,sales_assisted,403,2026-05-01
acct_00405,TX,small,self_serve,486,2026-04-02
acct_00406,CA,large,sales_assisted,747,2026-02-20
acct_00407,CA,large,self_serve,492,2026-03-29
acct_00408,CA,medium,self_serve,758,2026-02-04
acct_00409,TX,medium,self_serve,313,2026-05-02
acct_00410,NY,medium,self_serve,640,2026-03-15
acct_00411,CA,medium,sales_assisted,715,2026-03-14
acct_00412,IL,large,self_serve,756,2026-02-02
acct_00413,IL,small,self_serve,238,2026-04-05
acct_00414,CA,small,self_serve,900,2026-01-20
acct_00415,FL,medium,self_serve,746,2026-02-17
acct_00416,CA,small,sales_assisted,615,2026-02-08
acct_00417,CA,medium,self_serve,707,2026-03-23
acct_00418,TX,medium,self_serve,530,2026-02-14
acct_00419,CA,small,self_serve,688,2026-04-07
acct_00420,OH,medium,self_serve,615,2026-03-15
acct_00421,GA,medium,self_serve,491,2026-01-22
acct_00422,PA,large,self_serve,900,2026-01-10
acct_00423,TX,medium,self_serve,755,2026-01-26
acct_00424,TX,small,self_serve,552,2026-03-12
acct_00425,NJ,medium,self_serve,473,2026-03-25
acct_00426,CA,medium,sales_assisted,708,2026-02-17
acct_00427,CA,medium,self_serve,491,2026-03-30
acct_00428,TX,medium,self_serve,533,2026-01-27
acct_00429,CA,small,self_serve,774,2026-03-25
acct_00430,CA,medium,self_serve,487,2026-04-09
acct_00431,CA,medium,sales_assisted,482,2026-03-23
acct_00432,TX,small,self_serve,442,2026-03-18
acct_00433,CA,medium,self_serve,683,2026-03-29
acct_00434,CA,large,sales_assisted,633,2026-01-23
acct_00435,CA,medium,sales_assisted,760,2026-02-14
acct_00436,CA,small,sales_assisted,684,2026-02-06
acct_00437,OH,medium,self_serve,581,2026-03-06
acct_00438,CA,small,self_serve,434,2026-03-21
acct_00439,FL,medium,self_serve,538,2026-03-13
acct_00440,NY,medium,self_serve,565,2026-03-30
acct_00441,CA,small,self_serve,791,2026-02-10
acct_00442,PA,small,sales_assisted,486,2026-03-20
acct_00443,FL,large,self_serve,730,2026-02-13
acct_00444,TX,small,self_serve,853,2026-02-19
acct_00445,CA,large,self_serve,362,2026-03-18
acct_00446,CA,medium,self_serve,467,2026-04-23
acct_00447,VA,medium,self_serve,493,2026-03-12
acct_00448,NY,small,sales_assisted,658,2026-01-26
acct_00449,NC,small,self_serve,675,2026-03-12
acct_00450,OH,small,sales_assisted,746,2026-01-23
acct_00451,CA,medium,self_serve,365,2026-04-03
acct_00452,NY,large,sales_assisted,810,2026-03-18
acct_00453,CA,large,self_serve,890,2026-02-11
acct_00454,NY,small,sales_assisted,498,2026-02-02
acct_00455,CA,small,sales_assisted,526,2026-02-12
acct_00456,CA,small,self_serve,561,2026-04-22
acct_00457,FL,large,self_serve,629,2026-03-03
acct_00458,NY,small,sales_assisted,813,2026-03-24
acct_00459,TX,small,self_serve,720,2026-03-14
acct_00460,CA,medium,sales_assisted,688,2026-03-10
acct_00461,CA,medium,sales_assisted,606,2026-02-09
acct_00462,MI,small,sales_assisted,581,2026-04-13
acct_00463,CA,medium,self_serve,520,2026-02-21
acct_00464,CA,small,self_serve,839,2026-03-10
acct_00465,TX,small,sales_assisted,675,2026-03-18
acct_00466,CA,small,self_serve,504,2026-03-14
acct_00467,TX,small,self_serve,632,2026-04-12
acct_00468,CA,large,self_serve,900,2026-02-09
acct_00469,PA,medium,sales_assisted,627,2026-03-06
acct_00470,OH,medium,self_serve,766,2026-02-28
acct_00471,GA,small,self_serve,603,2026-03-04
acct_00472,TX,medium,self_serve,784,2026-02-06
acct_00473,CA,large,sales_assisted,541,2026-02-07
acct_00474,FL,small,self_serve,715,2026-02-20
acct_00475,PA,large,sales_assisted,714,2026-02-22
acct_00476,TX,medium,sales_assisted,900,2026-03-01
acct_00477,FL,medium,sales_assisted,366,2026-03-12
acct_00478,FL,small,sales_assisted,589,2026-03-13
acct_00479,FL,medium,self_serve,877,2026-02-28
acct_00480,FL,medium,self_serve,647,2026-02-28
acct_00481,CA,large,self_serve,710,2026-02-15
acct_00482,TX,large,sales_assisted,515,2026-03-11
acct_00483,TX,small,self_serve,568,2026-02-22
acct_00484,CA,large,self_serve,558,2026-01-22
acct_00485,IL,large,sales_assisted,585,2026-03-01
acct_00486,TX,medium,self_serve,519,2026-03-04
acct_00487,CA,small,sales_assisted,749,2026-02-16
acct_00488,NY,small,self_serve,525,2026-03-10
acct_00489,FL,small,self_serve,576,2026-03-09
acct_00490,NY,small,self_serve,544,2026-03-18
acct_00491,CA,large,self_serve,620,2026-03-14
acct_00492,IL,small,self_serve,544,2026-03-15
acct_00493,CA,medium,sales_assisted,548,2026-02-22
acct_00494,TX,medium,self_serve,600,2026-03-24
acct_00495,CA,medium,self_serve,812,2026-03-08
acct_00496,FL,small,sales_assisted,695,2026-03-02
acct_00497,FL,medium,sales_assisted,540,2026-03-13
acct_00498,TX,medium,self_serve,677,2026-02-25
acct_00499,TX,medium,sales_assisted,352,2026-03-06
acct_00500,NY,small,self_serve,583,2026-03-20
acct_00501,FL,medium,self_serve,487,2026-04-03
acct_00502,CA,small,self_serve,387,2026-04-08
acct_00503,NC,medium,sales_assisted,547,2026-03-06
acct_00504,FL,medium,self_serve,594,2026-03-07
acct_00505,NJ,small,self_serve,732,2026-03-25
acct_00506,MI,large,sales_assisted,871,2026-02-22
acct_00507,GA,small,self_serve,428,2026-03-29
acct_00508,NY,large,self_serve,586,2026-03-05
acct_00509,TX,large,sales_assisted,702,2026-02-05
acct_00510,CA,small,self_serve,900,2026-01-30
acct_00511,TX,small,self_serve,589,2026-03-29
acct_00512,NY,small,self_serve,829,2026-01-26
acct_00513,TX,large,sales_assisted,796,2026-02-20
acct_00514,OH,medium,self_serve,610,2026-02-24
acct_00515,CA,small,self_serve,900,2026-02-11
acct_00516,CA,medium,self_serve,707,2026-02-22
acct_00517,TX,small,self_serve,471,2026-03-21
acct_00518,CA,medium,sales_assisted,829,2026-01-14
acct_00519,CA,medium,self_serve,756,2026-03-28
acct_00520,CA,small,self_serve,496,2026-03-31
acct_00521,PA,large,self_serve,834,2026-02-26
acct_00522,CA,small,self_serve,666,2026-02-09
acct_00523,CA,medium,self_serve,525,2026-03-11
acct_00524,CA,medium,sales_assisted,870,2026-02-06
acct_00525,CA,large,sales_assisted,560,2026-02-26
acct_00526,CA,medium,self_serve,619,2026-04-16
acct_00527,FL,large,self_serve,492,2026-04-30
acct_00528,NY,small,self_serve,460,2026-03-23
acct_00529,CA,large,self_serve,697,2026-02-22
acct_00530,TX,small,self_serve,533,2026-03-17
acct_00531,CA,medium,self_serve,664,2026-03-18
acct_00532,CA,small,sales_assisted,900,2026-02-27
acct_00533,OH,large,sales_assisted,572,2026-03-14
acct_00534,TX,large,self_serve,900,2026-01-13
acct_00535,OH,medium,sales_assisted,739,2026-02-15
acct_00536,CA,medium,self_serve,659,2026-03-07
acct_00537,CA,medium,self_serve,731,2026-02-10
acct_00538,CA,small,sales_assisted,623,2026-02-11
acct_00539,CA,medium,self_serve,618,2026-03-29
acct_00540,VA,medium,self_serve,412,2026-04-26
acct_00541,CA,medium,sales_assisted,512,2026-03-09
acct_00542,IL,small,self_serve,720,2026-03-29
acct_00543,IL,large,sales_assisted,466,2026-04-27
acct_00544,TX,small,self_serve,729,2026-02-08
acct_00545,CA,medium,sales_assisted,873,2026-03-03
acct_00546,TX,small,self_serve,412,2026-02-27
acct_00547,CA,small,self_serve,900,2026-01-31
acct_00548,NY,small,self_serve,463,2026-03-22
acct_00549,TX,small,sales_assisted,707,2026-03-02
acct_00550,GA,medium,self_serve,579,2026-03-04
acct_00551,TX,medium,sales_assisted,621,2026-02-09
acct_00552,TX,medium,self_serve,900,2026-02-12
acct_00553,FL,medium,self_serve,814,2026-04-06
acct_00554,TX,small,self_serve,790,2026-01-24
acct_00555,OH,small,self_serve,782,2026-02-16
acct_00556,CA,medium,sales_assisted,720,2026-02-21
acct_00557,MI,medium,self_serve,900,2026-03-05
acct_00558,NY,medium,self_serve,323,2026-03-11
acct_00559,IL,small,self_serve,720,2026-03-05
acct_00560,CA,large,self_serve,682,2026-02-01
acct_00561,PA,small,self_serve,374,2026-02-17
acct_00562,CA,medium,sales_assisted,513,2026-03-29
acct_00563,NY,small,self_serve,900,2026-03-14
acct_00564,CA,medium,self_serve,529,2026-03-14
acct_00565,CA,medium,self_serve,738,2026-03-16
acct_00566,CA,medium,self_serve,775,2026-03-22
acct_00567,CA,small,self_serve,810,2026-01-27
acct_00568,CA,medium,self_serve,710,2026-02-26
acct_00569,NY,small,self_serve,394,2026-03-08
acct_00570,CA,medium,sales_assisted,592,2026-02-24
acct_00571,FL,small,sales_assisted,704,2026-03-29
acct_00572,CA,small,sales_assisted,677,2026-03-04
acct_00573,NY,medium,sales_assisted,647,2026-03-23
acct_00574,NY,small,self_serve,583,2026-03-30
acct_00575,CA,small,sales_assisted,900,2026-03-06
acct_00576,FL,large,self_serve,471,2026-04-06
acct_00577,GA,large,self_serve,880,2026-03-11
acct_00578,NY,large,self_serve,584,2026-03-30
acct_00579,CA,small,self_serve,900,2026-02-24
acct_00580,CA,medium,sales_assisted,480,2026-03-05
acct_00581,NY,medium,sales_assisted,683,2026-03-07
acct_00582,CA,small,self_serve,720,2026-02-04
acct_00583,NY,medium,self_serve,704,2026-02-28
acct_00584,CA,small,self_serve,711,2026-04-08
acct_00585,NY,large,self_serve,688,2026-03-13
acct_00586,CA,medium,sales_assisted,900,2026-02-12
acct_00587,CA,medium,sales_assisted,599,2026-02-24
acct_00588,VA,medium,self_serve,620,2026-02-13
acct_00589,OH,small,self_serve,850,2026-01-18
acct_00590,OH,small,self_serve,518,2026-04-09
acct_00591,NC,medium,self_serve,644,2026-03-03
acct_00592,CA,medium,self_serve,564,2026-02-22
acct_00593,CA,medium,self_serve,819,2026-03-11
acct_00594,CA,small,self_serve,821,2026-01-11
acct_00595,TX,medium,self_serve,900,2026-02-20
acct_00596,CA,small,self_serve,613,2026-03-18
acct_00597,NC,small,sales_assisted,729,2026-03-13
acct_00598,CA,large,self_serve,551,2026-04-23
acct_00599,CA,medium,sales_assisted,508,2026-03-13
acct_00600,CA,medium,self_serve,723,2026-03-04
acct_00601,CA,large,self_serve,885,2026-03-22
acct_00602,CA,small,self_serve,577,2026-04-05
acct_00603,FL,large,sales_assisted,743,2026-03-19
acct_00604,CA,medium,self_serve,595,2026-04-17
acct_00605,TX,medium,self_serve,634,2026-03-24
acct_00606,OH,small,self_serve,583,2026-04-01
acct_00607,TX,small,sales_assisted,858,2026-02-05
acct_00608,FL,medium,self_serve,718,2026-03-20
acct_00609,CA,small,self_serve,473,2026-03-02
acct_00610,CA,small,sales_assisted,685,2026-03-09
acct_00611,CA,medium,self_serve,596,2026-03-15
acct_00612,MI,medium,self_serve,425,2026-04-19
acct_00613,TX,small,sales_assisted,658,2026-04-24
acct_00614,CA,medium,self_serve,602,2026-02-21
acct_00615,CA,large,self_serve,394,2026-03-20
acct_00616,PA,medium,self_serve,719,2026-03-21
acct_00617,FL,medium,self_serve,486,2026-02-24
acct_00618,TX,medium,sales_assisted,482,2026-02-06
acct_00619,OH,small,self_serve,900,2026-01-23
acct_00620,FL,small,self_serve,615,2026-03-23
acct_00621,FL,large,self_serve,734,2026-03-05
acct_00622,CA,medium,self_serve,393,2026-04-25
acct_00623,CA,medium,self_serve,464,2026-03-03
acct_00624,MI,large,self_serve,294,2026-04-22
acct_00625,TX,small,sales_assisted,643,2026-02-28
acct_00626,CA,small,self_serve,393,2026-03-25
acct_00627,TX,medium,sales_assisted,838,2026-02-01
acct_00628,CA,small,self_serve,578,2026-03-09
acct_00629,PA,medium,self_serve,611,2026-03-25
acct_00630,CA,large,sales_assisted,547,2026-04-09
acct_00631,NY,medium,sales_assisted,634,2026-03-27
acct_00632,TX,small,self_serve,900,2026-01-22
acct_00633,CA,medium,self_serve,640,2026-02-26
acct_00634,CA,small,sales_assisted,847,2026-01-25
acct_00635,NY,large,self_serve,815,2026-02-04
acct_00636,CA,small,self_serve,255,2026-03-16
acct_00637,CA,large,self_serve,704,2026-03-19
acct_00638,NY,medium,self_serve,614,2026-03-23
acct_00639,CA,medium,self_serve,640,2026-04-01
acct_00640,CA,medium,self_serve,410,2026-03-20
acct_00641,CA,small,sales_assisted,536,2026-03-25
acct_00642,IL,medium,self_serve,656,2026-01-25
acct_00643,CA,large,self_serve,839,2026-02-17
acct_00644,CA,large,sales_assisted,421,2026-03-13
acct_00645,CA,small,self_serve,420,2026-03-31
acct_00646,CA,medium,self_serve,900,2026-01-09
acct_00647,CA,large,self_serve,565,2026-03-06
acct_00648,CA,large,self_serve,480,2026-03-16
acct_00649,CA,medium,self_serve,900,2026-01-20
acct_00650,CA,small,sales_assisted,826,2026-02-28
acct_00651,OH,large,sales_assisted,652,2026-04-04
acct_00652,CA,small,self_serve,747,2026-03-16
acct_00653,CA,small,self_serve,693,2026-02-17
acct_00654,OH,medium,sales_assisted,533,2026-03-30
acct_00655,OH,small,self_serve,602,2026-02-24
acct_00656,FL,large,sales_assisted,589,2026-03-30
acct_00657,CA,small,self_serve,632,2026-02-21
acct_00658,CA,medium,sales_assisted,575,2026-03-11
acct_00659,CA,large,sales_assisted,777,2026-02-27
acct_00660,CA,large,self_serve,893,2026-02-20
acct_00661,CA,large,self_serve,607,2026-04-03
acct_00662,TX,large,sales_assisted,900,2026-02-13
acct_00663,CA,small,self_serve,686,2026-02-01
acct_00664,TX,large,self_serve,424,2026-02-24
acct_00665,CA,large,self_serve,715,2026-03-19
acct_00666,CA,medium,self_serve,464,2026-03-26
acct_00667,NY,medium,self_serve,390,2026-05-02
acct_00668,OH,small,self_serve,446,2026-02-21
acct_00669,CA,medium,self_serve,549,2026-02-28
acct_00670,TX,medium,sales_assisted,538,2026-02-08
acct_00671,CA,medium,self_serve,578,2026-03-10
acct_00672,CA,medium,self_serve,376,2026-05-01
acct_00673,FL,medium,self_serve,625,2026-03-18
acct_00674,CA,small,sales_assisted,825,2026-03-11
acct_00675,CA,large,self_serve,789,2026-02-27
acct_00676,CA,small,sales_assisted,288,2026-04-07
acct_00677,CA,small,self_serve,755,2026-03-05
acct_00678,CA,small,self_serve,784,2026-02-07
acct_00679,CA,large,sales_assisted,677,2026-02-26
acct_00680,NC,large,sales_assisted,800,2026-01-29
acct_00681,TX,small,self_serve,770,2026-02-14
acct_00682,CA,small,self_serve,752,2026-01-16
acct_00683,CA,medium,self_serve,644,2026-03-03
acct_00684,TX,small,self_serve,809,2026-03-13
acct_00685,CA,medium,sales_assisted,594,2026-02-24
acct_00686,TX,small,sales_assisted,525,2026-03-01
acct_00687,NY,medium,self_serve,486,2026-04-16
acct_00688,CA,small,self_serve,430,2026-03-21
acct_00689,CA,medium,self_serve,393,2026-03-08
acct_00690,CA,medium,self_serve,664,2026-02-20
acct_00691,CA,small,sales_assisted,757,2026-04-05
acct_00692,CA,small,self_serve,722,2026-02-17
acct_00693,OH,small,self_serve,730,2026-02-23
acct_00694,CA,small,self_serve,216,2026-04-06
acct_00695,TX,large,sales_assisted,721,2026-03-07
acct_00696,FL,small,self_serve,614,2026-03-21
acct_00697,CA,small,self_serve,540,2026-03-11
acct_00698,CA,small,self_serve,651,2026-03-15
acct_00699,CA,medium,self_serve,737,2026-02-21
acct_00700,FL,large,self_serve,569,2026-02-17
acct_00701,CA,medium,self_serve,753,2026-02-23
acct_00702,FL,medium,self_serve,900,2026-02-10
acct_00703,OH,large,self_serve,517,2026-04-02
acct_00704,NY,medium,sales_assisted,585,2026-02-20
acct_00705,VA,large,self_serve,621,2026-03-09
acct_00706,NY,medium,self_serve,712,2026-03-25
acct_00707,IL,small,self_serve,404,2026-03-24
acct_00708,PA,medium,sales_assisted,762,2026-03-02
acct_00709,FL,small,sales_assisted,566,2026-03-04
acct_00710,NY,small,sales_assisted,480,2026-04-29
acct_00711,GA,large,self_serve,535,2026-03-16
acct_00712,CA,small,self_serve,494,2026-03-26
acct_00713,FL,medium,self_serve,768,2026-04-05
acct_00714,TX,large,self_serve,376,2026-03-24
acct_00715,IL,medium,self_serve,820,2026-02-12
acct_00716,CA,small,self_serve,900,2026-03-09
acct_00717,NY,medium,self_serve,886,2026-02-03
acct_00718,NY,large,self_serve,424,2026-03-15
acct_00719,NC,small,self_serve,307,2026-04-15
acct_00720,CA,small,self_serve,547,2026-03-06
acct_00721,FL,medium,sales_assisted,699,2026-03-02
acct_00722,NY,large,self_serve,865,2026-01-22
acct_00723,NC,small,sales_assisted,305,2026-04-16
acct_00724,OH,small,self_serve,653,2026-02-03
acct_00725,TX,large,sales_assisted,706,2026-01-23
acct_00726,TX,small,sales_assisted,696,2026-02-18
acct_00727,CA,small,self_serve,900,2026-01-28
acct_00728,MI,medium,sales_assisted,532,2026-03-03
acct_00729,CA,small,self_serve,513,2026-03-06
acct_00730,FL,small,self_serve,538,2026-02-22
acct_00731,NY,medium,sales_assisted,900,2026-01-25
acct_00732,CA,medium,self_serve,769,2026-02-05
acct_00733,CA,medium,self_serve,553,2026-02-27
acct_00734,CA,small,self_serve,757,2026-01-27
acct_00735,IL,medium,self_serve,493,2026-03-18
acct_00736,TX,medium,self_serve,784,2026-02-14
acct_00737,CA,large,self_serve,900,2026-02-21
acct_00738,FL,medium,self_serve,770,2026-02-27
acct_00739,CA,medium,self_serve,666,2026-03-01
acct_00740,OH,large,self_serve,792,2026-01-07
acct_00741,CA,large,self_serve,574,2026-02-05
acct_00742,CA,small,self_serve,670,2026-03-31
acct_00743,CA,large,self_serve,900,2026-01-07
acct_00744,TX,large,self_serve,590,2026-03-06
acct_00745,CA,small,sales_assisted,846,2026-03-05
acct_00746,FL,small,sales_assisted,703,2026-02-24
acct_00747,CA,medium,self_serve,792,2026-03-02
acct_00748,CA,medium,self_serve,632,2026-03-24
acct_00749,CA,medium,sales_assisted,541,2026-03-29
acct_00750,CA,medium,sales_assisted,576,2026-02-19
acct_00751,GA,small,self_serve,682,2026-02-23
acct_00752,CA,small,self_serve,854,2026-02-17
acct_00753,NJ,large,self_serve,591,2026-03-04
acct_00754,CA,small,self_serve,681,2026-03-17
acct_00755,CA,medium,sales_assisted,569,2026-02-16
acct_00756,CA,small,self_serve,821,2026-02-23
acct_00757,CA,medium,self_serve,566,2026-04-10
acct_00758,NY,medium,self_serve,639,2026-01-25
acct_00759,TX,small,sales_assisted,638,2026-03-03
acct_00760,CA,medium,self_serve,751,2026-03-18
acct_00761,FL,medium,sales_assisted,571,2026-02-09
acct_00762,TX,small,self_serve,659,2026-01-25
acct_00763,NC,small,self_serve,753,2026-02-08
acct_00764,NC,medium,self_serve,847,2026-04-08
acct_00765,FL,medium,self_serve,771,2026-01-12
acct_00766,NY,medium,sales_assisted,818,2026-02-13
acct_00767,NY,medium,self_serve,879,2026-01-20
acct_00768,CA,small,self_serve,691,2026-02-04
acct_00769,FL,small,self_serve,656,2026-03-13
acct_00770,CA,medium,self_serve,660,2026-02-17
acct_00771,NY,medium,self_serve,590,2026-03-10
acct_00772,NC,large,sales_assisted,390,2026-03-11
acct_00773,CA,small,self_serve,560,2026-03-30
acct_00774,PA,medium,self_serve,900,2026-01-09
acct_00775,GA,medium,self_serve,572,2026-03-30
acct_00776,CA,small,self_serve,799,2026-03-12
acct_00777,TX,medium,self_serve,843,2026-02-10
acct_00778,GA,medium,self_serve,583,2026-03-23
acct_00779,NC,small,self_serve,465,2026-03-31
acct_00780,CA,small,sales_assisted,651,2026-02-18
acct_00781,CA,small,sales_assisted,307,2026-04-08
acct_00782,FL,large,sales_assisted,631,2026-03-03
acct_00783,CA,small,self_serve,657,2026-03-12
acct_00784,CA,small,self_serve,721,2026-04-24
acct_00785,CA,small,sales_assisted,775,2026-02-25
acct_00786,CA,small,self_serve,450,2026-03-26
acct_00787,TX,small,self_serve,488,2026-02-23
acct_00788,FL,medium,self_serve,553,2026-03-25
acct_00789,FL,small,sales_assisted,761,2026-03-11
acct_00790,NY,small,self_serve,702,2026-02-15
acct_00791,CA,small,self_serve,761,2026-03-01
acct_00792,CA,medium,self_serve,676,2026-02-23
acct_00793,CA,small,self_serve,900,2026-01-31
acct_00794,CA,medium,self_serve,600,2026-01-20
acct_00795,CA,medium,self_serve,900,2026-02-24
acct_00796,CA,medium,self_serve,689,2026-01-16
acct_00797,CA,small,sales_assisted,871,2026-02-11
acct_00798,CA,large,sales_assisted,567,2026-03-19
acct_00799,FL,medium,self_serve,594,2026-03-18
acct_00800,TX,small,sales_assisted,567,2026-03-20
acct_00801,NC,medium,self_serve,742,2026-02-23
acct_00802,NY,medium,sales_assisted,612,2026-04-04
acct_00803,TX,small,self_serve,798,2026-03-11
acct_00804,CA,small,self_serve,900,2026-02-06
acct_00805,TX,medium,self_serve,813,2026-02-08
acct_00806,CA,small,self_serve,873,2026-03-17
acct_00807,CA,large,self_serve,765,2026-02-11
acct_00808,CA,small,self_serve,821,2026-03-06
acct_00809,CA,small,self_serve,512,2026-04-28
acct_00810,CA,small,self_serve,801,2026-01-09
acct_00811,FL,small,self_serve,887,2026-01-15
acct_00812,PA,large,sales_assisted,523,2026-04-28
acct_00813,NY,large,self_serve,639,2026-03-10
acct_00814,TX,large,sales_assisted,833,2026-02-06
acct_00815,TX,medium,self_serve,669,2026-04-05
acct_00816,CA,medium,self_serve,548,2026-04-02
acct_00817,FL,small,self_serve,210,2026-03-08
acct_00818,TX,small,self_serve,883,2026-03-13
acct_00819,CA,large,self_serve,671,2026-02-20
acct_00820,CA,medium,sales_assisted,696,2026-01-25
acct_00821,NC,medium,self_serve,471,2026-03-11
acct_00822,TX,medium,sales_assisted,661,2026-02-21
acct_00823,CA,medium,self_serve,539,2026-03-15
acct_00824,TX,small,self_serve,457,2026-03-29
acct_00825,CA,medium,self_serve,753,2026-01-16
acct_00826,CA,medium,sales_assisted,719,2026-03-11
acct_00827,CA,large,self_serve,900,2026-02-16
acct_00828,CA,small,self_serve,675,2026-04-02
acct_00829,FL,small,self_serve,892,2026-02-18
acct_00830,CA,medium,self_serve,579,2026-03-12
acct_00831,NY,large,sales_assisted,663,2026-03-09
acct_00832,CA,large,sales_assisted,751,2026-02-27
acct_00833,FL,medium,sales_assisted,521,2026-03-16
acct_00834,FL,small,sales_assisted,544,2026-03-19
acct_00835,FL,small,sales_assisted,776,2026-03-09
acct_00836,TX,medium,self_serve,759,2026-03-22
acct_00837,NC,small,self_serve,474,2026-04-24
acct_00838,TX,medium,self_serve,500,2026-03-01
acct_00839,FL,large,self_serve,615,2026-03-06
acct_00840,FL,small,self_serve,651,2026-01-13
acct_00841,CA,small,self_serve,595,2026-03-25
acct_00842,CA,small,sales_assisted,694,2026-03-07
acct_00843,CA,small,sales_assisted,643,2026-02-28
acct_00844,CA,medium,self_serve,824,2026-02-02
acct_00845,CA,small,sales_assisted,606,2026-04-04
acct_00846,CA,small,self_serve,726,2026-02-27
acct_00847,TX,small,self_serve,439,2026-03-16
acct_00848,CA,small,self_serve,722,2026-02-09
acct_00849,NY,medium,self_serve,553,2026-04-17
acct_00850,CA,medium,self_serve,900,2026-02-12
acct_00851,FL,medium,self_serve,699,2026-02-14
acct_00852,CA,medium,self_serve,642,2026-03-31
acct_00853,CA,small,self_serve,663,2026-04-07
acct_00854,CA,medium,sales_assisted,706,2026-02-15
acct_00855,FL,small,self_serve,840,2026-03-04
acct_00856,CA,large,self_serve,784,2026-03-20
acct_00857,NC,small,self_serve,759,2026-04-02
acct_00858,CA,medium,self_serve,760,2026-02-26
acct_00859,TX,small,self_serve,900,2026-03-06
acct_00860,CA,medium,self_serve,507,2026-03-21
acct_00861,TX,small,self_serve,900,2026-03-20
acct_00862,CA,large,self_serve,703,2026-03-24
acct_00863,CA,small,self_serve,845,2026-03-10
acct_00864,CA,large,self_serve,731,2026-02-04
acct_00865,CA,medium,self_serve,662,2026-04-06
acct_00866,CA,small,self_serve,770,2026-04-01
acct_00867,VA,small,self_serve,420,2026-03-25
acct_00868,CA,small,self_serve,759,2026-02-03
acct_00869,CA,large,self_serve,418,2026-02-14
acct_00870,NC,large,self_serve,573,2026-03-21
acct_00871,CA,small,self_serve,725,2026-01-18
acct_00872,CA,small,self_serve,439,2026-04-22
acct_00873,FL,small,self_serve,900,2026-02-26
acct_00874,OH,small,self_serve,865,2026-03-19
acct_00875,FL,medium,self_serve,332,2026-04-03
acct_00876,CA,small,sales_assisted,771,2026-02-27
acct_00877,MI,small,sales_assisted,823,2026-02-23
acct_00878,CA,large,sales_assisted,585,2026-03-12
acct_00879,NJ,medium,self_serve,670,2026-03-10
acct_00880,IL,medium,self_serve,725,2026-02-28
acct_00881,GA,small,self_serve,438,2026-03-11
acct_00882,CA,large,self_serve,361,2026-04-11
acct_00883,CA,medium,self_serve,693,2026-03-04
acct_00884,FL,medium,self_serve,754,2026-02-14
acct_00885,TX,small,self_serve,585,2026-02-26
acct_00886,TX,large,self_serve,568,2026-02-27
acct_00887,GA,medium,self_serve,754,2026-02-07
acct_00888,TX,large,self_serve,888,2026-02-10
acct_00889,CA,medium,sales_assisted,604,2026-03-17
acct_00890,CA,medium,self_serve,900,2026-02-24
acct_00891,CA,medium,self_serve,395,2026-04-15
acct_00892,CA,large,sales_assisted,756,2026-02-17
acct_00893,CA,small,self_serve,730,2026-02-03
acct_00894,NY,small,self_serve,688,2026-03-21
acct_00895,FL,medium,self_serve,434,2026-04-02
acct_00896,TX,medium,self_serve,900,2026-02-20
acct_00897,CA,medium,self_serve,486,2026-02-14
acct_00898,FL,medium,sales_assisted,900,2026-02-13
acct_00899,NY,medium,sales_assisted,669,2026-03-07
acct_00900,OH,medium,sales_assisted,750,2026-03-04
acct_00901,TX,small,sales_assisted,900,2026-02-19
acct_00902,NY,large,self_serve,900,2026-01-24
acct_00903,TX,small,sales_assisted,558,2026-03-04
acct_00904,CA,medium,self_serve,586,2026-04-16
acct_00905,IL,large,self_serve,900,2026-03-15
acct_00906,CA,small,sales_assisted,530,2026-03-05
acct_00907,CA,small,sales_assisted,900,2026-02-04
acct_00908,CA,small,sales_assisted,781,2026-02-18
acct_00909,TX,medium,self_serve,647,2026-02-21
acct_00910,TX,medium,self_serve,462,2026-03-22
acct_00911,FL,small,self_serve,518,2026-04-02
acct_00912,CA,large,self_serve,246,2026-04-05
acct_00913,CA,small,sales_assisted,401,2026-04-24
acct_00914,OH,medium,sales_assisted,428,2026-04-23
acct_00915,CA,medium,self_serve,342,2026-04-14
acct_00916,GA,small,self_serve,900,2026-01-30
acct_00917,CA,small,self_serve,731,2026-02-08
acct_00918,TX,large,self_serve,612,2026-02-22
acct_00919,TX,medium,self_serve,599,2026-03-09
acct_00920,PA,small,sales_assisted,837,2026-02-03
acct_00921,CA,medium,self_serve,578,2026-03-29
acct_00922,OH,medium,sales_assisted,530,2026-03-12
acct_00923,TX,small,self_serve,670,2026-03-08
acct_00924,TX,medium,sales_assisted,744,2026-02-11
acct_00925,TX,medium,self_serve,553,2026-02-18
acct_00926,CA,small,self_serve,712,2026-02-10
acct_00927,TX,large,self_serve,650,2026-03-30
acct_00928,CA,small,sales_assisted,729,2026-03-10
acct_00929,CA,small,sales_assisted,569,2026-03-20
acct_00930,FL,small,self_serve,813,2026-02-21
acct_00931,TX,medium,self_serve,545,2026-02-26
acct_00932,CA,medium,self_serve,541,2026-02-28
acct_00933,CA,large,sales_assisted,558,2026-03-22
acct_00934,CA,small,self_serve,816,2026-03-23
acct_00935,CA,medium,self_serve,764,2026-02-14
acct_00936,TX,medium,self_serve,470,2026-04-12
acct_00937,CA,small,self_serve,900,2026-02-06
acct_00938,OH,small,sales_assisted,500,2026-04-04
acct_00939,CA,large,sales_assisted,900,2026-02-03
acct_00940,CA,small,sales_assisted,643,2026-02-19
acct_00941,OH,medium,sales_assisted,412,2026-03-30
acct_00942,CA,medium,sales_assisted,723,2026-02-12
acct_00943,CA,small,self_serve,646,2026-02-28
acct_00944,NC,large,sales_assisted,550,2026-03-03
acct_00945,NC,large,self_serve,900,2026-02-17
acct_00946,FL,medium,self_serve,659,2026-03-18
acct_00947,CA,medium,sales_assisted,633,2026-03-30
acct_00948,TX,medium,self_serve,482,2026-04-02
acct_00949,NJ,medium,self_serve,613,2026-02-24
acct_00950,NC,small,self_serve,809,2026-03-07
acct_00951,CA,medium,self_serve,472,2026-02-18
acct_00952,CA,small,sales_assisted,556,2026-02-17
acct_00953,CA,medium,self_serve,718,2026-02-10
acct_00954,CA,medium,self_serve,714,2026-04-12
acct_00955,FL,small,self_serve,491,2026-04-03
acct_00956,CA,large,self_serve,654,2026-03-23
acct_00957,CA,small,self_serve,660,2026-03-07
acct_00958,CA,small,self_serve,858,2026-03-05
acct_00959,TX,small,self_serve,418,2026-03-07
acct_00960,CA,medium,self_serve,762,2026-03-08
acct_00961,CA,small,self_serve,646,2026-03-02
acct_00962,CA,medium,self_serve,900,2026-02-07
acct_00963,NC,medium,sales_assisted,649,2026-02-06
acct_00964,CA,small,self_serve,507,2026-04-14
acct_00965,TX,large,self_serve,652,2026-03-04
acct_00966,CA,small,sales_assisted,349,2026-04-15
acct_00967,CA,medium,self_serve,563,2026-02-10
acct_00968,CA,small,self_serve,560,2026-03-09
acct_00969,CA,medium,sales_assisted,759,2026-02-14
acct_00970,CA,large,self_serve,610,2026-02-18
acct_00971,CA,small,sales_assisted,790,2026-01-20
acct_00972,FL,small,sales_assisted,489,2026-02-06
acct_00973,CA,small,sales_assisted,476,2026-04-07
acct_00974,CA,small,sales_assisted,857,2026-02-23
acct_00975,TX,large,self_serve,741,2026-03-12
acct_00976,CA,medium,sales_assisted,658,2026-03-03
acct_00977,CA,medium,self_serve,720,2026-02-28
acct_00978,CA,large,self_serve,531,2026-03-07
acct_00979,CA,large,self_serve,900,2026-02-13
acct_00980,CA,large,self_serve,766,2026-04-26
acct_00981,VA,small,self_serve,600,2026-03-27
acct_00982,VA,small,self_serve,900,2026-03-21
acct_00983,NJ,small,self_serve,565,2026-03-04
acct_00984,CA,small,self_serve,572,2026-02-09
acct_00985,CA,small,sales_assisted,421,2026-04-08
acct_00986,CA,small,self_serve,667,2026-02-24
acct_00987,CA,small,sales_assisted,900,2026-01-25
acct_00988,CA,medium,sales_assisted,657,2026-02-24
acct_00989,CA,small,sales_assisted,455,2026-03-25
acct_00990,CA,small,self_serve,497,2026-03-13
acct_00991,CA,small,sales_assisted,771,2026-03-21
acct_00992,CA,medium,sales_assisted,733,2026-03-25
acct_00993,FL,medium,sales_assisted,663,2026-02-15
acct_00994,CA,medium,sales_assisted,242,2026-04-09
acct_00995,IL,small,self_serve,506,2026-03-02
acct_00996,CA,small,self_serve,886,2026-03-14
acct_00997,TX,small,sales_assisted,900,2026-01-08
acct_00998,CA,small,self_serve,453,2026-04-29
acct_00999,TX,small,sales_assisted,900,2026-02-20
acct_01000,CA,large,self_serve,900,2026-01-28
acct_01001,CA,small,self_serve,666,2026-03-03
acct_01002,TX,small,self_serve,765,2026-02-07
acct_01003,CA,medium,self_serve,672,2026-02-09
acct_01004,CA,medium,sales_assisted,589,2026-03-13
acct_01005,GA,small,self_serve,465,2026-02-27
acct_01006,CA,small,sales_assisted,304,2026-04-08
acct_01007,TX,large,self_serve,445,2026-02-23
acct_01008,TX,small,sales_assisted,770,2026-03-19
acct_01009,CA,medium,self_serve,437,2026-03-03
acct_01010,CA,medium,self_serve,900,2026-03-15
acct_01011,CA,small,self_serve,530,2026-03-11
acct_01012,FL,medium,self_serve,900,2026-03-04
acct_01013,CA,small,sales_assisted,449,2026-04-14
acct_01014,CA,small,sales_assisted,465,2026-02-24
acct_01015,CA,small,self_serve,900,2026-02-12
acct_01016,OH,large,self_serve,830,2026-03-16
acct_01017,NY,small,self_serve,428,2026-03-30
acct_01018,NC,small,self_serve,778,2026-01-23
acct_01019,FL,large,self_serve,536,2026-03-03
acct_01020,FL,small,self_serve,525,2026-04-04
acct_01021,CA,large,self_serve,616,2026-03-21
acct_01022,OH,medium,sales_assisted,395,2026-04-28
acct_01023,TX,medium,self_serve,383,2026-03-07
acct_01024,CA,medium,self_serve,536,2026-03-15
acct_01025,FL,medium,self_serve,813,2026-02-22
acct_01026,TX,small,self_serve,476,2026-04-13
acct_01027,CA,large,self_serve,642,2026-02-26
acct_01028,CA,large,self_serve,464,2026-03-20
acct_01029,CA,large,self_serve,592,2026-02-28
acct_01030,IL,medium,sales_assisted,859,2026-03-09
acct_01031,CA,medium,sales_assisted,437,2026-03-19
acct_01032,PA,medium,sales_assisted,768,2026-03-06
acct_01033,CA,small,self_serve,543,2026-04-06
acct_01034,NY,medium,self_serve,716,2026-03-01
acct_01035,CA,medium,self_serve,518,2026-03-14
acct_01036,GA,medium,self_serve,647,2026-02-24
acct_01037,CA,small,sales_assisted,683,2026-02-28
acct_01038,CA,medium,sales_assisted,597,2026-03-02
acct_01039,CA,medium,self_serve,821,2026-02-06
acct_01040,CA,medium,self_serve,856,2026-02-02
acct_01041,CA,large,self_serve,900,2026-03-16
acct_01042,FL,medium,self_serve,665,2026-03-15
acct_01043,NC,small,sales_assisted,337,2026-03-15
acct_01044,FL,small,self_serve,900,2026-01-16
acct_01045,TX,medium,self_serve,673,2026-02-23
acct_01046,CA,medium,self_serve,900,2026-02-14
acct_01047,PA,large,self_serve,812,2026-03-23
acct_01048,IL,small,self_serve,484,2026-03-31
acct_01049,CA,small,sales_assisted,832,2026-02-18
acct_01050,NC,small,self_serve,530,2026-03-16
acct_01051,CA,medium,self_serve,768,2026-02-07
acct_01052,NY,large,self_serve,817,2026-02-20
acct_01053,MI,large,self_serve,900,2026-02-08
acct_01054,FL,medium,self_serve,850,2026-02-20
acct_01055,CA,large,self_serve,631,2026-03-16
acct_01056,TX,small,self_serve,900,2026-04-06
acct_01057,CA,medium,self_serve,685,2026-02-14
acct_01058,NY,large,sales_assisted,410,2026-03-08
acct_01059,CA,small,sales_assisted,399,2026-03-18
acct_01060,FL,large,sales_assisted,725,2026-04-14
acct_01061,OH,small,self_serve,624,2026-03-12
acct_01062,CA,small,sales_assisted,747,2026-02-18
acct_01063,CA,medium,self_serve,550,2026-03-13
acct_01064,FL,large,self_serve,636,2026-02-23
acct_01065,CA,small,self_serve,357,2026-04-21
acct_01066,CA,large,self_serve,754,2026-02-28
acct_01067,CA,small,sales_assisted,601,2026-03-17
acct_01068,CA,medium,self_serve,900,2026-01-18
acct_01069,FL,medium,self_serve,734,2026-02-28
acct_01070,TX,small,sales_assisted,488,2026-04-02
acct_01071,CA,medium,self_serve,417,2026-03-12
acct_01072,CA,medium,sales_assisted,444,2026-03-02
acct_01073,CA,medium,sales_assisted,900,2026-04-11
acct_01074,CA,small,sales_assisted,785,2026-03-30
acct_01075,FL,small,sales_assisted,900,2026-02-23
acct_01076,CA,large,self_serve,550,2026-03-08
acct_01077,TX,medium,self_serve,665,2026-03-05
acct_01078,GA,large,sales_assisted,509,2026-03-13
acct_01079,TX,medium,sales_assisted,503,2026-02-24
acct_01080,TX,large,self_serve,639,2026-02-17
acct_01081,CA,small,self_serve,730,2026-04-07
acct_01082,CA,medium,self_serve,650,2026-04-09
acct_01083,CA,medium,self_serve,422,2026-03-29
acct_01084,NY,small,self_serve,424,2026-04-22
acct_01085,PA,small,sales_assisted,712,2026-03-21
acct_01086,CA,medium,sales_assisted,510,2026-03-22
acct_01087,CA,large,self_serve,607,2026-03-22
acct_01088,CA,medium,self_serve,728,2026-03-04
acct_01089,TX,small,self_serve,730,2026-03-03
acct_01090,TX,large,self_serve,766,2026-02-17
acct_01091,FL,small,self_serve,529,2026-03-14
acct_01092,OH,small,self_serve,629,2026-02-21
acct_01093,CA,large,self_serve,553,2026-02-18
acct_01094,FL,medium,self_serve,409,2026-03-10
acct_01095,TX,large,self_serve,666,2026-02-28
acct_01096,CA,large,self_serve,858,2026-02-15
acct_01097,OH,medium,self_serve,368,2026-03-27
acct_01098,CA,small,self_serve,600,2026-03-31
acct_01099,FL,small,self_serve,869,2026-02-11
acct_01100,FL,large,self_serve,600,2026-01-11
acct_01101,GA,large,self_serve,659,2026-02-24
acct_01102,TX,small,self_serve,830,2026-03-25
acct_01103,CA,small,sales_assisted,650,2026-03-29
acct_01104,PA,small,self_serve,483,2026-02-08
acct_01105,NY,small,self_serve,690,2026-03-23
acct_01106,TX,large,self_serve,663,2026-02-05
acct_01107,NY,small,sales_assisted,791,2026-02-27
acct_01108,CA,medium,sales_assisted,328,2026-05-02
acct_01109,TX,large,self_serve,736,2026-02-13
acct_01110,IL,medium,self_serve,679,2026-02-09
acct_01111,CA,medium,self_serve,680,2026-03-01
acct_01112,CA,small,self_serve,546,2026-03-13
acct_01113,NC,small,self_serve,486,2026-04-10
acct_01114,NY,small,self_serve,291,2026-04-23
acct_01115,OH,small,sales_assisted,877,2026-01-29
acct_01116,CA,small,sales_assisted,790,2026-02-08
acct_01117,VA,small,self_serve,345,2026-03-24
acct_01118,CA,small,sales_assisted,868,2026-02-19
acct_01119,TX,small,self_serve,521,2026-04-03
acct_01120,CA,large,self_serve,648,2026-03-15
acct_01121,NY,small,sales_assisted,890,2026-02-05
acct_01122,OH,small,self_serve,621,2026-03-28
acct_01123,FL,large,self_serve,900,2026-02-12
acct_01124,TX,small,self_serve,636,2026-03-01
acct_01125,CA,medium,self_serve,803,2026-03-09
acct_01126,TX,large,self_serve,678,2026-03-06
acct_01127,TX,medium,self_serve,692,2026-03-17
acct_01128,CA,small,self_serve,684,2026-03-15
acct_01129,TX,medium,self_serve,634,2026-04-28
acct_01130,IL,medium,self_serve,540,2026-05-02
acct_01131,FL,small,sales_assisted,593,2026-03-06
acct_01132,NY,small,self_serve,691,2026-02-02
acct_01133,CA,small,self_serve,596,2026-03-20
acct_01134,TX,large,sales_assisted,361,2026-04-21
acct_01135,CA,small,sales_assisted,546,2026-02-23
acct_01136,CA,small,self_serve,352,2026-03-03
acct_01137,CA,medium,sales_assisted,447,2026-03-01
acct_01138,CA,large,sales_assisted,900,2026-01-26
acct_01139,CA,small,self_serve,521,2026-03-16
acct_01140,FL,small,sales_assisted,900,2026-02-25
acct_01141,CA,medium,sales_assisted,648,2026-03-24
acct_01142,CA,medium,self_serve,564,2026-03-28
acct_01143,CA,medium,self_serve,350,2026-03-27
acct_01144,TX,large,sales_assisted,680,2026-03-01
acct_01145,CA,small,sales_assisted,900,2026-02-23
acct_01146,CA,small,self_serve,833,2026-03-21
acct_01147,TX,small,sales_assisted,625,2026-03-25
acct_01148,CA,small,sales_assisted,491,2026-03-05
acct_01149,OH,medium,sales_assisted,400,2026-04-04
acct_01150,CA,medium,sales_assisted,636,2026-02-08
acct_01151,CA,small,self_serve,743,2026-04-02
acct_01152,CA,medium,self_serve,900,2026-02-02
acct_01153,TX,small,self_serve,789,2026-02-09
acct_01154,CA,medium,self_serve,610,2026-03-07
acct_01155,IL,small,self_serve,900,2026-01-29
acct_01156,CA,medium,sales_assisted,669,2026-01-26
acct_01157,FL,small,sales_assisted,900,2026-01-06
acct_01158,CA,large,self_serve,745,2026-03-02
acct_01159,CA,large,sales_assisted,462,2026-03-23
acct_01160,CA,large,self_serve,740,2026-01-21
acct_01161,TX,large,self_serve,516,2026-03-15
acct_01162,CA,small,self_serve,788,2026-03-27
acct_01163,NC,medium,self_serve,900,2026-02-11
acct_01164,FL,small,self_serve,777,2026-02-09
acct_01165,VA,large,sales_assisted,519,2026-03-31
acct_01166,CA,small,self_serve,486,2026-03-27
acct_01167,NY,small,self_serve,652,2026-03-08
acct_01168,TX,medium,self_serve,493,2026-03-27
acct_01169,TX,small,self_serve,773,2026-02-02
acct_01170,NJ,medium,sales_assisted,749,2026-02-27
acct_01171,FL,small,sales_assisted,543,2026-03-20
acct_01172,OH,medium,self_serve,695,2026-02-18
acct_01173,FL,large,self_serve,572,2026-03-21
acct_01174,CA,medium,self_serve,612,2026-03-06
acct_01175,FL,small,self_serve,533,2026-03-21
acct_01176,CA,small,self_serve,786,2026-03-03
acct_01177,GA,small,self_serve,426,2026-02-26
acct_01178,NY,small,self_serve,900,2026-02-15
acct_01179,CA,medium,self_serve,756,2026-02-15
acct_01180,CA,small,self_serve,691,2026-03-21
acct_01181,CA,small,self_serve,880,2026-02-06
acct_01182,CA,small,self_serve,685,2026-02-01
acct_01183,CA,large,self_serve,610,2026-02-12
acct_01184,FL,small,self_serve,593,2026-02-12
acct_01185,TX,small,self_serve,538,2026-03-27
acct_01186,PA,medium,self_serve,788,2026-02-28
acct_01187,CA,small,sales_assisted,364,2026-04-27
acct_01188,TX,large,sales_assisted,855,2026-02-08
acct_01189,CA,small,self_serve,268,2026-03-15
acct_01190,OH,medium,sales_assisted,614,2026-03-03
acct_01191,CA,medium,sales_assisted,863,2026-02-27
acct_01192,CA,large,self_serve,526,2026-04-02
acct_01193,CA,medium,self_serve,351,2026-04-21
acct_01194,NY,medium,self_serve,457,2026-04-01
acct_01195,CA,medium,self_serve,289,2026-02-13
acct_01196,TX,medium,sales_assisted,580,2026-02-16
acct_01197,FL,medium,self_serve,782,2026-03-15
acct_01198,FL,medium,self_serve,624,2026-02-21
acct_01199,CA,medium,self_serve,534,2026-03-20
acct_01200,CA,small,self_serve,298,2026-03-09
acct_01201,CA,small,self_serve,407,2026-03-08
acct_01202,CA,small,self_serve,750,2026-03-28
acct_01203,FL,small,self_serve,704,2026-03-18
acct_01204,CA,medium,sales_assisted,649,2026-01-19
acct_01205,CA,small,self_serve,725,2026-01-25
acct_01206,CA,medium,self_serve,635,2026-03-11
acct_01207,TX,medium,sales_assisted,484,2026-03-05
acct_01208,CA,medium,self_serve,419,2026-02-19
acct_01209,FL,medium,self_serve,656,2026-03-01
acct_01210,CA,small,sales_assisted,681,2026-03-22
acct_01211,MI,small,self_serve,660,2026-03-28
acct_01212,FL,medium,self_serve,779,2026-03-09
acct_01213,CA,large,self_serve,454,2026-02-27
acct_01214,CA,medium,self_serve,728,2026-02-19
acct_01215,CA,medium,self_serve,615,2026-03-07
acct_01216,CA,medium,self_serve,694,2026-02-22
acct_01217,CA,medium,self_serve,616,2026-03-09
acct_01218,OH,medium,self_serve,520,2026-03-16
acct_01219,TX,medium,self_serve,351,2026-01-29
acct_01220,CA,small,self_serve,900,2026-01-07
acct_01221,TX,small,self_serve,785,2026-02-15
acct_01222,CA,small,sales_assisted,321,2026-04-04
acct_01223,MI,medium,self_serve,698,2026-03-14
acct_01224,CA,medium,self_serve,684,2026-02-11
acct_01225,FL,small,self_serve,481,2026-04-04
acct_01226,NY,small,self_serve,552,2026-03-04
acct_01227,CA,medium,self_serve,748,2026-03-04
acct_01228,CA,small,sales_assisted,396,2026-04-11
acct_01229,CA,large,self_serve,647,2026-01-27
acct_01230,OH,small,self_serve,900,2026-02-15
acct_01231,TX,small,self_serve,617,2026-03-10
acct_01232,FL,medium,sales_assisted,721,2026-02-13
acct_01233,NY,small,self_serve,723,2026-03-16
acct_01234,PA,small,self_serve,635,2026-02-15
acct_01235,CA,small,sales_assisted,713,2026-02-03
acct_01236,TX,small,sales_assisted,785,2026-02-14
acct_01237,FL,small,self_serve,448,2026-03-01
acct_01238,CA,medium,sales_assisted,781,2026-02-12
acct_01239,IL,small,sales_assisted,654,2026-02-07
acct_01240,CA,small,self_serve,688,2026-03-31
acct_01241,CA,small,sales_assisted,785,2026-02-23
acct_01242,NY,large,self_serve,758,2026-02-25
acct_01243,CA,medium,self_serve,574,2026-01-26
acct_01244,CA,large,self_serve,680,2026-02-25
acct_01245,CA,large,sales_assisted,543,2026-02-19
acct_01246,TX,small,self_serve,630,2026-03-12
acct_01247,IL,medium,self_serve,392,2026-02-14
acct_01248,CA,small,self_serve,316,2026-04-03
acct_01249,CA,large,self_serve,698,2026-04-10
acct_01250,CA,medium,sales_assisted,839,2026-02-03
acct_01251,NC,small,sales_assisted,726,2026-02-04
acct_01252,CA,large,self_serve,639,2026-02-05
acct_01253,NC,large,sales_assisted,469,2026-03-13
acct_01254,OH,large,sales_assisted,802,2026-02-06
acct_01255,CA,small,self_serve,512,2026-03-30
acct_01256,NY,small,self_serve,827,2026-03-22
acct_01257,FL,small,self_serve,548,2026-03-27
acct_01258,TX,medium,self_serve,664,2026-03-07
acct_01259,CA,medium,self_serve,227,2026-05-01
acct_01260,NY,small,self_serve,769,2026-01-24
acct_01261,NY,medium,sales_assisted,710,2026-02-28
acct_01262,NY,small,self_serve,648,2026-02-23
acct_01263,VA,medium,sales_assisted,435,2026-04-13
acct_01264,CA,large,sales_assisted,693,2026-03-10
acct_01265,NY,medium,self_serve,807,2026-03-26
acct_01266,IL,small,self_serve,773,2026-02-11
acct_01267,CA,small,sales_assisted,643,2026-04-22
acct_01268,CA,small,sales_assisted,757,2026-03-05
acct_01269,CA,medium,self_serve,826,2026-03-05
acct_01270,IL,medium,self_serve,392,2026-04-19
acct_01271,CA,small,self_serve,656,2026-02-27
acct_01272,FL,large,sales_assisted,653,2026-02-28
acct_01273,CA,medium,sales_assisted,725,2026-03-10
acct_01274,CA,large,self_serve,886,2026-02-07
acct_01275,TX,medium,self_serve,722,2026-02-23
acct_01276,CA,large,self_serve,875,2026-02-13
acct_01277,OH,small,sales_assisted,699,2026-02-03
acct_01278,CA,small,sales_assisted,688,2026-04-01
acct_01279,OH,large,sales_assisted,792,2026-03-11
acct_01280,CA,large,self_serve,797,2026-02-25
acct_01281,VA,medium,self_serve,704,2026-02-28
acct_01282,TX,small,self_serve,782,2026-03-02
acct_01283,CA,small,self_serve,497,2026-03-13
acct_01284,CA,medium,self_serve,553,2026-04-09
acct_01285,CA,large,sales_assisted,565,2026-04-10
acct_01286,TX,small,self_serve,488,2026-02-27
acct_01287,NY,small,self_serve,775,2026-02-23
acct_01288,CA,medium,sales_assisted,484,2026-03-03
acct_01289,CA,medium,self_serve,583,2026-03-09
acct_01290,TX,medium,self_serve,677,2026-03-03
acct_01291,TX,medium,sales_assisted,514,2026-03-15
acct_01292,FL,large,self_serve,660,2026-03-09
acct_01293,CA,small,self_serve,713,2026-02-23
acct_01294,FL,medium,self_serve,576,2026-02-24
acct_01295,VA,medium,sales_assisted,777,2026-02-26
acct_01296,CA,medium,self_serve,673,2026-02-02
acct_01297,CA,large,self_serve,900,2026-02-11
acct_01298,CA,medium,self_serve,591,2026-03-19
acct_01299,TX,medium,self_serve,512,2026-02-27
acct_01300,CA,small,sales_assisted,588,2026-02-15
acct_01301,NC,medium,self_serve,820,2026-03-09
acct_01302,TX,small,self_serve,534,2026-03-22
acct_01303,TX,small,self_serve,519,2026-02-18
acct_01304,NY,medium,self_serve,700,2026-03-28
acct_01305,CA,medium,self_serve,461,2026-04-09
acct_01306,NY,large,self_serve,738,2026-03-11
acct_01307,CA,medium,self_serve,760,2026-03-16
acct_01308,TX,large,self_serve,857,2026-01-26
acct_01309,GA,small,sales_assisted,867,2026-04-13
acct_01310,NY,medium,sales_assisted,429,2026-02-27
acct_01311,IL,large,self_serve,401,2026-04-09
acct_01312,CA,medium,self_serve,605,2026-03-10
acct_01313,PA,large,self_serve,900,2026-01-09
acct_01314,TX,medium,self_serve,900,2026-01-22
acct_01315,TX,small,self_serve,813,2026-03-16
acct_01316,CA,medium,sales_assisted,528,2026-03-09
acct_01317,CA,small,sales_assisted,742,2026-01-19
acct_01318,TX,small,self_serve,475,2026-03-21
acct_01319,CA,small,sales_assisted,446,2026-03-30
acct_01320,FL,small,self_serve,887,2026-03-05
acct_01321,PA,small,self_serve,631,2026-03-04
acct_01322,GA,large,self_serve,863,2026-01-10
acct_01323,CA,small,self_serve,704,2026-03-24
acct_01324,NC,large,sales_assisted,454,2026-02-23
acct_01325,CA,medium,self_serve,559,2026-04-02
acct_01326,CA,small,self_serve,527,2026-02-26
acct_01327,PA,small,self_serve,603,2026-03-09
acct_01328,CA,large,sales_assisted,632,2026-02-19
acct_01329,CA,medium,self_serve,660,2026-02-10
acct_01330,CA,large,self_serve,625,2026-03-23
acct_01331,TX,small,self_serve,697,2026-03-05
acct_01332,NY,medium,sales_assisted,619,2026-03-08
acct_01333,CA,medium,self_serve,543,2026-04-18
acct_01334,CA,large,self_serve,361,2026-04-17
acct_01335,TX,small,sales_assisted,662,2026-03-31
acct_01336,CA,large,self_serve,713,2026-02-13
acct_01337,FL,small,self_serve,567,2026-03-11
acct_01338,NC,large,self_serve,432,2026-04-02
acct_01339,NY,medium,self_serve,655,2026-02-26
acct_01340,OH,medium,self_serve,900,2026-02-03
acct_01341,TX,small,self_serve,570,2026-03-26
acct_01342,PA,large,self_serve,496,2026-03-04
acct_01343,CA,small,self_serve,785,2026-03-09
acct_01344,CA,medium,self_serve,397,2026-04-23
acct_01345,FL,medium,sales_assisted,678,2026-03-12
acct_01346,CA,medium,self_serve,589,2026-03-01
acct_01347,OH,medium,self_serve,884,2026-02-26
acct_01348,FL,medium,self_serve,591,2026-03-01
acct_01349,NC,medium,sales_assisted,900,2026-02-05
acct_01350,CA,medium,self_serve,426,2026-03-25
acct_01351,CA,medium,self_serve,524,2026-03-29
acct_01352,FL,medium,self_serve,900,2026-02-20
acct_01353,CA,large,self_serve,733,2026-02-22
acct_01354,TX,medium,sales_assisted,892,2026-04-02
acct_01355,FL,small,sales_assisted,807,2026-01-18
acct_01356,MI,medium,sales_assisted,694,2026-03-07
acct_01357,FL,small,self_serve,900,2026-03-03
acct_01358,CA,small,self_serve,388,2026-03-17
acct_01359,CA,medium,self_serve,510,2026-02-10
acct_01360,TX,medium,sales_assisted,500,2026-03-16
acct_01361,CA,medium,sales_assisted,814,2026-02-26
acct_01362,CA,large,sales_assisted,394,2026-03-12
acct_01363,CA,small,self_serve,900,2026-01-23
acct_01364,CA,small,sales_assisted,751,2026-03-03
acct_01365,TX,small,self_serve,900,2026-03-07
acct_01366,CA,small,sales_assisted,892,2026-02-15
acct_01367,TX,medium,self_serve,818,2026-02-08
acct_01368,CA,medium,self_serve,900,2026-02-13
acct_01369,FL,medium,self_serve,780,2026-02-24
acct_01370,CA,small,sales_assisted,714,2026-02-03
acct_01371,OH,medium,self_serve,336,2026-04-13
acct_01372,CA,small,self_serve,598,2026-02-28
acct_01373,TX,medium,self_serve,573,2026-03-26
acct_01374,CA,medium,self_serve,506,2026-04-20
acct_01375,CA,small,sales_assisted,475,2026-01-31
acct_01376,CA,large,self_serve,595,2026-03-14
acct_01377,PA,medium,self_serve,560,2026-04-01
acct_01378,GA,small,sales_assisted,714,2026-03-13
acct_01379,CA,medium,self_serve,900,2026-03-01
acct_01380,CA,medium,self_serve,703,2026-03-02
acct_01381,FL,small,self_serve,695,2026-01-22
acct_01382,TX,small,self_serve,383,2026-03-07
acct_01383,CA,medium,self_serve,547,2026-04-29
acct_01384,NY,large,self_serve,365,2026-04-16
acct_01385,TX,medium,self_serve,900,2026-01-23
acct_01386,FL,medium,sales_assisted,821,2026-03-18
acct_01387,CA,medium,sales_assisted,480,2026-02-21
acct_01388,CA,medium,sales_assisted,623,2026-04-05
acct_01389,CA,small,self_serve,900,2026-01-24
acct_01390,NY,small,self_serve,668,2026-04-11
acct_01391,CA,large,sales_assisted,253,2026-03-29
acct_01392,NY,large,sales_assisted,647,2026-02-05
acct_01393,NY,large,self_serve,619,2026-01-27
acct_01394,FL,small,self_serve,650,2026-03-28
acct_01395,CA,medium,self_serve,817,2026-02-10
acct_01396,CA,medium,self_serve,247,2026-03-08
acct_01397,CA,small,self_serve,486,2026-04-07
acct_01398,TX,small,self_serve,768,2026-03-09
acct_01399,GA,medium,sales_assisted,706,2026-02-28
acct_01400,CA,medium,self_serve,697,2026-03-02
acct_01401,OH,medium,self_serve,753,2026-01-28
acct_01402,CA,small,self_serve,325,2026-04-19
acct_01403,CA,medium,sales_assisted,705,2026-02-22
acct_01404,CA,small,sales_assisted,751,2026-02-13
acct_01405,FL,small,self_serve,808,2026-02-20
acct_01406,CA,medium,self_serve,596,2026-04-17
acct_01407,CA,small,self_serve,800,2026-02-02
acct_01408,NY,large,sales_assisted,720,2026-04-01
acct_01409,TX,medium,self_serve,555,2026-03-18
acct_01410,CA,small,sales_assisted,355,2026-03-28
acct_01411,CA,small,self_serve,547,2026-04-21
acct_01412,TX,medium,self_serve,586,2026-03-29
acct_01413,CA,small,self_serve,586,2026-04-12
acct_01414,CA,small,self_serve,578,2026-02-07
acct_01415,TX,medium,self_serve,852,2026-03-25
acct_01416,CA,small,self_serve,758,2026-03-08
acct_01417,TX,medium,sales_assisted,608,2026-03-08
acct_01418,CA,medium,self_serve,399,2026-04-05
acct_01419,CA,small,sales_assisted,641,2026-04-20
acct_01420,CA,medium,self_serve,446,2026-03-18
acct_01421,CA,medium,self_serve,900,2026-03-05
acct_01422,CA,medium,sales_assisted,580,2026-03-03
acct_01423,CA,small,sales_assisted,900,2026-02-27
acct_01424,OH,medium,self_serve,668,2026-02-25
acct_01425,PA,small,sales_assisted,900,2026-02-27
acct_01426,CA,medium,self_serve,677,2026-02-02
acct_01427,TX,small,self_serve,798,2026-01-31
acct_01428,TX,large,self_serve,708,2026-03-24
acct_01429,PA,small,self_serve,775,2026-03-02
acct_01430,CA,large,self_serve,685,2026-04-10
acct_01431,CA,large,self_serve,562,2026-03-12
acct_01432,CA,medium,sales_assisted,848,2026-01-21
acct_01433,CA,small,sales_assisted,900,2026-02-10
acct_01434,CA,small,sales_assisted,634,2026-02-14
acct_01435,OH,large,sales_assisted,561,2026-04-21
acct_01436,OH,medium,self_serve,703,2026-02-15
acct_01437,CA,medium,self_serve,690,2026-03-06
acct_01438,CA,small,self_serve,528,2026-04-11
acct_01439,CA,large,self_serve,357,2026-04-21
acct_01440,CA,small,self_serve,688,2026-02-17
acct_01441,TX,small,self_serve,841,2026-01-25
acct_01442,CA,small,self_serve,744,2026-02-09
acct_01443,PA,medium,self_serve,900,2026-01-28
acct_01444,MI,large,self_serve,895,2026-02-13
acct_01445,FL,medium,self_serve,691,2026-03-09
acct_01446,FL,small,self_serve,417,2026-04-07
acct_01447,TX,small,sales_assisted,528,2026-03-08
acct_01448,CA,medium,self_serve,900,2026-03-13
acct_01449,CA,medium,sales_assisted,588,2026-02-14
acct_01450,TX,small,sales_assisted,601,2026-03-25
acct_01451,CA,small,self_serve,690,2026-03-12
acct_01452,PA,medium,self_serve,513,2026-03-31
acct_01453,CA,large,self_serve,353,2026-04-14
acct_01454,CA,medium,self_serve,582,2026-02-24
acct_01455,CA,small,self_serve,706,2026-02-02
acct_01456,MI,medium,sales_assisted,625,2026-02-16
acct_01457,CA,small,sales_assisted,875,2026-03-02
acct_01458,CA,large,self_serve,506,2026-04-13
acct_01459,CA,small,self_serve,613,2026-02-26
acct_01460,FL,small,self_serve,608,2026-03-23
acct_01461,VA,medium,sales_assisted,752,2026-03-08
acct_01462,CA,small,self_serve,696,2026-02-12
acct_01463,OH,small,self_serve,839,2026-02-23
acct_01464,CA,medium,sales_assisted,433,2026-03-15
acct_01465,FL,medium,self_serve,795,2026-03-16
acct_01466,CA,large,self_serve,674,2026-03-02
acct_01467,TX,small,self_serve,724,2026-02-16
acct_01468,FL,small,self_serve,504,2026-03-19
acct_01469,TX,medium,self_serve,567,2026-02-11
acct_01470,CA,medium,self_serve,265,2026-04-11
acct_01471,PA,small,self_serve,629,2026-02-13
acct_01472,MI,large,sales_assisted,868,2026-02-04
acct_01473,CA,large,self_serve,519,2026-03-05
acct_01474,FL,small,sales_assisted,423,2026-03-07
acct_01475,NY,medium,self_serve,523,2026-03-06
acct_01476,CA,medium,sales_assisted,618,2026-03-02
acct_01477,IL,small,self_serve,392,2026-04-29
acct_01478,CA,medium,sales_assisted,644,2026-03-05
acct_01479,NY,small,self_serve,822,2026-03-04
acct_01480,CA,small,self_serve,867,2026-03-01
acct_01481,CA,large,self_serve,900,2026-01-29
acct_01482,TX,medium,self_serve,396,2026-03-11
acct_01483,TX,small,sales_assisted,603,2026-02-16
acct_01484,IL,medium,sales_assisted,732,2026-03-14
acct_01485,VA,large,sales_assisted,751,2026-01-25
acct_01486,CA,medium,self_serve,597,2026-04-23
acct_01487,CA,large,sales_assisted,699,2026-03-04
acct_01488,CA,large,sales_assisted,776,2026-04-05
acct_01489,CA,small,self_serve,824,2026-03-04
acct_01490,TX,medium,self_serve,900,2026-01-27
acct_01491,IL,medium,self_serve,514,2026-03-27
acct_01492,NY,medium,self_serve,613,2026-03-14
acct_01493,CA,small,self_serve,542,2026-03-24
acct_01494,CA,small,sales_assisted,454,2026-03-01
acct_01495,TX,small,self_serve,848,2026-03-14
acct_01496,CA,medium,self_serve,671,2026-03-31
acct_01497,CA,medium,self_serve,580,2026-03-13
acct_01498,CA,medium,sales_assisted,895,2026-02-24
acct_01499,CA,medium,sales_assisted,529,2026-03-15
acct_01500,CA,small,sales_assisted,344,2026-03-16
acct_01501,NY,small,self_serve,647,2026-04-16
acct_01502,CA,medium,self_serve,500,2026-02-26
acct_01503,TX,medium,self_serve,650,2026-03-01
acct_01504,TX,medium,self_serve,610,2026-03-26
acct_01505,OH,small,self_serve,717,2026-03-06
acct_01506,CA,medium,self_serve,731,2026-03-20
acct_01507,CA,large,sales_assisted,759,2026-03-03
acct_01508,CA,small,self_serve,818,2026-02-15
acct_01509,CA,small,sales_assisted,481,2026-03-21
acct_01510,CA,medium,self_serve,812,2026-02-07
acct_01511,NY,medium,self_serve,514,2026-02-14
acct_01512,CA,large,self_serve,866,2026-03-13
acct_01513,CA,large,self_serve,389,2026-03-21
acct_01514,CA,medium,self_serve,492,2026-04-04
acct_01515,NY,small,self_serve,522,2026-02-19
acct_01516,IL,medium,self_serve,670,2026-02-04
acct_01517,FL,large,self_serve,502,2026-04-15
acct_01518,TX,medium,self_serve,676,2026-02-10
acct_01519,FL,large,sales_assisted,900,2026-02-14
acct_01520,FL,medium,sales_assisted,746,2026-02-21
acct_01521,CA,small,self_serve,586,2026-03-07
acct_01522,TX,medium,self_serve,527,2026-04-03
acct_01523,NY,medium,self_serve,778,2026-03-22
acct_01524,CA,small,self_serve,748,2026-03-18
acct_01525,FL,small,self_serve,577,2026-02-12
acct_01526,CA,medium,self_serve,593,2026-02-25
acct_01527,TX,small,self_serve,739,2026-03-04
acct_01528,CA,small,sales_assisted,813,2026-02-09
acct_01529,FL,medium,self_serve,558,2026-02-20
acct_01530,IL,medium,sales_assisted,820,2026-02-22
acct_01531,CA,medium,self_serve,634,2026-02-07
acct_01532,CA,large,self_serve,847,2026-03-08
acct_01533,CA,large,sales_assisted,691,2026-03-18
acct_01534,CA,medium,self_serve,634,2026-01-29
acct_01535,NJ,small,self_serve,588,2026-03-04
acct_01536,CA,medium,sales_assisted,506,2026-03-24
acct_01537,CA,small,self_serve,623,2026-03-21
acct_01538,CA,large,self_serve,545,2026-03-27
acct_01539,NJ,medium,self_serve,500,2026-03-03
acct_01540,CA,small,self_serve,366,2026-03-27
acct_01541,FL,medium,self_serve,810,2026-02-17
acct_01542,CA,medium,self_serve,738,2026-02-25
acct_01543,CA,large,sales_assisted,763,2026-02-12
acct_01544,FL,small,self_serve,708,2026-03-04
acct_01545,CA,large,self_serve,595,2026-02-27
acct_01546,FL,small,self_serve,755,2026-02-17
acct_01547,CA,medium,self_serve,900,2026-03-21
acct_01548,FL,large,sales_assisted,884,2026-02-22
acct_01549,NY,small,self_serve,676,2026-02-19
acct_01550,FL,small,self_serve,689,2026-02-07
acct_01551,CA,large,sales_assisted,246,2026-03-02
acct_01552,FL,large,sales_assisted,868,2026-02-22
acct_01553,VA,small,sales_assisted,809,2026-02-26
acct_01554,CA,medium,self_serve,646,2026-02-17
acct_01555,CA,large,self_serve,381,2026-03-22
acct_01556,NY,small,self_serve,346,2026-04-10
acct_01557,CA,medium,self_serve,730,2026-03-05
acct_01558,FL,medium,sales_assisted,614,2026-03-14
acct_01559,NY,small,self_serve,659,2026-04-01
acct_01560,CA,large,self_serve,444,2026-05-02
acct_01561,TX,small,sales_assisted,781,2026-03-12
acct_01562,TX,large,sales_assisted,599,2026-04-04
acct_01563,CA,medium,self_serve,660,2026-04-06
acct_01564,OH,medium,sales_assisted,274,2026-03-24
acct_01565,CA,medium,self_serve,486,2026-03-03
acct_01566,CA,medium,self_serve,741,2026-01-31
acct_01567,IL,large,self_serve,900,2026-01-15
acct_01568,CA,medium,sales_assisted,900,2026-03-04
acct_01569,PA,medium,sales_assisted,639,2026-03-05
acct_01570,CA,medium,self_serve,592,2026-02-28
acct_01571,CA,small,self_serve,354,2026-03-09
acct_01572,CA,small,self_serve,777,2026-03-09
acct_01573,FL,medium,self_serve,485,2026-03-29
acct_01574,NY,medium,sales_assisted,900,2026-02-04
acct_01575,IL,medium,self_serve,621,2026-02-16
acct_01576,NJ,medium,sales_assisted,899,2026-03-25
acct_01577,FL,medium,self_serve,676,2026-03-30
acct_01578,NY,medium,self_serve,289,2026-04-29
acct_01579,TX,medium,self_serve,590,2026-04-01
acct_01580,OH,large,sales_assisted,659,2026-04-04
acct_01581,FL,small,self_serve,674,2026-02-22
acct_01582,OH,medium,self_serve,809,2026-02-28
acct_01583,CA,small,self_serve,842,2026-02-19
acct_01584,TX,large,sales_assisted,725,2026-03-12
acct_01585,FL,medium,sales_assisted,513,2026-04-11
acct_01586,CA,medium,sales_assisted,523,2026-02-24
acct_01587,CA,large,self_serve,636,2026-03-09
acct_01588,MI,medium,sales_assisted,738,2026-02-21
acct_01589,CA,small,self_serve,470,2026-02-11
acct_01590,CA,medium,sales_assisted,769,2026-02-13
acct_01591,CA,small,self_serve,797,2026-01-27
acct_01592,CA,large,self_serve,309,2026-04-14
acct_01593,TX,medium,sales_assisted,634,2026-02-28
acct_01594,GA,medium,sales_assisted,525,2026-03-28
acct_01595,NJ,large,self_serve,900,2026-03-16
acct_01596,FL,medium,self_serve,777,2026-02-13
acct_01597,FL,medium,sales_assisted,900,2026-02-12
acct_01598,CA,small,sales_assisted,562,2026-03-26
acct_01599,IL,small,sales_assisted,438,2026-02-19
acct_01600,CA,large,self_serve,632,2026-04-07
acct_01601,CA,large,self_serve,665,2026-02-08
acct_01602,MI,medium,sales_assisted,569,2026-03-16
acct_01603,IL,small,sales_assisted,422,2026-03-26
acct_01604,CA,small,sales_assisted,738,2026-02-17
acct_01605,FL,large,self_serve,875,2026-02-20
acct_01606,CA,small,self_serve,631,2026-04-17
acct_01607,CA,medium,self_serve,900,2026-02-19
acct_01608,CA,small,sales_assisted,900,2026-03-01
acct_01609,CA,small,self_serve,369,2026-03-02
acct_01610,TX,medium,self_serve,544,2026-02-18
acct_01611,CA,large,sales_assisted,320,2026-03-23
acct_01612,TX,medium,sales_assisted,686,2026-03-23
acct_01613,CA,medium,self_serve,588,2026-02-26
acct_01614,NC,medium,sales_assisted,498,2026-03-28
acct_01615,FL,large,self_serve,703,2026-02-15
acct_01616,OH,medium,self_serve,900,2026-01-09
acct_01617,CA,medium,self_serve,421,2026-03-10
acct_01618,TX,medium,self_serve,255,2026-04-29
acct_01619,IL,small,sales_assisted,832,2026-01-22
acct_01620,CA,small,sales_assisted,900,2026-02-14
acct_01621,CA,large,self_serve,652,2026-03-07
acct_01622,CA,medium,sales_assisted,461,2026-03-26
acct_01623,CA,small,self_serve,469,2026-02-01
acct_01624,CA,small,sales_assisted,830,2026-02-27
acct_01625,CA,large,sales_assisted,489,2026-03-21
acct_01626,CA,medium,self_serve,519,2026-02-26
acct_01627,FL,medium,self_serve,486,2026-02-13
acct_01628,CA,small,self_serve,528,2026-02-13
acct_01629,CA,large,self_serve,539,2026-02-28
acct_01630,FL,large,sales_assisted,632,2026-03-04
acct_01631,CA,medium,self_serve,378,2026-03-31
acct_01632,CA,small,self_serve,655,2026-03-14
acct_01633,CA,medium,self_serve,579,2026-03-17
acct_01634,CA,large,sales_assisted,797,2026-04-24
acct_01635,CA,medium,self_serve,428,2026-02-28
acct_01636,CA,large,sales_assisted,708,2026-02-28
acct_01637,CA,medium,self_serve,550,2026-04-09
acct_01638,VA,small,self_serve,569,2026-02-18
acct_01639,GA,medium,self_serve,618,2026-03-20
acct_01640,CA,large,self_serve,711,2026-03-22
acct_01641,CA,small,self_serve,798,2026-02-03
acct_01642,CA,small,sales_assisted,875,2026-03-04
acct_01643,PA,medium,sales_assisted,413,2026-02-14
acct_01644,NY,medium,self_serve,617,2026-02-13
acct_01645,CA,large,self_serve,893,2026-03-03
acct_01646,CA,small,self_serve,848,2026-02-21
acct_01647,CA,small,self_serve,665,2026-03-25
acct_01648,OH,small,sales_assisted,720,2026-04-06
acct_01649,OH,medium,sales_assisted,296,2026-03-25
acct_01650,CA,medium,sales_assisted,839,2026-02-19
acct_01651,TX,medium,self_serve,875,2026-02-20
acct_01652,CA,medium,self_serve,625,2026-02-18
acct_01653,FL,small,self_serve,900,2026-02-07
acct_01654,GA,medium,sales_assisted,541,2026-04-12
acct_01655,CA,large,self_serve,355,2026-02-28
acct_01656,CA,medium,sales_assisted,789,2026-02-16
acct_01657,TX,small,self_serve,456,2026-03-30
acct_01658,CA,medium,self_serve,858,2026-02-28
acct_01659,NY,small,sales_assisted,900,2026-01-21
acct_01660,CA,small,self_serve,666,2026-02-10
acct_01661,OH,small,self_serve,853,2026-03-14
acct_01662,CA,small,self_serve,728,2026-03-24
acct_01663,CA,small,sales_assisted,611,2026-02-15
acct_01664,CA,medium,self_serve,505,2026-04-08
acct_01665,CA,small,sales_assisted,641,2026-03-30
acct_01666,CA,medium,self_serve,509,2026-03-30
acct_01667,FL,large,self_serve,681,2026-02-16
acct_01668,CA,medium,self_serve,825,2026-01-25
acct_01669,CA,medium,self_serve,396,2026-04-01
acct_01670,CA,medium,sales_assisted,373,2026-02-22
acct_01671,CA,small,sales_assisted,671,2026-03-12
acct_01672,OH,medium,sales_assisted,297,2026-03-22
acct_01673,NC,medium,sales_assisted,619,2026-02-07
acct_01674,CA,large,self_serve,322,2026-03-24
acct_01675,NY,large,self_serve,268,2026-04-11
acct_01676,FL,large,sales_assisted,667,2026-03-20
acct_01677,VA,medium,self_serve,642,2026-03-02
acct_01678,CA,medium,sales_assisted,513,2026-04-02
acct_01679,CA,large,self_serve,458,2026-03-07
acct_01680,CA,large,self_serve,501,2026-03-21
acct_01681,IL,medium,self_serve,632,2026-03-27
acct_01682,FL,large,self_serve,592,2026-03-21
acct_01683,CA,large,self_serve,835,2026-02-21
acct_01684,CA,medium,self_serve,900,2026-02-05
acct_01685,FL,small,self_serve,690,2026-02-17
acct_01686,IL,small,self_serve,382,2026-03-06
acct_01687,CA,medium,self_serve,546,2026-03-06
acct_01688,FL,small,self_serve,629,2026-03-10
acct_01689,CA,medium,self_serve,571,2026-02-27
acct_01690,CA,medium,sales_assisted,429,2026-03-24
acct_01691,TX,large,self_serve,542,2026-04-07
acct_01692,NY,large,self_serve,900,2026-02-18
acct_01693,MI,medium,self_serve,530,2026-03-20
acct_01694,CA,medium,self_serve,619,2026-03-16
acct_01695,CA,small,self_serve,459,2026-03-07
acct_01696,CA,medium,self_serve,900,2026-02-13
acct_01697,CA,small,self_serve,715,2026-03-25
acct_01698,CA,medium,self_serve,616,2026-04-16
acct_01699,CA,large,self_serve,811,2026-03-19
acct_01700,CA,medium,self_serve,463,2026-04-08
acct_01701,CA,medium,self_serve,418,2026-04-24
acct_01702,CA,medium,self_serve,900,2026-02-25
acct_01703,NY,large,self_serve,722,2026-03-14
acct_01704,CA,medium,sales_assisted,335,2026-03-04
acct_01705,TX,medium,self_serve,528,2026-04-25
acct_01706,OH,small,self_serve,700,2026-02-02
acct_01707,TX,medium,self_serve,818,2026-02-28
acct_01708,CA,small,self_serve,613,2026-04-02
acct_01709,CA,medium,self_serve,454,2026-02-20
acct_01710,TX,medium,sales_assisted,628,2026-03-24
acct_01711,TX,small,sales_assisted,719,2026-02-27
acct_01712,CA,medium,self_serve,526,2026-04-22
acct_01713,CA,small,self_serve,634,2026-04-03
acct_01714,TX,small,sales_assisted,900,2026-02-21
acct_01715,CA,small,self_serve,654,2026-03-23
acct_01716,TX,small,self_serve,703,2026-02-24
acct_01717,CA,large,sales_assisted,808,2026-03-12
acct_01718,CA,large,self_serve,900,2026-03-15
acct_01719,NY,medium,self_serve,709,2026-03-28
acct_01720,CA,medium,self_serve,878,2026-01-18
acct_01721,TX,medium,self_serve,800,2026-02-15
acct_01722,CA,large,self_serve,650,2026-03-18
acct_01723,CA,medium,self_serve,650,2026-03-09
acct_01724,GA,small,self_serve,900,2026-03-05
acct_01725,CA,medium,self_serve,703,2026-01-26
acct_01726,CA,large,self_serve,869,2026-02-25
acct_01727,OH,small,sales_assisted,537,2026-04-01
acct_01728,FL,medium,self_serve,617,2026-01-20
acct_01729,FL,small,sales_assisted,659,2026-02-27
acct_01730,CA,small,self_serve,425,2026-04-13
acct_01731,CA,medium,self_serve,900,2026-01-25
acct_01732,FL,small,self_serve,613,2026-03-21
acct_01733,CA,large,self_serve,570,2026-02-18
acct_01734,CA,medium,self_serve,776,2026-04-01
acct_01735,NY,small,sales_assisted,763,2026-03-21
acct_01736,CA,large,sales_assisted,785,2026-04-03
acct_01737,CA,medium,sales_assisted,771,2026-02-15
acct_01738,CA,medium,self_serve,650,2026-03-07
acct_01739,CA,medium,self_serve,697,2026-03-23
acct_01740,TX,large,self_serve,641,2026-02-17
acct_01741,OH,medium,self_serve,751,2026-02-16
acct_01742,CA,small,sales_assisted,817,2026-01-19
acct_01743,CA,small,sales_assisted,276,2026-04-16
acct_01744,TX,small,self_serve,631,2026-03-18
acct_01745,CA,medium,sales_assisted,565,2026-03-13
acct_01746,CA,small,sales_assisted,563,2026-03-21
acct_01747,GA,medium,self_serve,710,2026-03-07
acct_01748,TX,medium,sales_assisted,858,2026-03-04
acct_01749,CA,large,self_serve,544,2026-03-03
acct_01750,NJ,medium,self_serve,577,2026-03-14
acct_01751,CA,large,self_serve,625,2026-02-14
acct_01752,GA,large,self_serve,423,2026-04-03
acct_01753,TX,small,self_serve,490,2026-03-26
acct_01754,TX,medium,sales_assisted,666,2026-02-25
acct_01755,GA,small,self_serve,731,2026-03-10
acct_01756,TX,large,self_serve,812,2026-02-08
acct_01757,CA,medium,self_serve,321,2026-04-20
acct_01758,CA,small,self_serve,734,2026-04-05
acct_01759,FL,small,sales_assisted,669,2026-04-08
acct_01760,TX,medium,self_serve,568,2026-02-23
acct_01761,CA,large,sales_assisted,900,2026-02-11
acct_01762,FL,medium,self_serve,785,2026-02-15
acct_01763,FL,small,self_serve,764,2026-02-02
acct_01764,CA,small,self_serve,825,2026-02-06
acct_01765,CA,medium,self_serve,796,2026-01-30
acct_01766,CA,medium,sales_assisted,533,2026-04-27
acct_01767,CA,small,self_serve,828,2026-01-30
acct_01768,CA,small,self_serve,717,2026-02-07
acct_01769,CA,large,self_serve,268,2026-03-28
acct_01770,CA,medium,sales_assisted,723,2026-03-10
acct_01771,CA,medium,self_serve,535,2026-03-23
acct_01772,FL,medium,sales_assisted,748,2026-03-13
acct_01773,CA,medium,sales_assisted,620,2026-04-03
acct_01774,VA,medium,self_serve,575,2026-03-14
acct_01775,GA,small,self_serve,809,2026-03-07
acct_01776,TX,small,self_serve,638,2026-03-19
acct_01777,MI,large,self_serve,700,2026-03-02
acct_01778,OH,large,sales_assisted,679,2026-02-24
acct_01779,CA,medium,self_serve,900,2026-03-04
acct_01780,FL,small,sales_assisted,645,2026-02-11
acct_01781,CA,small,self_serve,535,2026-03-25
acct_01782,FL,small,self_serve,534,2026-02-19
acct_01783,CA,large,sales_assisted,869,2026-02-09
acct_01784,CA,large,self_serve,636,2026-02-18
acct_01785,CA,medium,self_serve,497,2026-03-29
acct_01786,NC,large,self_serve,626,2026-02-23
acct_01787,CA,small,self_serve,625,2026-03-17
acct_01788,CA,medium,sales_assisted,372,2026-03-31
acct_01789,CA,small,self_serve,459,2026-01-31
acct_01790,CA,small,sales_assisted,664,2026-03-22
acct_01791,PA,large,self_serve,390,2026-02-22
acct_01792,NY,large,self_serve,864,2026-02-15
acct_01793,CA,small,self_serve,849,2026-03-17
acct_01794,CA,small,sales_assisted,511,2026-04-06
acct_01795,CA,medium,self_serve,900,2026-02-21
acct_01796,CA,small,self_serve,644,2026-03-09
acct_01797,NY,medium,self_serve,900,2026-02-21
acct_01798,FL,medium,self_serve,579,2026-03-09
acct_01799,CA,small,sales_assisted,277,2026-03-13
acct_01800,TX,small,self_serve,624,2026-03-12
acct_01801,CA,small,sales_assisted,888,2026-03-13
acct_01802,TX,large,self_serve,848,2026-02-07
acct_01803,TX,small,self_serve,538,2026-03-17
acct_01804,FL,medium,self_serve,669,2026-03-16
acct_01805,TX,small,sales_assisted,765,2026-03-16
acct_01806,NC,medium,self_serve,787,2026-01-30
acct_01807,CA,small,self_serve,900,2026-03-02
acct_01808,CA,small,self_serve,606,2026-02-28
acct_01809,CA,medium,self_serve,900,2026-02-01
acct_01810,TX,medium,self_serve,846,2026-02-16
acct_01811,TX,small,sales_assisted,571,2026-03-02
acct_01812,TX,small,self_serve,536,2026-03-21
acct_01813,FL,large,self_serve,880,2026-02-17
acct_01814,CA,small,self_serve,593,2026-03-28
acct_01815,FL,small,self_serve,702,2026-03-08
acct_01816,FL,medium,self_serve,350,2026-03-22
acct_01817,CA,small,sales_assisted,766,2026-03-04
acct_01818,CA,medium,self_serve,707,2026-03-05
acct_01819,CA,medium,sales_assisted,622,2026-03-13
acct_01820,CA,medium,self_serve,578,2026-04-09
acct_01821,NY,medium,sales_assisted,602,2026-03-05
acct_01822,OH,medium,self_serve,567,2026-03-07
acct_01823,TX,medium,sales_assisted,603,2026-03-11
acct_01824,CA,small,self_serve,534,2026-03-20
acct_01825,FL,small,self_serve,900,2026-01-30
acct_01826,FL,medium,self_serve,796,2026-03-06
acct_01827,CA,small,self_serve,522,2026-03-04
acct_01828,PA,small,self_serve,833,2026-04-08
acct_01829,CA,small,self_serve,599,2026-03-05
acct_01830,CA,medium,sales_assisted,672,2026-03-04
acct_01831,CA,small,sales_assisted,626,2026-04-17
acct_01832,CA,medium,self_serve,376,2026-03-03
acct_01833,OH,medium,sales_assisted,712,2026-02-12
acct_01834,CA,medium,self_serve,649,2026-02-15
acct_01835,CA,small,self_serve,818,2026-02-02
acct_01836,CA,large,self_serve,900,2026-01-07
acct_01837,CA,small,self_serve,664,2026-03-02
acct_01838,CA,large,self_serve,573,2026-03-23
acct_01839,CA,medium,self_serve,763,2026-03-20
acct_01840,FL,small,self_serve,881,2026-01-21
acct_01841,CA,medium,self_serve,650,2026-03-10
acct_01842,NY,medium,sales_assisted,778,2026-02-10
acct_01843,CA,medium,self_serve,787,2026-04-12
acct_01844,FL,medium,sales_assisted,777,2026-02-11
acct_01845,NY,medium,self_serve,554,2026-03-13
acct_01846,CA,medium,self_serve,417,2026-02-23
acct_01847,CA,large,self_serve,412,2026-03-14
acct_01848,NC,small,sales_assisted,613,2026-02-28
acct_01849,CA,medium,self_serve,579,2026-03-22
acct_01850,TX,medium,self_serve,648,2026-02-16
acct_01851,CA,medium,sales_assisted,588,2026-04-06
acct_01852,CA,medium,sales_assisted,574,2026-03-06
acct_01853,TX,small,self_serve,458,2026-03-22
acct_01854,OH,medium,self_serve,655,2026-03-30
acct_01855,CA,small,self_serve,637,2026-05-02
acct_01856,NY,small,self_serve,565,2026-02-16
acct_01857,FL,medium,sales_assisted,752,2026-02-20
acct_01858,CA,small,self_serve,438,2026-02-18
acct_01859,CA,small,self_serve,498,2026-02-19
acct_01860,CA,small,self_serve,555,2026-03-10
acct_01861,CA,medium,self_serve,614,2026-04-29
acct_01862,FL,large,self_serve,335,2026-04-27
acct_01863,CA,medium,self_serve,533,2026-03-07
acct_01864,CA,small,self_serve,633,2026-03-14
acct_01865,FL,large,self_serve,565,2026-03-31
acct_01866,TX,small,self_serve,402,2026-04-10
acct_01867,TX,large,self_serve,900,2026-02-14
acct_01868,TX,medium,self_serve,616,2026-03-07
acct_01869,CA,small,self_serve,589,2026-03-28
acct_01870,FL,medium,sales_assisted,647,2026-02-22
acct_01871,CA,small,sales_assisted,741,2026-03-02
acct_01872,CA,medium,sales_assisted,645,2026-04-25
acct_01873,CA,small,self_serve,709,2026-04-25
acct_01874,TX,large,self_serve,421,2026-04-06
acct_01875,TX,medium,self_serve,749,2026-03-25
acct_01876,CA,large,sales_assisted,802,2026-02-19
acct_01877,IL,large,self_serve,850,2026-02-23
acct_01878,PA,small,self_serve,638,2026-03-08
acct_01879,CA,medium,self_serve,619,2026-03-09
acct_01880,FL,large,self_serve,800,2026-03-06
acct_01881,CA,small,sales_assisted,771,2026-03-14
acct_01882,VA,small,self_serve,900,2026-02-28
acct_01883,CA,small,self_serve,629,2026-03-21
acct_01884,CA,small,sales_assisted,683,2026-02-24
acct_01885,CA,large,self_serve,335,2026-02-23
acct_01886,CA,medium,self_serve,526,2026-02-07
acct_01887,FL,medium,self_serve,684,2026-02-13
acct_01888,CA,large,self_serve,398,2026-03-30
acct_01889,CA,small,self_serve,798,2026-03-02
acct_01890,TX,medium,self_serve,535,2026-02-16
acct_01891,OH,small,sales_assisted,520,2026-03-22
acct_01892,NY,small,self_serve,578,2026-03-09
acct_01893,TX,small,self_serve,900,2026-01-17
acct_01894,CA,small,self_serve,616,2026-02-22
acct_01895,CA,medium,sales_assisted,815,2026-02-12
acct_01896,OH,medium,self_serve,653,2026-03-15
acct_01897,FL,small,sales_assisted,851,2026-02-20
acct_01898,TX,small,self_serve,900,2026-01-28
acct_01899,OH,medium,self_serve,810,2026-01-26
acct_01900,CA,small,sales_assisted,389,2026-03-10
acct_01901,FL,large,self_serve,817,2026-01-17
acct_01902,CA,large,self_serve,561,2026-03-30
acct_01903,CA,medium,sales_assisted,798,2026-02-10
acct_01904,CA,medium,self_serve,525,2026-03-12
acct_01905,CA,medium,self_serve,847,2026-03-02
acct_01906,NC,medium,sales_assisted,678,2026-03-02
acct_01907,CA,large,sales_assisted,661,2026-01-30
acct_01908,NY,large,sales_assisted,515,2026-03-25
acct_01909,FL,medium,sales_assisted,833,2026-04-04
acct_01910,FL,medium,self_serve,900,2026-01-13
acct_01911,GA,large,sales_assisted,900,2026-02-12
acct_01912,CA,small,self_serve,379,2026-04-06
acct_01913,CA,medium,self_serve,548,2026-03-08
acct_01914,CA,medium,self_serve,657,2026-02-09
acct_01915,CA,medium,sales_assisted,767,2026-02-14
acct_01916,OH,small,self_serve,597,2026-03-15
acct_01917,CA,small,sales_assisted,534,2026-03-19
acct_01918,CA,small,self_serve,585,2026-03-11
acct_01919,CA,medium,self_serve,384,2026-04-14
acct_01920,CA,large,self_serve,637,2026-03-05
acct_01921,FL,large,self_serve,878,2026-02-21
acct_01922,CA,small,self_serve,441,2026-03-04
acct_01923,NY,small,self_serve,747,2026-02-25
acct_01924,TX,medium,self_serve,900,2026-02-16
acct_01925,NY,medium,self_serve,796,2026-01-24
acct_01926,CA,medium,self_serve,616,2026-02-25
acct_01927,TX,small,self_serve,750,2026-03-18
acct_01928,CA,small,self_serve,708,2026-01-16
acct_01929,CA,medium,self_serve,672,2026-03-02
acct_01930,FL,medium,self_serve,472,2026-03-14
acct_01931,TX,small,self_serve,355,2026-03-12
acct_01932,CA,large,self_serve,569,2026-03-23
acct_01933,IL,medium,self_serve,390,2026-03-26
acct_01934,CA,large,self_serve,610,2026-03-18
acct_01935,TX,medium,self_serve,900,2026-02-03
acct_01936,NJ,medium,self_serve,900,2026-03-04
acct_01937,TX,large,self_serve,650,2026-03-12
acct_01938,NY,large,self_serve,880,2026-02-17
acct_01939,TX,large,sales_assisted,887,2026-01-23
acct_01940,NY,large,self_serve,674,2026-02-16
acct_01941,FL,medium,self_serve,383,2026-03-03
acct_01942,FL,small,sales_assisted,900,2026-02-28
acct_01943,CA,small,self_serve,590,2026-02-12
acct_01944,FL,large,self_serve,783,2026-03-27
acct_01945,CA,small,sales_assisted,604,2026-04-09
acct_01946,NJ,medium,self_serve,593,2026-02-14
acct_01947,CA,large,sales_assisted,566,2026-04-10
acct_01948,CA,large,self_serve,900,2026-01-16
acct_01949,IL,large,self_serve,754,2026-04-09
acct_01950,CA,medium,self_serve,427,2026-04-14
acct_01951,CA,medium,self_serve,761,2026-01-13
acct_01952,FL,large,sales_assisted,611,2026-03-22
acct_01953,CA,small,self_serve,459,2026-04-19
acct_01954,CA,small,self_serve,715,2026-04-06
acct_01955,CA,large,self_serve,594,2026-04-19
acct_01956,CA,medium,sales_assisted,398,2026-03-08
acct_01957,CA,medium,self_serve,864,2026-01-31
acct_01958,CA,small,sales_assisted,537,2026-03-30
acct_01959,CA,medium,self_serve,641,2026-03-12
acct_01960,CA,large,sales_assisted,673,2026-03-12
acct_01961,CA,medium,self_serve,859,2026-03-01
acct_01962,TX,medium,self_serve,790,2026-03-10
acct_01963,TX,medium,self_serve,647,2026-02-09
acct_01964,CA,large,self_serve,595,2026-03-20
acct_01965,CA,large,self_serve,732,2026-01-30
acct_01966,OH,medium,self_serve,351,2026-03-20
acct_01967,TX,medium,sales_assisted,547,2026-03-30
acct_01968,CA,small,sales_assisted,900,2026-03-04
acct_01969,CA,medium,sales_assisted,403,2026-03-06
acct_01970,CA,small,sales_assisted,704,2026-02-22
acct_01971,NY,medium,sales_assisted,475,2026-04-19
acct_01972,OH,medium,self_serve,647,2026-03-20
acct_01973,OH,small,self_serve,547,2026-02-26
acct_01974,CA,small,sales_assisted,534,2026-02-12
acct_01975,CA,small,sales_assisted,529,2026-02-15
acct_01976,CA,small,sales_assisted,871,2026-03-03
acct_01977,CA,medium,sales_assisted,364,2026-04-12
acct_01978,CA,small,self_serve,529,2026-03-20
acct_01979,TX,small,sales_assisted,900,2026-02-15
acct_01980,CA,large,sales_assisted,449,2026-03-31
acct_01981,GA,small,self_serve,743,2026-02-26
acct_01982,CA,large,sales_assisted,723,2026-03-30
acct_01983,CA,medium,self_serve,880,2026-02-17
acct_01984,IL,medium,sales_assisted,436,2026-03-12
acct_01985,FL,medium,self_serve,416,2026-04-09
acct_01986,CA,small,sales_assisted,769,2026-02-18
acct_01987,TX,large,self_serve,900,2026-03-17
acct_01988,CA,large,self_serve,341,2026-04-26
acct_01989,CA,small,self_serve,685,2026-02-09
acct_01990,CA,medium,self_serve,854,2026-02-01
acct_01991,CA,medium,self_serve,712,2026-03-16
acct_01992,TX,large,sales_assisted,802,2026-02-24
acct_01993,CA,large,self_serve,677,2026-01-29
acct_01994,FL,small,sales_assisted,588,2026-03-04
acct_01995,NY,large,self_serve,632,2026-03-21
acct_01996,CA,large,self_serve,900,2026-02-20
acct_01997,CA,medium,sales_assisted,664,2026-02-24
acct_01998,CA,small,sales_assisted,564,2026-03-29
acct_01999,NY,large,self_serve,502,2026-03-07
acct_02000,FL,medium,sales_assisted,847,2026-03-29
acct_02001,FL,small,sales_assisted,699,2026-03-02
acct_02002,CA,large,self_serve,665,2026-04-14
acct_02003,CA,medium,sales_assisted,632,2026-03-14
acct_02004,TX,large,sales_assisted,788,2026-02-05
acct_02005,CA,medium,self_serve,322,2026-04-03
acct_02006,FL,small,self_serve,341,2026-03-05
acct_02007,CA,large,self_serve,900,2026-02-08
acct_02008,CA,medium,self_serve,771,2026-02-09
acct_02009,TX,medium,sales_assisted,646,2026-03-17
acct_02010,CA,medium,sales_assisted,632,2026-01-25
acct_02011,TX,small,self_serve,580,2026-02-20
acct_02012,CA,medium,self_serve,900,2026-02-08
acct_02013,GA,medium,self_serve,900,2026-03-02
acct_02014,PA,large,self_serve,586,2026-03-01
acct_02015,OH,large,sales_assisted,756,2026-03-07
acct_02016,TX,medium,self_serve,744,2026-02-20
acct_02017,FL,small,self_serve,817,2026-01-21
acct_02018,TX,medium,self_serve,900,2026-03-12
acct_02019,CA,small,self_serve,624,2026-02-26
acct_02020,CA,large,sales_assisted,814,2026-03-14
acct_02021,TX,medium,sales_assisted,837,2026-02-04
acct_02022,CA,large,self_serve,861,2026-01-14
acct_02023,CA,small,self_serve,900,2026-02-18
acct_02024,IL,small,self_serve,715,2026-03-03
acct_02025,CA,large,self_serve,673,2026-02-27
acct_02026,TX,medium,self_serve,786,2026-03-26
acct_02027,TX,large,self_serve,879,2026-02-26
acct_02028,CA,large,sales_assisted,836,2026-03-07
acct_02029,OH,medium,self_serve,56,2026-03-11
acct_02030,CA,medium,self_serve,900,2026-01-17
acct_02031,OH,medium,self_serve,691,2026-03-06
acct_02032,NY,large,sales_assisted,694,2026-02-24
acct_02033,CA,large,self_serve,771,2026-03-01
acct_02034,CA,small,self_serve,823,2026-02-03
acct_02035,CA,medium,sales_assisted,689,2026-03-24
acct_02036,CA,small,self_serve,471,2026-04-12
acct_02037,CA,medium,sales_assisted,900,2026-01-17
acct_02038,VA,large,self_serve,756,2026-03-11
acct_02039,CA,large,sales_assisted,677,2026-03-22
acct_02040,PA,medium,sales_assisted,790,2026-02-20
acct_02041,CA,small,self_serve,761,2026-03-24
acct_02042,NJ,small,self_serve,785,2026-03-13
acct_02043,CA,small,self_serve,503,2026-04-10
acct_02044,CA,small,sales_assisted,616,2026-04-23
acct_02045,TX,large,sales_assisted,854,2026-01-23
acct_02046,CA,medium,sales_assisted,900,2026-03-02
acct_02047,NY,small,sales_assisted,816,2026-03-08
acct_02048,CA,medium,self_serve,666,2026-02-09
acct_02049,TX,small,self_serve,900,2026-02-24
acct_02050,TX,small,self_serve,140,2026-04-26
acct_02051,TX,large,sales_assisted,900,2026-01-15
acct_02052,CA,small,sales_assisted,567,2026-03-03
acct_02053,CA,medium,self_serve,850,2026-03-29
acct_02054,CA,medium,self_serve,741,2026-02-23
acct_02055,CA,small,self_serve,548,2026-03-04
acct_02056,CA,small,sales_assisted,432,2026-04-22
acct_02057,GA,small,sales_assisted,560,2026-03-04
acct_02058,TX,small,self_serve,722,2026-02-07
acct_02059,TX,large,self_serve,766,2026-01-26
acct_02060,CA,medium,self_serve,395,2026-04-13
acct_02061,CA,medium,self_serve,760,2026-02-19
acct_02062,TX,small,sales_assisted,718,2026-03-06
acct_02063,CA,large,self_serve,638,2026-02-02
acct_02064,CA,small,self_serve,431,2026-03-01
acct_02065,CA,large,self_serve,566,2026-04-10
acct_02066,TX,small,self_serve,739,2026-03-06
acct_02067,NJ,large,sales_assisted,593,2026-04-19
acct_02068,CA,small,self_serve,806,2026-02-18
acct_02069,CA,small,self_serve,895,2026-03-06
acct_02070,CA,medium,self_serve,709,2026-03-31
acct_02071,CA,small,sales_assisted,900,2026-03-03
acct_02072,FL,medium,sales_assisted,900,2026-02-20
acct_02073,CA,medium,self_serve,296,2026-03-31
acct_02074,TX,medium,self_serve,358,2026-02-27
acct_02075,CA,small,self_serve,654,2026-03-07
acct_02076,CA,medium,self_serve,551,2026-04-21
acct_02077,GA,small,self_serve,732,2026-02-13
acct_02078,CA,large,sales_assisted,817,2026-02-21
acct_02079,NY,medium,sales_assisted,799,2026-01-20
acct_02080,CA,medium,self_serve,583,2026-02-27
acct_02081,NC,large,self_serve,658,2026-02-14
acct_02082,CA,medium,self_serve,589,2026-03-16
acct_02083,CA,medium,self_serve,874,2026-02-12
acct_02084,NY,small,self_serve,546,2026-03-16
acct_02085,CA,medium,self_serve,676,2026-02-19
acct_02086,CA,small,sales_assisted,781,2026-02-25
acct_02087,VA,small,self_serve,666,2026-02-25
acct_02088,TX,large,sales_assisted,775,2026-03-19
acct_02089,FL,small,self_serve,530,2026-03-04
acct_02090,FL,medium,self_serve,525,2026-02-25
acct_02091,PA,small,self_serve,609,2026-03-30
acct_02092,IL,medium,sales_assisted,704,2026-03-10
acct_02093,TX,large,self_serve,606,2026-02-15
acct_02094,CA,small,self_serve,741,2026-04-05
acct_02095,CA,medium,sales_assisted,900,2026-02-24
acct_02096,TX,medium,sales_assisted,733,2026-01-23
acct_02097,PA,large,self_serve,887,2026-03-05
acct_02098,CA,small,self_serve,414,2026-02-06
acct_02099,CA,medium,self_serve,889,2026-02-17
acct_02100,CA,medium,sales_assisted,471,2026-03-21
acct_02101,TX,medium,self_serve,900,2026-02-07
acct_02102,PA,small,self_serve,435,2026-03-26
acct_02103,CA,small,self_serve,505,2026-04-11
acct_02104,TX,medium,self_serve,514,2026-03-12
acct_02105,NY,small,sales_assisted,579,2026-03-18
acct_02106,NC,medium,sales_assisted,882,2026-03-19
acct_02107,CA,medium,self_serve,431,2026-04-28
acct_02108,GA,medium,sales_assisted,900,2026-02-24
acct_02109,TX,small,self_serve,698,2026-02-10
acct_02110,NY,small,self_serve,879,2026-03-07
acct_02111,CA,medium,self_serve,412,2026-03-07
acct_02112,TX,medium,sales_assisted,705,2026-02-12
acct_02113,TX,large,self_serve,555,2026-03-12
acct_02114,CA,medium,self_serve,900,2026-01-14
acct_02115,CA,medium,sales_assisted,551,2026-04-09
acct_02116,TX,small,self_serve,406,2026-02-19
acct_02117,TX,large,sales_assisted,631,2026-01-23
acct_02118,CA,small,self_serve,628,2026-02-04
acct_02119,CA,small,self_serve,868,2026-02-17
acct_02120,CA,small,self_serve,836,2026-02-20
acct_02121,GA,small,self_serve,790,2026-01-21
acct_02122,MI,medium,self_serve,633,2026-02-20
acct_02123,CA,small,self_serve,851,2026-02-13
acct_02124,CA,small,sales_assisted,522,2026-02-26
acct_02125,CA,small,sales_assisted,756,2026-02-27
acct_02126,CA,large,sales_assisted,755,2026-02-24
acct_02127,OH,medium,self_serve,662,2026-02-23
acct_02128,TX,large,self_serve,847,2026-02-02
acct_02129,CA,large,self_serve,863,2026-01-18
acct_02130,CA,large,self_serve,814,2026-02-14
acct_02131,CA,medium,sales_assisted,395,2026-03-22
acct_02132,PA,small,self_serve,544,2026-04-27
acct_02133,TX,small,self_serve,677,2026-04-09
acct_02134,TX,small,self_serve,708,2026-03-06
acct_02135,CA,medium,self_serve,746,2026-03-07
acct_02136,GA,small,self_serve,691,2026-02-22
acct_02137,CA,small,self_serve,725,2026-03-23
acct_02138,PA,medium,self_serve,605,2026-03-22
acct_02139,OH,small,self_serve,395,2026-03-29
acct_02140,CA,small,self_serve,667,2026-04-04
acct_02141,OH,small,sales_assisted,430,2026-03-02
acct_02142,CA,medium,self_serve,638,2026-03-22
acct_02143,FL,small,self_serve,522,2026-03-26
acct_02144,CA,small,self_serve,640,2026-02-22
acct_02145,CA,small,self_serve,545,2026-04-10
acct_02146,CA,medium,sales_assisted,681,2026-02-02
acct_02147,CA,small,self_serve,520,2026-04-29
acct_02148,CA,small,sales_assisted,600,2026-03-23
acct_02149,CA,large,sales_assisted,695,2026-02-02
acct_02150,TX,large,self_serve,824,2026-03-15
acct_02151,CA,small,self_serve,866,2026-01-21
acct_02152,CA,small,self_serve,686,2026-03-23
acct_02153,VA,small,self_serve,796,2026-03-25
acct_02154,NC,medium,self_serve,850,2026-03-11
acct_02155,CA,small,self_serve,646,2026-03-31
acct_02156,CA,large,self_serve,738,2026-02-03
acct_02157,FL,large,self_serve,501,2026-02-20
acct_02158,FL,medium,self_serve,711,2026-03-01
acct_02159,CA,small,self_serve,900,2026-01-23
acct_02160,FL,large,sales_assisted,725,2026-03-03
acct_02161,CA,medium,self_serve,203,2026-02-19
acct_02162,CA,medium,self_serve,818,2026-02-27
acct_02163,FL,small,sales_assisted,819,2026-03-01
acct_02164,TX,medium,self_serve,506,2026-04-02
acct_02165,PA,large,self_serve,868,2026-02-19
acct_02166,CA,large,self_serve,638,2026-04-04
acct_02167,CA,medium,self_serve,577,2026-03-01
acct_02168,CA,medium,sales_assisted,894,2026-02-23
acct_02169,CA,medium,self_serve,469,2026-03-06
acct_02170,CA,medium,self_serve,671,2026-03-01
acct_02171,TX,large,self_serve,700,2026-02-18
acct_02172,TX,medium,self_serve,536,2026-03-06
acct_02173,FL,small,self_serve,805,2026-02-09
acct_02174,CA,small,sales_assisted,892,2026-02-25
acct_02175,CA,medium,self_serve,835,2026-03-09
acct_02176,FL,large,self_serve,792,2026-02-28
acct_02177,CA,small,self_serve,321,2026-03-27
acct_02178,IL,small,sales_assisted,523,2026-02-18
acct_02179,CA,large,self_serve,508,2026-04-19
acct_02180,TX,medium,self_serve,582,2026-03-24
acct_02181,OH,small,self_serve,413,2026-04-18
acct_02182,TX,small,sales_assisted,853,2026-03-29
acct_02183,TX,medium,self_serve,779,2026-02-08
acct_02184,FL,small,sales_assisted,737,2026-03-07
acct_02185,CA,medium,self_serve,900,2026-02-11
acct_02186,FL,medium,sales_assisted,584,2026-03-27
acct_02187,OH,medium,sales_assisted,900,2026-03-10
acct_02188,MI,medium,self_serve,578,2026-02-19
acct_02189,CA,small,self_serve,429,2026-04-10
acct_02190,CA,small,self_serve,634,2026-02-05
acct_02191,NY,small,self_serve,882,2026-03-09
acct_02192,TX,small,self_serve,728,2026-03-19
acct_02193,CA,medium,self_serve,730,2026-01-27
acct_02194,CA,small,sales_assisted,510,2026-03-11
acct_02195,CA,medium,self_serve,783,2026-03-27
acct_02196,CA,small,self_serve,858,2026-01-29
acct_02197,CA,small,self_serve,871,2026-03-06
acct_02198,CA,small,self_serve,714,2026-02-18
acct_02199,CA,medium,self_serve,700,2026-03-15
acct_02200,GA,medium,self_serve,817,2026-02-06
acct_02201,CA,large,self_serve,422,2026-04-11
acct_02202,CA,small,sales_assisted,522,2026-04-04
acct_02203,CA,medium,self_serve,566,2026-02-13
acct_02204,CA,medium,sales_assisted,778,2026-02-23
acct_02205,MI,small,self_serve,754,2026-03-11
acct_02206,OH,small,self_serve,756,2026-03-19
acct_02207,CA,small,self_serve,775,2026-03-02
acct_02208,CA,small,self_serve,736,2026-02-10
acct_02209,CA,large,sales_assisted,900,2026-02-04
acct_02210,CA,small,self_serve,561,2026-05-03
acct_02211,CA,medium,self_serve,880,2026-03-03
acct_02212,CA,medium,sales_assisted,773,2026-04-01
acct_02213,CA,small,self_serve,649,2026-03-04
acct_02214,TX,medium,sales_assisted,586,2026-04-08
acct_02215,CA,small,self_serve,900,2026-02-01
acct_02216,CA,medium,sales_assisted,603,2026-02-05
acct_02217,CA,small,self_serve,350,2026-04-10
acct_02218,CA,small,self_serve,313,2026-04-13
acct_02219,CA,small,self_serve,691,2026-02-22
acct_02220,CA,medium,self_serve,646,2026-02-25
acct_02221,CA,medium,sales_assisted,456,2026-03-03
acct_02222,CA,medium,self_serve,702,2026-03-01
acct_02223,NY,small,self_serve,729,2026-02-13
acct_02224,GA,large,self_serve,717,2026-04-05
acct_02225,CA,small,sales_assisted,900,2026-02-18
acct_02226,CA,large,self_serve,680,2026-03-18
acct_02227,FL,medium,sales_assisted,699,2026-01-29
acct_02228,TX,medium,self_serve,900,2026-01-22
acct_02229,CA,medium,sales_assisted,625,2026-03-15
acct_02230,CA,medium,self_serve,663,2026-02-24
acct_02231,CA,medium,self_serve,494,2026-03-15
acct_02232,TX,small,self_serve,718,2026-02-02
acct_02233,CA,medium,self_serve,477,2026-04-14
acct_02234,CA,small,sales_assisted,720,2026-03-21
acct_02235,CA,medium,sales_assisted,628,2026-04-02
acct_02236,CA,medium,self_serve,900,2026-02-08
acct_02237,CA,large,sales_assisted,805,2026-02-23
acct_02238,FL,medium,self_serve,755,2026-02-26
acct_02239,TX,small,self_serve,606,2026-03-08
acct_02240,CA,medium,self_serve,556,2026-02-21
acct_02241,CA,small,self_serve,726,2026-01-27
acct_02242,PA,medium,self_serve,587,2026-02-26
acct_02243,CA,medium,self_serve,339,2026-02-18
acct_02244,CA,medium,self_serve,536,2026-02-27
acct_02245,CA,small,sales_assisted,900,2026-02-14
acct_02246,NY,small,sales_assisted,775,2026-02-19
acct_02247,FL,medium,self_serve,575,2026-03-13
acct_02248,OH,small,self_serve,747,2026-02-27
acct_02249,TX,small,sales_assisted,406,2026-02-24
acct_02250,CA,small,self_serve,698,2026-03-07
acct_02251,CA,medium,sales_assisted,783,2026-03-23
acct_02252,CA,small,self_serve,673,2026-02-26
acct_02253,FL,medium,self_serve,374,2026-03-11
acct_02254,TX,large,self_serve,425,2026-04-18
acct_02255,CA,medium,sales_assisted,847,2026-03-07
acct_02256,OH,small,sales_assisted,574,2026-04-06
acct_02257,CA,small,self_serve,371,2026-03-25
acct_02258,CA,small,sales_assisted,900,2026-01-27
acct_02259,CA,medium,sales_assisted,491,2026-03-01
acct_02260,OH,medium,self_serve,575,2026-03-18
acct_02261,GA,small,sales_assisted,304,2026-04-25
acct_02262,CA,small,self_serve,516,2026-03-03
acct_02263,NC,small,self_serve,720,2026-02-02
acct_02264,OH,small,self_serve,743,2026-03-09
acct_02265,PA,large,sales_assisted,900,2026-02-06
acct_02266,IL,small,sales_assisted,542,2026-03-21
acct_02267,CA,small,self_serve,508,2026-03-06
acct_02268,NY,small,self_serve,679,2026-03-19
acct_02269,TX,small,self_serve,632,2026-04-01
acct_02270,FL,small,sales_assisted,668,2026-03-13
acct_02271,CA,medium,sales_assisted,677,2026-03-12
acct_02272,FL,small,self_serve,579,2026-03-22
acct_02273,NC,small,self_serve,582,2026-03-29
acct_02274,CA,medium,self_serve,528,2026-04-01
acct_02275,NJ,medium,self_serve,900,2026-01-22
acct_02276,CA,small,self_serve,900,2026-03-09
acct_02277,CA,large,self_serve,762,2026-02-15
acct_02278,CA,small,self_serve,559,2026-03-31
acct_02279,NY,large,self_serve,666,2026-03-14
acct_02280,TX,large,sales_assisted,581,2026-03-01
acct_02281,CA,medium,self_serve,858,2026-02-13
acct_02282,TX,small,self_serve,766,2026-02-24
acct_02283,CA,large,sales_assisted,548,2026-03-18
acct_02284,CA,small,sales_assisted,875,2026-02-14
acct_02285,IL,small,self_serve,790,2026-02-02
acct_02286,FL,medium,self_serve,402,2026-04-03
acct_02287,NY,medium,self_serve,648,2026-03-22
acct_02288,TX,large,self_serve,775,2026-02-14
acct_02289,VA,medium,self_serve,856,2026-02-21
acct_02290,CA,large,self_serve,604,2026-04-20
acct_02291,CA,medium,self_serve,595,2026-03-18
acct_02292,CA,medium,self_serve,565,2026-03-12
acct_02293,TX,medium,sales_assisted,708,2026-02-22
acct_02294,TX,large,self_serve,766,2026-02-21
acct_02295,FL,large,self_serve,900,2026-01-23
acct_02296,CA,large,self_serve,649,2026-03-20
acct_02297,CA,medium,sales_assisted,810,2026-01-24
acct_02298,TX,medium,self_serve,900,2026-01-09
acct_02299,VA,small,self_serve,502,2026-03-20
acct_02300,CA,large,self_serve,875,2026-04-14
acct_02301,CA,small,self_serve,710,2026-03-22
acct_02302,CA,small,sales_assisted,498,2026-03-04
acct_02303,CA,medium,sales_assisted,691,2026-03-05
acct_02304,CA,medium,self_serve,791,2026-03-02
acct_02305,CA,medium,self_serve,651,2026-02-23
acct_02306,FL,small,self_serve,431,2026-03-07
acct_02307,CA,small,self_serve,520,2026-03-02
acct_02308,CA,small,self_serve,721,2026-03-11
acct_02309,CA,small,sales_assisted,276,2026-04-05
acct_02310,GA,small,sales_assisted,222,2026-04-30
acct_02311,CA,medium,self_serve,876,2026-01-31
acct_02312,CA,small,self_serve,654,2026-02-27
acct_02313,CA,small,self_serve,643,2026-02-12
acct_02314,TX,small,self_serve,621,2026-02-25
acct_02315,IL,medium,self_serve,491,2026-02-21
acct_02316,CA,large,sales_assisted,820,2026-02-12
acct_02317,CA,small,sales_assisted,475,2026-03-22
acct_02318,CA,small,self_serve,583,2026-03-05
acct_02319,TX,medium,self_serve,580,2026-04-08
acct_02320,GA,small,self_serve,797,2026-01-21
acct_02321,CA,large,sales_assisted,698,2026-01-29
acct_02322,CA,large,self_serve,385,2026-02-28
acct_02323,NY,medium,self_serve,851,2026-01-31
acct_02324,FL,large,self_serve,731,2026-02-19
acct_02325,CA,medium,self_serve,382,2026-04-25
acct_02326,CA,medium,self_serve,580,2026-02-15
acct_02327,CA,small,self_serve,741,2026-02-14
acct_02328,NY,small,self_serve,716,2026-03-10
acct_02329,FL,small,sales_assisted,678,2026-03-05
acct_02330,FL,medium,self_serve,889,2026-03-10
acct_02331,PA,medium,self_serve,797,2026-02-26
acct_02332,CA,small,sales_assisted,555,2026-03-28
acct_02333,CA,medium,self_serve,874,2026-02-08
acct_02334,CA,small,self_serve,687,2026-03-01
acct_02335,OH,small,self_serve,622,2026-03-17
acct_02336,TX,small,self_serve,750,2026-04-01
acct_02337,CA,medium,sales_assisted,557,2026-02-26
acct_02338,CA,medium,self_serve,651,2026-03-09
acct_02339,FL,medium,self_serve,900,2026-01-29
acct_02340,FL,small,self_serve,798,2026-02-11
acct_02341,FL,medium,self_serve,748,2026-01-29
acct_02342,CA,large,self_serve,348,2026-03-20
acct_02343,OH,small,sales_assisted,371,2026-02-21
acct_02344,NY,medium,sales_assisted,900,2026-03-19
acct_02345,FL,small,sales_assisted,850,2026-01-29
acct_02346,FL,small,self_serve,472,2026-03-31
acct_02347,OH,medium,self_serve,624,2026-03-28
acct_02348,GA,small,sales_assisted,649,2026-02-01
acct_02349,TX,medium,self_serve,798,2026-01-18
acct_02350,CA,large,self_serve,670,2026-01-27
acct_02351,CA,small,sales_assisted,352,2026-03-30
acct_02352,NY,small,self_serve,412,2026-02-17
acct_02353,FL,large,self_serve,412,2026-03-08
acct_02354,CA,medium,sales_assisted,833,2026-03-01
acct_02355,CA,large,self_serve,435,2026-03-25
acct_02356,OH,small,self_serve,744,2026-03-05
acct_02357,OH,medium,self_serve,803,2026-03-06
acct_02358,NC,large,sales_assisted,458,2026-04-26
acct_02359,CA,small,self_serve,715,2026-02-09
acct_02360,NY,large,sales_assisted,591,2026-03-28
acct_02361,PA,medium,self_serve,753,2026-01-26
acct_02362,CA,large,self_serve,848,2026-03-04
acct_02363,CA,small,self_serve,829,2026-04-03
acct_02364,VA,medium,self_serve,841,2026-03-15
acct_02365,CA,small,self_serve,293,2026-03-17
acct_02366,TX,large,self_serve,654,2026-02-19
acct_02367,FL,small,self_serve,680,2026-03-01
acct_02368,FL,small,self_serve,761,2026-02-26
acct_02369,CA,large,sales_assisted,396,2026-03-07
acct_02370,FL,small,sales_assisted,410,2026-03-03
acct_02371,CA,medium,self_serve,900,2026-02-23
acct_02372,PA,small,self_serve,624,2026-02-22
acct_02373,CA,medium,self_serve,500,2026-02-18
acct_02374,FL,small,self_serve,526,2026-02-26
acct_02375,NY,medium,self_serve,818,2026-02-09
acct_02376,CA,medium,self_serve,432,2026-04-01
acct_02377,CA,small,self_serve,676,2026-03-11
acct_02378,NY,small,self_serve,621,2026-02-07
acct_02379,CA,small,sales_assisted,354,2026-03-17
acct_02380,CA,medium,self_serve,777,2026-03-30
acct_02381,CA,small,self_serve,787,2026-02-17
acct_02382,GA,small,self_serve,709,2026-02-09
acct_02383,TX,small,self_serve,797,2026-01-11
acct_02384,CA,medium,self_serve,900,2026-01-25
acct_02385,MI,medium,self_serve,684,2026-03-22
acct_02386,CA,medium,sales_assisted,632,2026-04-25
acct_02387,CA,large,self_serve,736,2026-01-24
acct_02388,CA,medium,self_serve,607,2026-03-21
acct_02389,CA,large,self_serve,860,2026-01-30
acct_02390,CA,medium,sales_assisted,557,2026-03-11
acct_02391,FL,small,sales_assisted,581,2026-03-22
acct_02392,CA,large,sales_assisted,608,2026-02-25
acct_02393,FL,medium,self_serve,900,2026-01-13
acct_02394,CA,medium,self_serve,441,2026-03-11
acct_02395,CA,small,self_serve,537,2026-04-27
acct_02396,CA,small,sales_assisted,770,2026-02-18
acct_02397,TX,medium,sales_assisted,713,2026-02-13
acct_02398,FL,medium,sales_assisted,839,2026-02-06
acct_02399,CA,medium,self_serve,593,2026-03-09
acct_02400,CA,small,sales_assisted,539,2026-03-11
acct_02401,CA,medium,sales_assisted,665,2026-03-25
acct_02402,NY,small,self_serve,688,2026-03-21
acct_02403,CA,small,self_serve,467,2026-04-04
acct_02404,NY,small,self_serve,491,2026-03-26
acct_02405,CA,large,self_serve,696,2026-02-18
acct_02406,CA,medium,self_serve,565,2026-03-09
acct_02407,FL,large,self_serve,900,2026-02-21
acct_02408,CA,medium,sales_assisted,751,2026-02-23
acct_02409,CA,medium,sales_assisted,522,2026-04-10
acct_02410,NC,medium,sales_assisted,480,2026-03-16
acct_02411,CA,large,self_serve,586,2026-04-21
acct_02412,CA,large,self_serve,588,2026-03-01
acct_02413,CA,medium,self_serve,554,2026-03-08
acct_02414,CA,small,sales_assisted,779,2026-03-05
acct_02415,NY,medium,self_serve,838,2026-02-04
acct_02416,CA,small,sales_assisted,352,2026-02-17
acct_02417,GA,small,self_serve,632,2026-03-07
acct_02418,FL,medium,self_serve,822,2026-01-29
acct_02419,NC,large,sales_assisted,469,2026-04-10
acct_02420,NY,small,self_serve,796,2026-02-06
acct_02421,GA,small,sales_assisted,468,2026-02-14
acct_02422,TX,large,self_serve,171,2026-03-22
acct_02423,CA,small,self_serve,637,2026-02-03
acct_02424,CA,small,self_serve,582,2026-04-05
acct_02425,FL,medium,sales_assisted,124,2026-03-19
acct_02426,CA,large,self_serve,677,2026-01-29
acct_02427,FL,medium,sales_assisted,327,2026-03-17
acct_02428,CA,medium,sales_assisted,595,2026-03-13
acct_02429,PA,small,self_serve,889,2026-03-22
acct_02430,CA,small,sales_assisted,539,2026-03-28
acct_02431,NC,medium,sales_assisted,591,2026-03-19
acct_02432,CA,large,self_serve,765,2026-03-11
acct_02433,CA,small,sales_assisted,707,2026-02-23
acct_02434,NY,small,self_serve,583,2026-03-17
acct_02435,NY,small,self_serve,638,2026-04-15
acct_02436,FL,small,self_serve,710,2026-03-11
acct_02437,NC,small,sales_assisted,667,2026-03-15
acct_02438,CA,small,self_serve,655,2026-03-02
acct_02439,PA,medium,self_serve,544,2026-03-22
acct_02440,CA,small,self_serve,573,2026-05-01
acct_02441,TX,medium,self_serve,705,2026-02-10
acct_02442,CA,medium,sales_assisted,900,2026-02-14
acct_02443,CA,large,sales_assisted,494,2026-03-08
acct_02444,TX,large,self_serve,883,2026-03-04
acct_02445,FL,small,self_serve,714,2026-03-10
acct_02446,CA,small,sales_assisted,674,2026-01-25
acct_02447,GA,medium,self_serve,760,2026-02-28
acct_02448,TX,small,self_serve,546,2026-03-10
acct_02449,CA,small,sales_assisted,649,2026-03-10
acct_02450,FL,small,sales_assisted,551,2026-03-15
acct_02451,CA,large,self_serve,588,2026-03-19
acct_02452,CA,small,self_serve,769,2026-03-14
acct_02453,FL,medium,sales_assisted,665,2026-03-24
acct_02454,CA,medium,self_serve,463,2026-03-13
acct_02455,CA,medium,self_serve,491,2026-03-08
acct_02456,FL,small,sales_assisted,676,2026-03-12
acct_02457,CA,large,self_serve,835,2026-02-03
acct_02458,NY,medium,self_serve,618,2026-02-19
acct_02459,NY,medium,self_serve,894,2026-03-07
acct_02460,CA,small,self_serve,678,2026-04-01
acct_02461,TX,large,self_serve,526,2026-03-16
acct_02462,CA,medium,self_serve,679,2026-02-02
acct_02463,TX,small,self_serve,605,2026-03-11
acct_02464,CA,small,sales_assisted,682,2026-02-16
acct_02465,NC,small,self_serve,792,2026-03-20
acct_02466,CA,small,self_serve,719,2026-03-28
acct_02467,FL,small,self_serve,645,2026-03-11
acct_02468,CA,small,self_serve,741,2026-03-11
acct_02469,CA,small,sales_assisted,823,2026-02-24
acct_02470,CA,large,self_serve,684,2026-03-02
acct_02471,TX,medium,self_serve,620,2026-03-31
acct_02472,VA,large,sales_assisted,697,2026-03-19
acct_02473,CA,medium,self_serve,729,2026-03-07
acct_02474,CA,medium,self_serve,575,2026-02-26
acct_02475,CA,small,sales_assisted,718,2026-01-25
acct_02476,CA,medium,self_serve,720,2026-02-08
acct_02477,OH,small,sales_assisted,638,2026-02-13
acct_02478,OH,medium,sales_assisted,471,2026-02-26
acct_02479,OH,large,sales_assisted,613,2026-04-12
acct_02480,CA,large,self_serve,711,2026-03-06
acct_02481,CA,small,sales_assisted,527,2026-02-17
acct_02482,FL,medium,sales_assisted,743,2026-02-04
acct_02483,CA,small,self_serve,672,2026-02-24
acct_02484,FL,small,sales_assisted,603,2026-03-27
acct_02485,CA,small,self_serve,525,2026-02-27
acct_02486,CA,small,sales_assisted,388,2026-03-23
acct_02487,IL,medium,self_serve,661,2026-03-25
acct_02488,CA,small,self_serve,545,2026-02-05
acct_02489,MI,small,self_serve,601,2026-03-12
acct_02490,CA,large,sales_assisted,447,2026-04-16
acct_02491,CA,medium,self_serve,665,2026-02-28
acct_02492,CA,small,self_serve,857,2026-01-25
acct_02493,CA,medium,self_serve,763,2026-04-09
acct_02494,TX,medium,sales_assisted,308,2026-04-03
acct_02495,CA,medium,self_serve,787,2026-03-07
acct_02496,TX,medium,self_serve,271,2026-03-09
acct_02497,OH,large,self_serve,900,2026-02-15
acct_02498,CA,small,self_serve,269,2026-03-27
acct_02499,CA,medium,self_serve,900,2026-03-05
acct_02500,CA,small,self_serve,777,2026-01-21
acct_02501,NY,large,sales_assisted,809,2026-03-17
acct_02502,TX,small,sales_assisted,666,2026-04-14
acct_02503,CA,small,self_serve,506,2026-03-28
acct_02504,TX,large,self_serve,662,2026-02-20
acct_02505,CA,medium,self_serve,690,2026-01-26
acct_02506,CA,small,sales_assisted,630,2026-04-12
acct_02507,CA,small,self_serve,452,2026-04-11
acct_02508,NJ,small,self_serve,533,2026-03-07
acct_02509,CA,large,sales_assisted,708,2026-03-14
acct_02510,CA,medium,self_serve,537,2026-03-03
acct_02511,CA,small,self_serve,630,2026-03-01
acct_02512,TX,medium,self_serve,788,2026-02-06
acct_02513,CA,medium,self_serve,687,2026-02-03
acct_02514,CA,small,self_serve,658,2026-02-16
acct_02515,CA,large,sales_assisted,798,2026-03-29
acct_02516,FL,small,self_serve,729,2026-02-09
acct_02517,CA,large,self_serve,678,2026-02-16
acct_02518,GA,medium,sales_assisted,625,2026-03-08
acct_02519,CA,small,sales_assisted,804,2026-02-15
acct_02520,CA,medium,self_serve,600,2026-02-10
acct_02521,NC,medium,sales_assisted,712,2026-03-09
acct_02522,NY,medium,self_serve,730,2026-02-26
acct_02523,CA,medium,self_serve,363,2026-03-13
acct_02524,PA,small,self_serve,801,2026-04-07
acct_02525,TX,small,self_serve,900,2026-02-09
acct_02526,CA,medium,sales_assisted,411,2026-04-07
acct_02527,PA,small,sales_assisted,371,2026-04-05
acct_02528,NY,small,self_serve,606,2026-03-28
acct_02529,CA,medium,self_serve,418,2026-03-13
acct_02530,TX,small,sales_assisted,836,2026-03-13
acct_02531,CA,medium,self_serve,557,2026-03-14
acct_02532,CA,large,self_serve,859,2026-03-17
acct_02533,NC,large,self_serve,736,2026-01-15
acct_02534,TX,small,self_serve,479,2026-04-16
acct_02535,TX,medium,self_serve,834,2026-03-10
acct_02536,TX,large,sales_assisted,539,2026-03-24
acct_02537,TX,small,self_serve,732,2026-02-26
acct_02538,CA,medium,self_serve,900,2026-01-13
acct_02539,MI,medium,sales_assisted,576,2026-03-06
acct_02540,TX,small,self_serve,470,2026-03-06
acct_02541,FL,small,sales_assisted,457,2026-03-02
acct_02542,CA,medium,self_serve,787,2026-02-24
acct_02543,CA,small,self_serve,782,2026-02-18
acct_02544,CA,large,self_serve,815,2026-03-07
acct_02545,CA,medium,sales_assisted,650,2026-02-26
acct_02546,CA,small,sales_assisted,269,2026-04-19
acct_02547,FL,medium,sales_assisted,399,2026-02-11
acct_02548,OH,medium,self_serve,900,2026-02-23
acct_02549,CA,small,self_serve,791,2026-02-21
acct_02550,CA,large,sales_assisted,672,2026-03-08
acct_02551,FL,medium,self_serve,705,2026-03-05
acct_02552,CA,medium,sales_assisted,413,2026-03-14
acct_02553,GA,large,self_serve,384,2026-04-14
acct_02554,CA,medium,self_serve,900,2026-02-20
acct_02555,CA,medium,sales_assisted,714,2026-03-17
acct_02556,CA,small,self_serve,733,2026-01-18
acct_02557,GA,small,self_serve,535,2026-02-19
acct_02558,CA,medium,self_serve,594,2026-03-03
acct_02559,FL,medium,sales_assisted,792,2026-01-20
acct_02560,CA,medium,self_serve,900,2026-03-12
acct_02561,CA,medium,self_serve,591,2026-03-16
acct_02562,OH,medium,sales_assisted,421,2026-03-21
acct_02563,CA,large,self_serve,651,2026-03-06
acct_02564,CA,large,sales_assisted,675,2026-03-12
acct_02565,TX,small,sales_assisted,495,2026-02-27
acct_02566,IL,large,self_serve,888,2026-01-23
acct_02567,CA,large,sales_assisted,900,2026-02-03
acct_02568,CA,small,self_serve,644,2026-03-15
acct_02569,NJ,small,self_serve,320,2026-04-30
acct_02570,FL,small,self_serve,780,2026-01-15
acct_02571,IL,medium,self_serve,399,2026-03-09
acct_02572,NY,medium,self_serve,579,2026-03-21
acct_02573,FL,medium,self_serve,618,2026-03-28
acct_02574,CA,medium,self_serve,517,2026-03-08
acct_02575,CA,small,self_serve,900,2026-03-13
acct_02576,FL,small,self_serve,734,2026-03-17
acct_02577,FL,large,sales_assisted,291,2026-03-31
acct_02578,NC,large,self_serve,506,2026-02-06
acct_02579,TX,medium,self_serve,376,2026-04-09
acct_02580,CA,small,self_serve,900,2026-01-19
acct_02581,CA,small,self_serve,701,2026-03-29
acct_02582,TX,small,self_serve,900,2026-01-30
acct_02583,CA,medium,self_serve,745,2026-02-13
acct_02584,NY,small,self_serve,852,2026-01-09
acct_02585,TX,large,sales_assisted,488,2026-03-02
acct_02586,CA,medium,self_serve,752,2026-02-24
acct_02587,TX,medium,self_serve,722,2026-02-11
acct_02588,TX,small,sales_assisted,636,2026-03-03
acct_02589,GA,small,self_serve,900,2026-02-28
acct_02590,CA,medium,self_serve,573,2026-03-23
acct_02591,TX,medium,self_serve,743,2026-04-04
acct_02592,CA,small,self_serve,385,2026-03-15
acct_02593,TX,large,self_serve,900,2026-02-06
acct_02594,CA,small,self_serve,656,2026-02-21
acct_02595,OH,small,self_serve,638,2026-04-07
acct_02596,OH,large,sales_assisted,900,2026-02-01
acct_02597,TX,small,self_serve,609,2026-02-28
acct_02598,TX,small,self_serve,634,2026-04-12
acct_02599,CA,medium,self_serve,634,2026-04-14
acct_02600,TX,small,sales_assisted,577,2026-02-28
acct_02601,CA,small,self_serve,518,2026-03-15
acct_02602,FL,small,self_serve,678,2026-03-03
acct_02603,CA,small,self_serve,582,2026-03-21
acct_02604,FL,medium,sales_assisted,900,2026-01-20
acct_02605,CA,small,self_serve,869,2026-02-08
acct_02606,FL,medium,self_serve,625,2026-03-12
acct_02607,TX,large,self_serve,822,2026-02-16
acct_02608,CA,small,self_serve,317,2026-03-15
acct_02609,CA,small,self_serve,603,2026-02-25
acct_02610,PA,small,self_serve,591,2026-04-03
acct_02611,TX,small,self_serve,743,2026-03-27
acct_02612,CA,small,sales_assisted,693,2026-03-05
acct_02613,CA,medium,sales_assisted,810,2026-03-23
acct_02614,CA,small,self_serve,850,2026-02-19
acct_02615,FL,medium,self_serve,590,2026-03-05
acct_02616,TX,medium,self_serve,718,2026-02-14
acct_02617,CA,large,self_serve,621,2026-03-31
acct_02618,TX,small,self_serve,508,2026-03-27
acct_02619,FL,small,self_serve,769,2026-04-05
acct_02620,NY,large,sales_assisted,385,2026-04-02
acct_02621,CA,small,self_serve,543,2026-04-16
acct_02622,CA,medium,sales_assisted,842,2026-02-16
acct_02623,CA,medium,self_serve,472,2026-04-10
acct_02624,CA,medium,self_serve,563,2026-03-10
acct_02625,CA,small,self_serve,668,2026-03-01
acct_02626,CA,small,self_serve,769,2026-03-09
acct_02627,CA,medium,self_serve,625,2026-02-24
acct_02628,FL,medium,self_serve,551,2026-02-21
acct_02629,CA,medium,self_serve,900,2026-02-17
acct_02630,FL,medium,self_serve,855,2026-01-31
acct_02631,CA,large,self_serve,815,2026-03-05
acct_02632,TX,large,self_serve,661,2026-04-03
acct_02633,CA,medium,self_serve,900,2026-03-13
acct_02634,NY,small,sales_assisted,823,2026-03-07
acct_02635,NY,medium,self_serve,571,2026-03-01
acct_02636,CA,medium,self_serve,742,2026-03-03
acct_02637,TX,medium,self_serve,652,2026-02-15
acct_02638,CA,small,self_serve,507,2026-03-27
acct_02639,TX,medium,self_serve,528,2026-02-14
acct_02640,CA,small,self_serve,565,2026-03-19
acct_02641,CA,small,self_serve,677,2026-03-22
acct_02642,CA,large,self_serve,634,2026-03-10
acct_02643,OH,medium,self_serve,395,2026-03-31
acct_02644,CA,medium,sales_assisted,483,2026-02-21
acct_02645,TX,medium,sales_assisted,864,2026-04-03
acct_02646,CA,medium,self_serve,652,2026-03-20
acct_02647,CA,small,self_serve,460,2026-03-25
acct_02648,CA,medium,self_serve,693,2026-03-15
acct_02649,OH,small,self_serve,892,2026-03-30
acct_02650,NY,medium,self_serve,541,2026-04-28
acct_02651,CA,small,self_serve,261,2026-03-01
acct_02652,FL,large,self_serve,900,2026-03-26
acct_02653,CA,medium,self_serve,322,2026-03-21
acct_02654,CA,medium,self_serve,641,2026-03-03
acct_02655,TX,small,sales_assisted,353,2026-04-09
acct_02656,CA,small,sales_assisted,576,2026-02-27
acct_02657,CA,medium,self_serve,690,2026-03-09
acct_02658,FL,medium,self_serve,469,2026-02-04
acct_02659,CA,medium,self_serve,718,2026-02-16
acct_02660,OH,large,self_serve,740,2026-03-29
acct_02661,FL,medium,self_serve,561,2026-02-27
acct_02662,PA,medium,sales_assisted,479,2026-02-27
acct_02663,TX,medium,self_serve,703,2026-02-18
acct_02664,OH,medium,self_serve,613,2026-03-05
acct_02665,CA,medium,sales_assisted,490,2026-03-26
acct_02666,TX,medium,self_serve,365,2026-04-04
acct_02667,TX,small,self_serve,881,2026-01-29
acct_02668,OH,small,sales_assisted,733,2026-03-10
acct_02669,CA,small,sales_assisted,508,2026-03-04
acct_02670,TX,large,self_serve,496,2026-03-12
acct_02671,NY,medium,sales_assisted,696,2026-03-02
acct_02672,CA,small,self_serve,539,2026-02-28
acct_02673,OH,medium,self_serve,694,2026-03-04
acct_02674,CA,medium,self_serve,864,2026-03-10
acct_02675,CA,large,sales_assisted,651,2026-03-06
acct_02676,TX,large,sales_assisted,485,2026-03-04
acct_02677,CA,large,self_serve,634,2026-03-27
acct_02678,CA,large,self_serve,573,2026-03-21
acct_02679,CA,small,sales_assisted,677,2026-02-24
acct_02680,CA,small,self_serve,655,2026-03-25
acct_02681,NY,medium,self_serve,667,2026-03-30
acct_02682,OH,medium,sales_assisted,765,2026-02-09
acct_02683,TX,small,self_serve,634,2026-03-10
acct_02684,CA,medium,self_serve,900,2026-02-20
acct_02685,TX,small,self_serve,784,2026-03-20
acct_02686,IL,small,self_serve,853,2026-02-17
acct_02687,FL,small,sales_assisted,639,2026-03-16
acct_02688,CA,large,self_serve,573,2026-02-18
acct_02689,CA,medium,self_serve,829,2026-03-06
acct_02690,OH,medium,self_serve,529,2026-04-13
acct_02691,IL,large,self_serve,601,2026-02-27
acct_02692,CA,large,self_serve,515,2026-04-02
acct_02693,PA,small,self_serve,315,2026-04-25
acct_02694,CA,medium,self_serve,710,2026-04-02
acct_02695,CA,small,self_serve,854,2026-02-11
acct_02696,NY,medium,self_serve,603,2026-03-27
acct_02697,TX,small,self_serve,829,2026-01-21
acct_02698,CA,medium,self_serve,585,2026-02-27
acct_02699,OH,medium,self_serve,236,2026-04-01
acct_02700,PA,small,self_serve,404,2026-03-17
acct_02701,CA,medium,self_serve,544,2026-03-07
acct_02702,TX,medium,self_serve,554,2026-02-27
acct_02703,NY,medium,sales_assisted,623,2026-03-26
acct_02704,TX,small,self_serve,733,2026-03-18
acct_02705,NJ,small,sales_assisted,648,2026-03-04
acct_02706,FL,small,sales_assisted,755,2026-04-04
acct_02707,CA,large,self_serve,614,2026-02-16
acct_02708,CA,large,self_serve,731,2026-02-11
acct_02709,PA,small,self_serve,620,2026-03-14
acct_02710,VA,medium,self_serve,643,2026-04-20
acct_02711,CA,medium,self_serve,739,2026-02-18
acct_02712,CA,large,self_serve,744,2026-02-18
acct_02713,NY,small,sales_assisted,515,2026-02-08
acct_02714,CA,medium,self_serve,425,2026-03-31
acct_02715,CA,medium,sales_assisted,896,2026-02-16
acct_02716,OH,small,sales_assisted,348,2026-03-06
acct_02717,NY,small,self_serve,653,2026-04-27
acct_02718,OH,small,sales_assisted,900,2026-01-13
acct_02719,FL,medium,sales_assisted,535,2026-03-09
acct_02720,CA,medium,self_serve,535,2026-03-06
acct_02721,OH,medium,self_serve,864,2026-03-26
acct_02722,CA,small,self_serve,900,2026-02-25
acct_02723,CA,large,self_serve,666,2026-02-28
acct_02724,OH,small,self_serve,772,2026-02-11
acct_02725,FL,large,self_serve,503,2026-03-21
acct_02726,OH,small,self_serve,608,2026-03-24
acct_02727,CA,large,sales_assisted,662,2026-02-08
acct_02728,NC,large,self_serve,676,2026-02-27
acct_02729,TX,large,self_serve,815,2026-04-04
acct_02730,FL,large,self_serve,873,2026-01-08
acct_02731,OH,small,sales_assisted,554,2026-02-21
acct_02732,CA,medium,self_serve,443,2026-03-09
acct_02733,FL,medium,self_serve,719,2026-02-24
acct_02734,FL,medium,self_serve,605,2026-02-19
acct_02735,NY,large,self_serve,708,2026-03-03
acct_02736,OH,small,sales_assisted,505,2026-02-12
acct_02737,FL,medium,self_serve,759,2026-03-07
acct_02738,CA,large,self_serve,452,2026-03-18
acct_02739,CA,small,self_serve,650,2026-03-10
acct_02740,NC,small,sales_assisted,737,2026-02-02
acct_02741,MI,small,sales_assisted,825,2026-03-29
acct_02742,MI,medium,self_serve,773,2026-02-12
acct_02743,CA,large,sales_assisted,887,2026-03-22
acct_02744,CA,small,self_serve,780,2026-02-25
acct_02745,NY,medium,sales_assisted,801,2026-03-24
acct_02746,NY,medium,sales_assisted,708,2026-02-14
acct_02747,CA,medium,self_serve,795,2026-02-13
acct_02748,TX,medium,self_serve,846,2026-03-05
acct_02749,CA,large,self_serve,900,2026-01-21
acct_02750,CA,small,self_serve,811,2026-02-16
acct_02751,CA,small,self_serve,558,2026-03-19
acct_02752,CA,medium,self_serve,544,2026-03-29
acct_02753,CA,medium,self_serve,900,2026-01-31
acct_02754,OH,medium,self_serve,749,2026-04-03
acct_02755,FL,small,self_serve,495,2026-03-25
acct_02756,GA,small,self_serve,444,2026-04-01
acct_02757,CA,large,self_serve,476,2026-03-18
acct_02758,CA,small,self_serve,744,2026-03-16
acct_02759,CA,medium,sales_assisted,516,2026-03-07
acct_02760,TX,medium,sales_assisted,746,2026-03-15
acct_02761,CA,small,self_serve,609,2026-04-08
acct_02762,FL,small,self_serve,702,2026-02-03
acct_02763,NY,small,self_serve,900,2026-02-22
acct_02764,OH,medium,sales_assisted,580,2026-01-30
acct_02765,CA,small,self_serve,756,2026-04-13
acct_02766,TX,medium,sales_assisted,723,2026-03-02
acct_02767,CA,small,self_serve,308,2026-03-16
acct_02768,CA,small,self_serve,806,2026-03-29
acct_02769,FL,small,self_serve,597,2026-04-27
acct_02770,TX,small,sales_assisted,691,2026-02-10
acct_02771,FL,small,sales_assisted,439,2026-03-25
acct_02772,CA,large,self_serve,312,2026-04-03
acct_02773,VA,small,self_serve,900,2026-01-25
acct_02774,VA,medium,self_serve,461,2026-03-21
acct_02775,CA,medium,sales_assisted,506,2026-02-25
acct_02776,IL,medium,self_serve,668,2026-03-14
acct_02777,CA,medium,sales_assisted,414,2026-03-06
acct_02778,FL,small,self_serve,572,2026-02-19
acct_02779,OH,medium,self_serve,900,2026-02-07
acct_02780,NY,small,self_serve,845,2026-02-05
acct_02781,NY,medium,self_serve,726,2026-02-03
acct_02782,CA,small,sales_assisted,630,2026-03-14
acct_02783,NY,medium,sales_assisted,629,2026-02-25
acct_02784,FL,medium,sales_assisted,726,2026-02-15
acct_02785,CA,medium,self_serve,501,2026-03-17
acct_02786,CA,small,sales_assisted,528,2026-03-17
acct_02787,NY,medium,self_serve,560,2026-03-08
acct_02788,TX,medium,self_serve,407,2026-04-11
acct_02789,TX,medium,self_serve,844,2026-02-27
acct_02790,OH,small,self_serve,687,2026-03-28
acct_02791,FL,small,self_serve,660,2026-01-30
acct_02792,CA,small,self_serve,424,2026-03-20
acct_02793,CA,medium,self_serve,432,2026-04-26
acct_02794,TX,medium,self_serve,887,2026-03-30
acct_02795,NY,medium,self_serve,489,2026-03-10
acct_02796,TX,medium,self_serve,607,2026-03-13
acct_02797,TX,medium,sales_assisted,709,2026-02-25
acct_02798,FL,medium,self_serve,603,2026-03-16
acct_02799,FL,medium,self_serve,523,2026-03-23
acct_02800,PA,medium,sales_assisted,605,2026-05-02
acct_02801,CA,small,sales_assisted,732,2026-03-05
acct_02802,NY,large,sales_assisted,900,2026-01-28
acct_02803,TX,large,sales_assisted,728,2026-03-11
acct_02804,CA,medium,sales_assisted,900,2026-02-06
acct_02805,FL,large,self_serve,900,2026-02-17
acct_02806,FL,large,sales_assisted,900,2026-02-23
acct_02807,TX,medium,sales_assisted,900,2026-03-20
acct_02808,NY,medium,self_serve,900,2026-02-12
acct_02809,CA,medium,sales_assisted,651,2026-02-11
acct_02810,CA,small,sales_assisted,900,2026-01-24
acct_02811,CA,small,sales_assisted,658,2026-04-02
acct_02812,CA,medium,sales_assisted,900,2026-03-17
acct_02813,FL,medium,self_serve,682,2026-01-23
acct_02814,IL,small,self_serve,900,2026-01-19
acct_02815,FL,medium,self_serve,545,2026-03-09
acct_02816,CA,medium,sales_assisted,792,2026-02-20
acct_02817,CA,medium,sales_assisted,607,2026-03-11
acct_02818,CA,small,sales_assisted,747,2026-03-02
acct_02819,FL,medium,sales_assisted,312,2026-04-09
acct_02820,CA,small,sales_assisted,830,2026-02-21
acct_02821,TX,small,self_serve,650,2026-03-16
acct_02822,NY,small,sales_assisted,838,2026-01-26
acct_02823,FL,small,self_serve,792,2026-04-15
acct_02824,CA,small,self_serve,410,2026-04-23
acct_02825,CA,medium,self_serve,655,2026-03-20
acct_02826,FL,medium,self_serve,687,2026-03-03
acct_02827,TX,small,self_serve,765,2026-02-15
acct_02828,CA,large,self_serve,900,2026-03-26
acct_02829,OH,medium,self_serve,613,2026-03-20
acct_02830,TX,large,sales_assisted,646,2026-02-16
acct_02831,CA,medium,self_serve,900,2026-03-03
acct_02832,CA,small,self_serve,625,2026-03-03
acct_02833,CA,large,self_serve,331,2026-03-28
acct_02834,CA,large,self_serve,504,2026-03-17
acct_02835,CA,medium,self_serve,441,2026-03-14
acct_02836,TX,medium,self_serve,358,2026-03-14
acct_02837,CA,medium,sales_assisted,665,2026-02-19
acct_02838,OH,medium,self_serve,681,2026-02-26
acct_02839,NC,medium,sales_assisted,900,2026-01-24
acct_02840,CA,medium,self_serve,682,2026-03-24
acct_02841,CA,small,sales_assisted,763,2026-03-02
acct_02842,NY,small,sales_assisted,542,2026-03-02
acct_02843,VA,small,self_serve,860,2026-02-17
acct_02844,IL,small,self_serve,900,2026-02-15
acct_02845,CA,small,self_serve,699,2026-03-11
acct_02846,CA,large,self_serve,795,2026-02-16
acct_02847,CA,small,self_serve,618,2026-01-28
acct_02848,NY,small,self_serve,750,2026-03-23
acct_02849,TX,small,sales_assisted,900,2026-02-26
acct_02850,TX,medium,sales_assisted,740,2026-02-26
acct_02851,TX,medium,self_serve,586,2026-03-02
acct_02852,CA,medium,self_serve,551,2026-03-27
acct_02853,TX,large,self_serve,640,2026-02-23
acct_02854,CA,large,self_serve,541,2026-03-22
acct_02855,FL,large,sales_assisted,609,2026-04-12
acct_02856,FL,large,self_serve,665,2026-03-15
acct_02857,FL,small,self_serve,826,2026-03-02
acct_02858,CA,medium,self_serve,655,2026-03-21
acct_02859,PA,small,self_serve,542,2026-03-03
acct_02860,FL,medium,self_serve,604,2026-03-01
acct_02861,CA,small,self_serve,571,2026-03-07
acct_02862,CA,small,self_serve,676,2026-02-23
acct_02863,FL,small,self_serve,900,2026-02-04
acct_02864,CA,medium,sales_assisted,900,2026-03-01
acct_02865,CA,medium,self_serve,897,2026-02-06
acct_02866,CA,small,sales_assisted,701,2026-02-28
acct_02867,CA,medium,self_serve,443,2026-03-09
acct_02868,CA,small,self_serve,553,2026-04-10
acct_02869,TX,medium,sales_assisted,713,2026-01-22
acct_02870,CA,small,self_serve,876,2026-03-13
acct_02871,FL,small,self_serve,431,2026-03-03
acct_02872,CA,medium,self_serve,900,2026-01-17
acct_02873,CA,medium,sales_assisted,592,2026-02-18
acct_02874,CA,large,sales_assisted,774,2026-02-05
acct_02875,NY,medium,self_serve,835,2026-02-15
acct_02876,NC,large,self_serve,869,2026-02-20
acct_02877,CA,small,self_serve,674,2026-02-28
acct_02878,CA,small,self_serve,770,2026-03-07
acct_02879,CA,large,self_serve,792,2026-01-07
acct_02880,CA,small,self_serve,792,2026-02-10
acct_02881,PA,medium,sales_assisted,900,2026-02-02
acct_02882,CA,small,self_serve,701,2026-03-08
acct_02883,MI,medium,sales_assisted,624,2026-02-23
acct_02884,TX,small,sales_assisted,610,2026-03-08
acct_02885,TX,medium,sales_assisted,884,2026-02-16
acct_02886,IL,medium,self_serve,684,2026-01-18
acct_02887,CA,small,self_serve,370,2026-04-12
acct_02888,NY,small,self_serve,870,2026-02-04
acct_02889,CA,small,self_serve,706,2026-02-06
acct_02890,PA,small,self_serve,542,2026-02-09
acct_02891,TX,small,self_serve,670,2026-04-23
acct_02892,CA,large,self_serve,471,2026-03-12
acct_02893,PA,small,self_serve,606,2026-03-12
acct_02894,CA,medium,sales_assisted,367,2026-04-25
acct_02895,CA,medium,sales_assisted,747,2026-02-01
acct_02896,NY,small,self_serve,343,2026-04-21
acct_02897,CA,small,sales_assisted,847,2026-02-14
acct_02898,OH,medium,self_serve,648,2026-03-13
acct_02899,FL,medium,self_serve,827,2026-03-01
acct_02900,TX,large,sales_assisted,596,2026-02-27
acct_02901,CA,medium,self_serve,839,2026-04-10
acct_02902,CA,medium,self_serve,474,2026-02-09
acct_02903,NC,large,self_serve,198,2026-05-01
acct_02904,CA,large,self_serve,900,2026-02-26
acct_02905,TX,large,self_serve,699,2026-03-14
acct_02906,CA,small,self_serve,539,2026-04-18
acct_02907,CA,large,self_serve,876,2026-01-27
acct_02908,TX,large,self_serve,613,2026-04-08
acct_02909,NY,medium,self_serve,692,2026-03-09
acct_02910,NY,medium,self_serve,467,2026-03-18
acct_02911,OH,large,sales_assisted,882,2026-02-09
acct_02912,CA,medium,sales_assisted,755,2026-03-07
acct_02913,CA,medium,self_serve,834,2026-03-16
acct_02914,CA,medium,sales_assisted,900,2026-03-03
acct_02915,FL,medium,self_serve,805,2026-02-10
acct_02916,CA,medium,self_serve,543,2026-02-17
acct_02917,TX,small,self_serve,829,2026-03-30
acct_02918,CA,small,self_serve,683,2026-01-21
acct_02919,NY,small,sales_assisted,662,2026-03-18
acct_02920,NY,medium,sales_assisted,393,2026-05-02
acct_02921,OH,medium,self_serve,811,2026-01-11
acct_02922,CA,large,self_serve,870,2026-02-10
acct_02923,VA,medium,self_serve,656,2026-03-16
acct_02924,CA,medium,self_serve,888,2026-01-27
acct_02925,CA,small,self_serve,517,2026-03-11
acct_02926,CA,medium,sales_assisted,589,2026-03-17
acct_02927,CA,large,sales_assisted,524,2026-03-11
acct_02928,TX,medium,sales_assisted,662,2026-02-26
acct_02929,CA,large,self_serve,598,2026-03-17
acct_02930,CA,large,self_serve,900,2026-03-11
acct_02931,FL,small,self_serve,701,2026-02-14
acct_02932,PA,medium,sales_assisted,329,2026-03-09
acct_02933,FL,medium,self_serve,757,2026-04-03
acct_02934,TX,medium,self_serve,691,2026-03-15
acct_02935,CA,small,self_serve,648,2026-03-04
acct_02936,NY,small,sales_assisted,638,2026-02-23
acct_02937,CA,small,sales_assisted,649,2026-02-01
acct_02938,CA,medium,self_serve,900,2026-02-17
acct_02939,CA,small,self_serve,875,2026-01-13
acct_02940,FL,medium,sales_assisted,199,2026-04-25
acct_02941,CA,medium,self_serve,781,2026-02-16
acct_02942,FL,medium,self_serve,756,2026-03-27
acct_02943,CA,large,self_serve,775,2026-02-11
acct_02944,CA,medium,self_serve,580,2026-02-20
acct_02945,CA,small,self_serve,531,2026-03-01
acct_02946,CA,large,sales_assisted,566,2026-02-23
acct_02947,CA,large,self_serve,812,2026-03-25
acct_02948,FL,medium,self_serve,485,2026-04-16
acct_02949,TX,medium,self_serve,300,2026-04-02
acct_02950,CA,small,self_serve,817,2026-02-09
acct_02951,FL,medium,self_serve,613,2026-03-23
acct_02952,CA,small,self_serve,692,2026-02-09
acct_02953,CA,medium,self_serve,378,2026-04-07
acct_02954,CA,small,self_serve,496,2026-03-07
acct_02955,TX,medium,sales_assisted,862,2026-02-24
acct_02956,CA,small,self_serve,793,2026-02-10
acct_02957,FL,small,self_serve,900,2026-01-13
acct_02958,CA,small,self_serve,760,2026-02-18
acct_02959,NY,medium,self_serve,581,2026-04-07
acct_02960,CA,small,self_serve,513,2026-03-25
acct_02961,TX,medium,sales_assisted,453,2026-04-19
acct_02962,NY,small,self_serve,900,2026-02-03
acct_02963,CA,medium,sales_assisted,852,2026-03-11
acct_02964,CA,small,self_serve,540,2026-02-18
acct_02965,TX,large,sales_assisted,620,2026-03-08
acct_02966,VA,small,self_serve,829,2026-02-23
acct_02967,MI,small,self_serve,900,2026-02-20
acct_02968,CA,small,self_serve,900,2026-03-10
acct_02969,NY,small,self_serve,628,2026-02-12
acct_02970,CA,medium,sales_assisted,859,2026-03-04
acct_02971,CA,small,sales_assisted,636,2026-03-14
acct_02972,FL,large,self_serve,900,2026-02-07
acct_02973,TX,medium,self_serve,638,2026-04-10
acct_02974,TX,small,self_serve,470,2026-03-06
acct_02975,PA,medium,self_serve,658,2026-03-27
acct_02976,CA,small,sales_assisted,774,2026-03-15
acct_02977,FL,small,self_serve,608,2026-03-18
acct_02978,CA,small,sales_assisted,571,2026-03-19
acct_02979,CA,small,self_serve,316,2026-04-02
acct_02980,CA,small,sales_assisted,738,2026-03-12
acct_02981,NC,large,self_serve,747,2026-02-20
acct_02982,CA,medium,self_serve,645,2026-02-03
acct_02983,CA,large,sales_assisted,587,2026-03-12
acct_02984,FL,small,self_serve,827,2026-01-29
acct_02985,MI,large,self_serve,644,2026-02-17
acct_02986,OH,small,self_serve,808,2026-01-28
acct_02987,TX,small,self_serve,389,2026-03-08
acct_02988,CA,large,sales_assisted,900,2026-02-10
acct_02989,TX,small,sales_assisted,638,2026-03-12
acct_02990,NY,medium,self_serve,423,2026-03-24
acct_02991,IL,large,sales_assisted,207,2026-03-27
acct_02992,NY,medium,self_serve,862,2026-02-22
acct_02993,CA,medium,sales_assisted,735,2026-03-08
acct_02994,CA,small,self_serve,679,2026-03-09
acct_02995,TX,small,self_serve,797,2026-03-04
acct_02996,CA,large,self_serve,753,2026-03-15
acct_02997,CA,small,self_serve,765,2026-02-15
acct_02998,TX,small,sales_assisted,433,2026-04-22
acct_02999,FL,small,self_serve,721,2026-02-03
