account_id,event_seq,event_type,event_date,cycle_index,reason_code,new_pet_tier
acct_00000,1,activated,2026-03-23,0,,
acct_00000,2,renewed,2026-04-23,1,,
acct_00001,1,activated,2026-03-02,0,,
acct_00001,2,renewed,2026-04-02,1,,
acct_00001,3,renewed,2026-05-02,2,,
acct_00002,1,activated,2026-03-31,0,,
acct_00002,2,renewed,2026-04-30,1,,
acct_00003,1,activated,2026-03-17,0,,
acct_00003,2,renewed,2026-04-17,1,,
acct_00004,1,activated,2026-02-02,0,,
acct_00004,2,renewed,2026-03-02,1,,
acct_00004,3,renewed,2026-04-02,2,,
acct_00004,4,renewed,2026-05-02,3,,
acct_00005,1,activated,2026-04-21,0,,
acct_00006,1,activated,2026-03-22,0,,
acct_00006,2,tier_changed,2026-04-22,1,upgrade,medium
acct_00006,3,renewed,2026-04-22,1,,
acct_00007,1,activated,2026-03-24,0,,
acct_00007,2,paused,2026-04-24,1,,
acct_00008,1,activated,2026-02-07,0,,
acct_00008,2,renewed,2026-03-07,1,,
acct_00008,3,renewed,2026-04-07,2,,
acct_00009,1,activated,2026-03-03,0,,
acct_00009,2,renewed,2026-04-03,1,,
acct_00009,3,renewed,2026-05-03,2,,
acct_00010,1,activated,2026-02-26,0,,
acct_00010,2,renewed,2026-03-26,1,,
acct_00010,3,skipped,2026-04-26,2,,
acct_00011,1,activated,2026-04-09,0,,
acct_00012,1,activated,2026-03-14,0,,
acct_00012,2,skipped,2026-04-14,1,,
acct_00013,1,activated,2026-03-27,0,,
acct_00013,2,canceled,2026-04-27,1,voluntary,
acct_00014,1,activated,2026-03-02,0,,
acct_00014,2,renewed,2026-04-02,1,,
acct_00014,3,renewed,2026-05-02,2,,
acct_00015,1,activated,2026-02-16,0,,
acct_00015,2,renewed,2026-03-16,1,,
acct_00015,3,canceled,2026-04-16,2,never_activated,
acct_00016,1,activated,2026-03-09,0,,
acct_00016,2,renewed,2026-04-09,1,,
acct_00017,1,activated,2026-01-28,0,,
acct_00017,2,renewed,2026-02-28,1,,
acct_00017,3,renewed,2026-03-28,2,,
acct_00017,4,canceled,2026-04-28,3,voluntary,
acct_00018,1,activated,2026-03-28,0,,
acct_00018,2,renewed,2026-04-28,1,,
acct_00019,1,activated,2026-03-13,0,,
acct_00019,2,renewed,2026-04-13,1,,
acct_00020,1,activated,2026-03-22,0,,
acct_00020,2,renewed,2026-04-22,1,,
acct_00021,1,activated,2026-02-25,0,,
acct_00021,2,renewed,2026-03-25,1,,
acct_00021,3,renewed,2026-04-25,2,,
acct_00022,1,activated,2026-04-19,0,,
acct_00023,1,activated,2026-04-04,0,,
acct_00024,1,activated,2026-03-23,0,,
acct_00024,2,renewed,2026-04-23,1,,
acct_00025,1,activated,2026-02-13,0,,
acct_00025,2,renewed,2026-03-13,1,,
acct_00025,3,renewed,2026-04-13,2,,
acct_00026,1,activated,2026-03-04,0,,
acct_00026,2,renewed,2026-04-04,1,,
acct_00027,1,activated,2026-01-24,0,,
acct_00027,2,renewed,2026-02-24,1,,
acct_00027,3,renewed,2026-03-24,2,,
acct_00027,4,tier_changed,2026-04-24,3,upgrade,large
acct_00027,5,renewed,2026-04-24,3,,
acct_00028,1,activated,2026-02-10,0,,
acct_00028,2,canceled,2026-03-10,1,voluntary,
acct_00029,1,activated,2026-03-17,0,,
acct_00029,2,paused,2026-04-17,1,,
acct_00030,1,activated,2026-03-21,0,,
acct_00030,2,canceled,2026-04-21,1,voluntary,
acct_00031,1,activated,2026-04-18,0,,
acct_00032,1,activated,2026-02-23,0,,
acct_00032,2,renewed,2026-03-23,1,,
acct_00032,3,canceled,2026-04-23,2,voluntary,
acct_00033,1,activated,2026-02-26,0,,
acct_00033,2,canceled,2026-03-26,1,voluntary,
acct_00034,1,activated,2026-03-04,0,,
acct_00034,2,canceled,2026-04-04,1,voluntary,
acct_00035,1,activated,2026-02-13,0,,
acct_00035,2,canceled,2026-03-13,1,voluntary,
acct_00036,1,activated,2026-02-07,0,,
acct_00036,2,renewed,2026-03-07,1,,
acct_00036,3,renewed,2026-04-07,2,,
acct_00037,1,activated,2026-03-04,0,,
acct_00037,2,renewed,2026-04-04,1,,
acct_00038,1,activated,2026-02-16,0,,
acct_00038,2,skipped,2026-03-16,1,,
acct_00038,3,renewed,2026-04-16,2,,
acct_00039,1,activated,2026-03-16,0,,
acct_00039,2,renewed,2026-04-16,1,,
acct_00040,1,activated,2026-03-02,0,,
acct_00040,2,renewed,2026-04-02,1,,
acct_00040,3,skipped,2026-05-02,2,,
acct_00041,1,activated,2026-03-28,0,,
acct_00041,2,renewed,2026-04-28,1,,
acct_00042,1,activated,2026-03-18,0,,
acct_00042,2,renewed,2026-04-18,1,,
acct_00043,1,activated,2026-02-22,0,,
acct_00043,2,canceled,2026-03-22,1,voluntary,
acct_00044,1,activated,2026-03-28,0,,
acct_00044,2,skipped,2026-04-28,1,,
acct_00045,1,activated,2026-03-26,0,,
acct_00045,2,skipped,2026-04-26,1,,
acct_00046,1,activated,2026-02-27,0,,
acct_00046,2,canceled,2026-03-27,1,voluntary,
acct_00047,1,activated,2026-02-21,0,,
acct_00047,2,canceled,2026-03-21,1,voluntary,
acct_00048,1,activated,2026-03-16,0,,
acct_00048,2,canceled,2026-04-16,1,voluntary,
acct_00049,1,activated,2026-02-08,0,,
acct_00049,2,canceled,2026-03-08,1,voluntary,
acct_00050,1,activated,2026-02-14,0,,
acct_00050,2,skipped,2026-03-14,1,,
acct_00050,3,canceled,2026-04-14,2,voluntary,
acct_00051,1,activated,2026-01-11,0,,
acct_00051,2,renewed,2026-02-11,1,,
acct_00051,3,renewed,2026-03-11,2,,
acct_00051,4,paused,2026-04-11,3,,
acct_00052,1,activated,2026-03-24,0,,
acct_00052,2,renewed,2026-04-24,1,,
acct_00053,1,activated,2026-03-15,0,,
acct_00053,2,renewed,2026-04-15,1,,
acct_00054,1,activated,2026-03-18,0,,
acct_00054,2,renewed,2026-04-18,1,,
acct_00055,1,activated,2026-03-24,0,,
acct_00055,2,renewed,2026-04-24,1,,
acct_00056,1,activated,2026-03-03,0,,
acct_00056,2,renewed,2026-04-03,1,,
acct_00056,3,renewed,2026-05-03,2,,
acct_00057,1,activated,2026-03-09,0,,
acct_00057,2,renewed,2026-04-09,1,,
acct_00058,1,activated,2026-02-08,0,,
acct_00058,2,renewed,2026-03-08,1,,
acct_00058,3,renewed,2026-04-08,2,,
acct_00059,1,activated,2026-02-05,0,,
acct_00059,2,renewed,2026-03-05,1,,
acct_00059,3,renewed,2026-04-05,2,,
acct_00060,1,activated,2026-03-16,0,,
acct_00060,2,renewed,2026-04-16,1,,
acct_00061,1,activated,2026-03-04,0,,
acct_00061,2,renewed,2026-04-04,1,,
acct_00062,1,activated,2026-03-09,0,,
acct_00062,2,renewed,2026-04-09,1,,
acct_00063,1,activated,2026-03-22,0,,
acct_00063,2,canceled,2026-03-22,0,day_zero,
acct_00064,1,activated,2026-03-13,0,,
acct_00064,2,renewed,2026-04-13,1,,
acct_00065,1,activated,2026-03-09,0,,
acct_00065,2,renewed,2026-04-09,1,,
acct_00066,1,activated,2026-03-09,0,,
acct_00066,2,renewed,2026-04-09,1,,
acct_00067,1,activated,2026-02-22,0,,
acct_00067,2,renewed,2026-03-22,1,,
acct_00067,3,renewed,2026-04-22,2,,
acct_00068,1,activated,2026-01-20,0,,
acct_00068,2,renewed,2026-02-20,1,,
acct_00068,3,renewed,2026-03-20,2,,
acct_00068,4,skipped,2026-04-20,3,,
acct_00069,1,activated,2026-03-02,0,,
acct_00069,2,renewed,2026-04-02,1,,
acct_00069,3,renewed,2026-05-02,2,,
acct_00070,1,activated,2026-02-15,0,,
acct_00070,2,canceled,2026-03-15,1,never_activated,
acct_00071,1,activated,2026-02-28,0,,
acct_00071,2,canceled,2026-03-28,1,voluntary,
acct_00072,1,activated,2026-03-30,0,,
acct_00072,2,skipped,2026-04-30,1,,
acct_00073,1,activated,2026-02-17,0,,
acct_00073,2,renewed,2026-03-17,1,,
acct_00073,3,renewed,2026-04-17,2,,
acct_00074,1,activated,2026-01-27,0,,
acct_00074,2,renewed,2026-02-27,1,,
acct_00074,3,renewed,2026-03-27,2,,
acct_00074,4,renewed,2026-04-27,3,,
acct_00075,1,activated,2026-02-20,0,,
acct_00075,2,paused,2026-03-20,1,,
acct_00075,3,resumed,2026-04-20,2,,
acct_00075,4,renewed,2026-04-20,2,,
acct_00076,1,activated,2026-02-21,0,,
acct_00076,2,canceled,2026-03-21,1,never_activated,
acct_00077,1,activated,2026-03-15,0,,
acct_00077,2,renewed,2026-04-15,1,,
acct_00078,1,activated,2026-03-09,0,,
acct_00078,2,renewed,2026-04-09,1,,
acct_00079,1,activated,2026-03-24,0,,
acct_00079,2,renewed,2026-04-24,1,,
acct_00080,1,activated,2026-03-15,0,,
acct_00080,2,renewed,2026-04-15,1,,
acct_00081,1,activated,2026-02-28,0,,
acct_00081,2,renewed,2026-03-28,1,,
acct_00081,3,renewed,2026-04-28,2,,
acct_00082,1,activated,2026-03-26,0,,
acct_00082,2,canceled,2026-04-26,1,voluntary,
acct_00083,1,activated,2026-02-11,0,,
acct_00083,2,renewed,2026-03-11,1,,
acct_00083,3,renewed,2026-04-11,2,,
acct_00084,1,activated,2026-01-18,0,,
acct_00084,2,canceled,2026-02-18,1,voluntary,
acct_00085,1,activated,2026-02-02,0,,
acct_00085,2,renewed,2026-03-02,1,,
acct_00085,3,renewed,2026-04-02,2,,
acct_00085,4,renewed,2026-05-02,3,,
acct_00086,1,activated,2026-03-19,0,,
acct_00086,2,renewed,2026-04-19,1,,
acct_00087,1,activated,2026-03-03,0,,
acct_00087,2,renewed,2026-04-03,1,,
acct_00087,3,paused,2026-05-03,2,,
acct_00088,1,activated,2026-02-10,0,,
acct_00088,2,renewed,2026-03-10,1,,
acct_00088,3,renewed,2026-04-10,2,,
acct_00089,1,activated,2026-03-06,0,,
acct_00089,2,renewed,2026-04-06,1,,
acct_00090,1,activated,2026-02-09,0,,
acct_00090,2,tier_changed,2026-03-09,1,upgrade,medium
acct_00090,3,renewed,2026-03-09,1,,
acct_00090,4,renewed,2026-04-09,2,,
acct_00091,1,activated,2026-03-17,0,,
acct_00091,2,renewed,2026-04-17,1,,
acct_00092,1,activated,2026-03-02,0,,
acct_00092,2,renewed,2026-04-02,1,,
acct_00092,3,renewed,2026-05-02,2,,
acct_00093,1,activated,2026-02-27,0,,
acct_00093,2,renewed,2026-03-27,1,,
acct_00093,3,canceled,2026-04-27,2,voluntary,
acct_00094,1,activated,2026-02-21,0,,
acct_00094,2,canceled,2026-02-21,0,day_zero,
acct_00095,1,activated,2026-03-13,0,,
acct_00095,2,renewed,2026-04-13,1,,
acct_00096,1,activated,2026-02-25,0,,
acct_00096,2,renewed,2026-03-25,1,,
acct_00096,3,renewed,2026-04-25,2,,
acct_00097,1,activated,2026-02-01,0,,
acct_00097,2,renewed,2026-03-01,1,,
acct_00097,3,canceled,2026-04-01,2,voluntary,
acct_00098,1,activated,2026-02-05,0,,
acct_00098,2,renewed,2026-03-05,1,,
acct_00098,3,renewed,2026-04-05,2,,
acct_00099,1,activated,2026-04-17,0,,
acct_00100,1,activated,2026-04-06,0,,
acct_00101,1,activated,2026-03-18,0,,
acct_00101,2,skipped,2026-04-18,1,,
acct_00102,1,activated,2026-02-19,0,,
acct_00102,2,renewed,2026-03-19,1,,
acct_00102,3,paused,2026-04-19,2,,
acct_00103,1,activated,2026-04-19,0,,
acct_00104,1,activated,2026-03-23,0,,
acct_00104,2,renewed,2026-04-23,1,,
acct_00105,1,activated,2026-03-19,0,,
acct_00105,2,renewed,2026-04-19,1,,
acct_00106,1,activated,2026-03-03,0,,
acct_00106,2,renewed,2026-04-03,1,,
acct_00106,3,renewed,2026-05-03,2,,
acct_00107,1,activated,2026-02-19,0,,
acct_00107,2,renewed,2026-03-19,1,,
acct_00107,3,renewed,2026-04-19,2,,
acct_00108,1,activated,2026-02-03,0,,
acct_00108,2,renewed,2026-03-03,1,,
acct_00108,3,renewed,2026-04-03,2,,
acct_00108,4,renewed,2026-05-03,3,,
acct_00109,1,activated,2026-04-05,0,,
acct_00110,1,activated,2026-03-03,0,,
acct_00110,2,renewed,2026-04-03,1,,
acct_00110,3,skipped,2026-05-03,2,,
acct_00111,1,activated,2026-02-14,0,,
acct_00111,2,renewed,2026-03-14,1,,
acct_00111,3,canceled,2026-04-14,2,never_activated,
acct_00112,1,activated,2026-02-22,0,,
acct_00112,2,renewed,2026-03-22,1,,
acct_00112,3,renewed,2026-04-22,2,,
acct_00113,1,activated,2026-03-10,0,,
acct_00113,2,renewed,2026-04-10,1,,
acct_00114,1,activated,2026-02-12,0,,
acct_00114,2,renewed,2026-03-12,1,,
acct_00114,3,canceled,2026-04-12,2,voluntary,
acct_00115,1,activated,2026-03-31,0,,
acct_00115,2,renewed,2026-04-30,1,,
acct_00116,1,activated,2026-03-22,0,,
acct_00116,2,renewed,2026-04-22,1,,
acct_00117,1,activated,2026-03-19,0,,
acct_00117,2,canceled,2026-04-19,1,voluntary,
acct_00118,1,activated,2026-03-02,0,,
acct_00118,2,renewed,2026-04-02,1,,
acct_00118,3,renewed,2026-05-02,2,,
acct_00119,1,activated,2026-03-13,0,,
acct_00119,2,renewed,2026-04-13,1,,
acct_00120,1,activated,2026-03-10,0,,
acct_00120,2,canceled,2026-03-10,0,day_zero,
acct_00121,1,activated,2026-03-14,0,,
acct_00121,2,renewed,2026-04-14,1,,
acct_00122,1,activated,2026-02-01,0,,
acct_00122,2,canceled,2026-03-01,1,voluntary,
acct_00123,1,activated,2026-03-01,0,,
acct_00123,2,skipped,2026-04-01,1,,
acct_00123,3,canceled,2026-05-01,2,never_activated,
acct_00124,1,activated,2026-01-23,0,,
acct_00124,2,renewed,2026-02-23,1,,
acct_00124,3,renewed,2026-03-23,2,,
acct_00124,4,renewed,2026-04-23,3,,
acct_00125,1,activated,2026-03-05,0,,
acct_00125,2,renewed,2026-04-05,1,,
acct_00126,1,activated,2026-02-23,0,,
acct_00126,2,renewed,2026-03-23,1,,
acct_00126,3,renewed,2026-04-23,2,,
acct_00127,1,activated,2026-02-08,0,,
acct_00127,2,renewed,2026-03-08,1,,
acct_00127,3,renewed,2026-04-08,2,,
acct_00128,1,activated,2026-02-04,0,,
acct_00128,2,renewed,2026-03-04,1,,
acct_00128,3,renewed,2026-04-04,2,,
acct_00129,1,activated,2026-03-11,0,,
acct_00129,2,canceled,2026-04-11,1,voluntary,
acct_00130,1,activated,2026-02-11,0,,
acct_00130,2,canceled,2026-03-11,1,voluntary,
acct_00131,1,activated,2026-04-09,0,,
acct_00132,1,activated,2026-03-10,0,,
acct_00132,2,canceled,2026-03-10,0,day_zero,
acct_00133,1,activated,2026-02-24,0,,
acct_00133,2,canceled,2026-03-24,1,voluntary,
acct_00134,1,activated,2026-03-11,0,,
acct_00134,2,skipped,2026-04-11,1,,
acct_00135,1,activated,2026-01-18,0,,
acct_00135,2,renewed,2026-02-18,1,,
acct_00135,3,renewed,2026-03-18,2,,
acct_00135,4,renewed,2026-04-18,3,,
acct_00136,1,activated,2026-04-16,0,,
acct_00137,1,activated,2026-03-04,0,,
acct_00137,2,renewed,2026-04-04,1,,
acct_00138,1,activated,2026-03-24,0,,
acct_00138,2,renewed,2026-04-24,1,,
acct_00139,1,activated,2026-01-31,0,,
acct_00139,2,renewed,2026-02-28,1,,
acct_00139,3,renewed,2026-03-31,2,,
acct_00139,4,renewed,2026-04-30,3,,
acct_00140,1,activated,2026-03-05,0,,
acct_00140,2,canceled,2026-04-05,1,voluntary,
acct_00141,1,activated,2026-03-05,0,,
acct_00141,2,renewed,2026-04-05,1,,
acct_00142,1,activated,2026-04-11,0,,
acct_00143,1,activated,2026-03-10,0,,
acct_00143,2,renewed,2026-04-10,1,,
acct_00144,1,activated,2026-03-04,0,,
acct_00144,2,renewed,2026-04-04,1,,
acct_00145,1,activated,2026-02-19,0,,
acct_00145,2,renewed,2026-03-19,1,,
acct_00145,3,renewed,2026-04-19,2,,
acct_00146,1,activated,2026-02-23,0,,
acct_00146,2,renewed,2026-03-23,1,,
acct_00146,3,renewed,2026-04-23,2,,
acct_00147,1,activated,2026-03-07,0,,
acct_00147,2,renewed,2026-04-07,1,,
acct_00148,1,activated,2026-03-02,0,,
acct_00148,2,canceled,2026-04-02,1,voluntary,
acct_00149,1,activated,2026-01-17,0,,
acct_00149,2,renewed,2026-02-17,1,,
acct_00149,3,renewed,2026-03-17,2,,
acct_00149,4,renewed,2026-04-17,3,,
acct_00150,1,activated,2026-03-28,0,,
acct_00150,2,renewed,2026-04-28,1,,
acct_00151,1,activated,2026-04-04,0,,
acct_00152,1,activated,2026-02-08,0,,
acct_00152,2,renewed,2026-03-08,1,,
acct_00152,3,renewed,2026-04-08,2,,
acct_00153,1,activated,2026-03-09,0,,
acct_00153,2,renewed,2026-04-09,1,,
acct_00154,1,activated,2026-02-04,0,,
acct_00154,2,skipped,2026-03-04,1,,
acct_00154,3,renewed,2026-04-04,2,,
acct_00155,1,activated,2026-03-16,0,,
acct_00155,2,renewed,2026-04-16,1,,
acct_00156,1,activated,2026-02-20,0,,
acct_00156,2,renewed,2026-03-20,1,,
acct_00156,3,renewed,2026-04-20,2,,
acct_00157,1,activated,2026-03-15,0,,
acct_00157,2,tier_changed,2026-04-15,1,upgrade,large
acct_00157,3,renewed,2026-04-15,1,,
acct_00158,1,activated,2026-03-20,0,,
acct_00158,2,canceled,2026-04-20,1,never_activated,
acct_00159,1,activated,2026-03-23,0,,
acct_00159,2,renewed,2026-04-23,1,,
acct_00160,1,activated,2026-02-04,0,,
acct_00160,2,canceled,2026-03-04,1,voluntary,
acct_00161,1,activated,2026-04-07,0,,
acct_00162,1,activated,2026-02-16,0,,
acct_00162,2,renewed,2026-03-16,1,,
acct_00162,3,renewed,2026-04-16,2,,
acct_00163,1,activated,2026-01-22,0,,
acct_00163,2,renewed,2026-02-22,1,,
acct_00163,3,renewed,2026-03-22,2,,
acct_00163,4,renewed,2026-04-22,3,,
acct_00164,1,activated,2026-03-09,0,,
acct_00164,2,renewed,2026-04-09,1,,
acct_00165,1,activated,2026-02-26,0,,
acct_00165,2,renewed,2026-03-26,1,,
acct_00165,3,tier_changed,2026-04-26,2,upgrade,medium
acct_00165,4,renewed,2026-04-26,2,,
acct_00166,1,activated,2026-03-28,0,,
acct_00166,2,renewed,2026-04-28,1,,
acct_00167,1,activated,2026-03-26,0,,
acct_00167,2,renewed,2026-04-26,1,,
acct_00168,1,activated,2026-02-22,0,,
acct_00168,2,canceled,2026-03-22,1,never_activated,
acct_00169,1,activated,2026-04-14,0,,
acct_00170,1,activated,2026-02-21,0,,
acct_00170,2,renewed,2026-03-21,1,,
acct_00170,3,canceled,2026-04-21,2,voluntary,
acct_00171,1,activated,2026-03-06,0,,
acct_00171,2,renewed,2026-04-06,1,,
acct_00172,1,activated,2026-02-18,0,,
acct_00172,2,canceled,2026-03-18,1,voluntary,
acct_00173,1,activated,2026-04-11,0,,
acct_00174,1,activated,2026-02-11,0,,
acct_00174,2,renewed,2026-03-11,1,,
acct_00174,3,canceled,2026-04-11,2,voluntary,
acct_00175,1,activated,2026-01-24,0,,
acct_00175,2,renewed,2026-02-24,1,,
acct_00175,3,canceled,2026-03-24,2,voluntary,
acct_00176,1,activated,2026-03-02,0,,
acct_00176,2,paused,2026-04-02,1,,
acct_00176,3,resumed,2026-05-02,2,,
acct_00176,4,tier_changed,2026-05-02,2,downgrade,medium
acct_00176,5,renewed,2026-05-02,2,,
acct_00177,1,activated,2026-04-28,0,,
acct_00178,1,activated,2026-04-04,0,,
acct_00179,1,activated,2026-03-21,0,,
acct_00179,2,renewed,2026-04-21,1,,
acct_00180,1,activated,2026-04-04,0,,
acct_00181,1,activated,2026-04-04,0,,
acct_00182,1,activated,2026-03-07,0,,
acct_00182,2,renewed,2026-04-07,1,,
acct_00183,1,activated,2026-02-22,0,,
acct_00183,2,renewed,2026-03-22,1,,
acct_00183,3,renewed,2026-04-22,2,,
acct_00184,1,activated,2026-03-23,0,,
acct_00184,2,renewed,2026-04-23,1,,
acct_00185,1,activated,2026-03-15,0,,
acct_00185,2,renewed,2026-04-15,1,,
acct_00186,1,activated,2026-02-26,0,,
acct_00186,2,skipped,2026-03-26,1,,
acct_00186,3,renewed,2026-04-26,2,,
acct_00187,1,activated,2026-02-02,0,,
acct_00187,2,tier_changed,2026-03-02,1,upgrade,large
acct_00187,3,renewed,2026-03-02,1,,
acct_00187,4,renewed,2026-04-02,2,,
acct_00187,5,renewed,2026-05-02,3,,
acct_00188,1,activated,2026-03-21,0,,
acct_00188,2,skipped,2026-04-21,1,,
acct_00189,1,activated,2026-02-19,0,,
acct_00189,2,renewed,2026-03-19,1,,
acct_00189,3,renewed,2026-04-19,2,,
acct_00190,1,activated,2026-04-11,0,,
acct_00191,1,activated,2026-02-17,0,,
acct_00191,2,renewed,2026-03-17,1,,
acct_00191,3,renewed,2026-04-17,2,,
acct_00192,1,activated,2026-02-06,0,,
acct_00192,2,renewed,2026-03-06,1,,
acct_00192,3,renewed,2026-04-06,2,,
acct_00193,1,activated,2026-03-28,0,,
acct_00193,2,renewed,2026-04-28,1,,
acct_00194,1,activated,2026-02-09,0,,
acct_00194,2,tier_changed,2026-03-09,1,downgrade,medium
acct_00194,3,renewed,2026-03-09,1,,
acct_00194,4,paused,2026-04-09,2,,
acct_00195,1,activated,2026-02-12,0,,
acct_00195,2,renewed,2026-03-12,1,,
acct_00195,3,renewed,2026-04-12,2,,
acct_00196,1,activated,2026-03-11,0,,
acct_00196,2,renewed,2026-04-11,1,,
acct_00197,1,activated,2026-04-02,0,,
acct_00197,2,renewed,2026-05-02,1,,
acct_00198,1,activated,2026-02-13,0,,
acct_00198,2,canceled,2026-03-13,1,voluntary,
acct_00199,1,activated,2026-02-22,0,,
acct_00199,2,canceled,2026-03-22,1,voluntary,
acct_00200,1,activated,2026-03-23,0,,
acct_00200,2,canceled,2026-04-23,1,voluntary,
acct_00201,1,activated,2026-04-20,0,,
acct_00202,1,activated,2026-03-06,0,,
acct_00202,2,skipped,2026-04-06,1,,
acct_00203,1,activated,2026-02-08,0,,
acct_00203,2,canceled,2026-03-08,1,voluntary,
acct_00204,1,activated,2026-01-14,0,,
acct_00204,2,renewed,2026-02-14,1,,
acct_00204,3,canceled,2026-03-14,2,voluntary,
acct_00205,1,activated,2026-02-16,0,,
acct_00205,2,canceled,2026-03-16,1,voluntary,
acct_00206,1,activated,2026-02-07,0,,
acct_00206,2,renewed,2026-03-07,1,,
acct_00206,3,skipped,2026-04-07,2,,
acct_00207,1,activated,2026-03-16,0,,
acct_00207,2,renewed,2026-04-16,1,,
acct_00208,1,activated,2026-02-06,0,,
acct_00208,2,renewed,2026-03-06,1,,
acct_00208,3,canceled,2026-04-06,2,never_activated,
acct_00209,1,activated,2026-03-06,0,,
acct_00209,2,renewed,2026-04-06,1,,
acct_00210,1,activated,2026-03-17,0,,
acct_00210,2,renewed,2026-04-17,1,,
acct_00211,1,activated,2026-03-10,0,,
acct_00211,2,paused,2026-04-10,1,,
acct_00212,1,activated,2026-02-14,0,,
acct_00212,2,renewed,2026-03-14,1,,
acct_00212,3,renewed,2026-04-14,2,,
acct_00213,1,activated,2026-03-26,0,,
acct_00213,2,renewed,2026-04-26,1,,
acct_00214,1,activated,2026-03-19,0,,
acct_00214,2,canceled,2026-04-19,1,voluntary,
acct_00215,1,activated,2026-03-20,0,,
acct_00215,2,renewed,2026-04-20,1,,
acct_00216,1,activated,2026-02-07,0,,
acct_00216,2,renewed,2026-03-07,1,,
acct_00216,3,renewed,2026-04-07,2,,
acct_00217,1,activated,2026-02-06,0,,
acct_00217,2,renewed,2026-03-06,1,,
acct_00217,3,renewed,2026-04-06,2,,
acct_00218,1,activated,2026-04-09,0,,
acct_00219,1,activated,2026-02-28,0,,
acct_00219,2,canceled,2026-03-28,1,voluntary,
acct_00220,1,activated,2026-02-21,0,,
acct_00220,2,canceled,2026-03-21,1,voluntary,
acct_00221,1,activated,2026-03-05,0,,
acct_00221,2,canceled,2026-04-05,1,never_activated,
acct_00222,1,activated,2026-03-15,0,,
acct_00222,2,renewed,2026-04-15,1,,
acct_00223,1,activated,2026-04-15,0,,
acct_00224,1,activated,2026-02-20,0,,
acct_00224,2,renewed,2026-03-20,1,,
acct_00224,3,canceled,2026-04-20,2,voluntary,
acct_00225,1,activated,2026-04-09,0,,
acct_00226,1,activated,2026-01-18,0,,
acct_00226,2,canceled,2026-02-18,1,voluntary,
acct_00227,1,activated,2026-03-09,0,,
acct_00227,2,renewed,2026-04-09,1,,
acct_00228,1,activated,2026-03-13,0,,
acct_00228,2,renewed,2026-04-13,1,,
acct_00229,1,activated,2026-02-04,0,,
acct_00229,2,renewed,2026-03-04,1,,
acct_00229,3,renewed,2026-04-04,2,,
acct_00230,1,activated,2026-02-08,0,,
acct_00230,2,renewed,2026-03-08,1,,
acct_00230,3,renewed,2026-04-08,2,,
acct_00231,1,activated,2026-03-01,0,,
acct_00231,2,renewed,2026-04-01,1,,
acct_00231,3,renewed,2026-05-01,2,,
acct_00232,1,activated,2026-04-18,0,,
acct_00233,1,activated,2026-03-11,0,,
acct_00233,2,renewed,2026-04-11,1,,
acct_00234,1,activated,2026-04-10,0,,
acct_00235,1,activated,2026-03-26,0,,
acct_00235,2,renewed,2026-04-26,1,,
acct_00236,1,activated,2026-03-04,0,,
acct_00236,2,paused,2026-04-04,1,,
acct_00237,1,activated,2026-03-24,0,,
acct_00237,2,tier_changed,2026-04-24,1,upgrade,medium
acct_00237,3,renewed,2026-04-24,1,,
acct_00238,1,activated,2026-01-16,0,,
acct_00238,2,renewed,2026-02-16,1,,
acct_00238,3,tier_changed,2026-03-16,2,upgrade,large
acct_00238,4,renewed,2026-03-16,2,,
acct_00238,5,renewed,2026-04-16,3,,
acct_00239,1,activated,2026-02-04,0,,
acct_00239,2,renewed,2026-03-04,1,,
acct_00239,3,canceled,2026-04-04,2,voluntary,
acct_00240,1,activated,2026-03-28,0,,
acct_00240,2,renewed,2026-04-28,1,,
acct_00241,1,activated,2026-03-25,0,,
acct_00241,2,canceled,2026-04-25,1,voluntary,
acct_00242,1,activated,2026-02-16,0,,
acct_00242,2,canceled,2026-03-16,1,voluntary,
acct_00243,1,activated,2026-03-07,0,,
acct_00243,2,canceled,2026-04-07,1,never_activated,
acct_00244,1,activated,2026-03-12,0,,
acct_00244,2,tier_changed,2026-04-12,1,upgrade,medium
acct_00244,3,renewed,2026-04-12,1,,
acct_00245,1,activated,2026-04-01,0,,
acct_00245,2,renewed,2026-05-01,1,,
acct_00246,1,activated,2026-03-12,0,,
acct_00246,2,renewed,2026-04-12,1,,
acct_00247,1,activated,2026-02-28,0,,
acct_00247,2,renewed,2026-03-28,1,,
acct_00247,3,skipped,2026-04-28,2,,
acct_00248,1,activated,2026-02-26,0,,
acct_00248,2,renewed,2026-03-26,1,,
acct_00248,3,renewed,2026-04-26,2,,
acct_00249,1,activated,2026-03-01,0,,
acct_00249,2,canceled,2026-04-01,1,voluntary,
acct_00250,1,activated,2026-03-15,0,,
acct_00250,2,renewed,2026-04-15,1,,
acct_00251,1,activated,2026-04-01,0,,
acct_00251,2,canceled,2026-05-01,1,never_activated,
acct_00252,1,activated,2026-03-03,0,,
acct_00252,2,canceled,2026-04-03,1,never_activated,
acct_00253,1,activated,2026-02-18,0,,
acct_00253,2,renewed,2026-03-18,1,,
acct_00253,3,renewed,2026-04-18,2,,
acct_00254,1,activated,2026-02-17,0,,
acct_00254,2,renewed,2026-03-17,1,,
acct_00254,3,renewed,2026-04-17,2,,
acct_00255,1,activated,2026-03-21,0,,
acct_00255,2,renewed,2026-04-21,1,,
acct_00256,1,activated,2026-03-27,0,,
acct_00256,2,renewed,2026-04-27,1,,
acct_00257,1,activated,2026-02-04,0,,
acct_00257,2,renewed,2026-03-04,1,,
acct_00257,3,renewed,2026-04-04,2,,
acct_00258,1,activated,2026-01-29,0,,
acct_00258,2,canceled,2026-02-28,1,voluntary,
acct_00259,1,activated,2026-03-11,0,,
acct_00259,2,renewed,2026-04-11,1,,
acct_00260,1,activated,2026-02-09,0,,
acct_00260,2,skipped,2026-03-09,1,,
acct_00260,3,renewed,2026-04-09,2,,
acct_00261,1,activated,2026-03-27,0,,
acct_00261,2,canceled,2026-04-27,1,voluntary,
acct_00262,1,activated,2026-02-22,0,,
acct_00262,2,paused,2026-03-22,1,,
acct_00262,3,resumed,2026-04-22,2,,
acct_00262,4,renewed,2026-04-22,2,,
acct_00263,1,activated,2026-02-08,0,,
acct_00263,2,skipped,2026-03-08,1,,
acct_00263,3,renewed,2026-04-08,2,,
acct_00264,1,activated,2026-04-08,0,,
acct_00265,1,activated,2026-02-11,0,,
acct_00265,2,renewed,2026-03-11,1,,
acct_00265,3,renewed,2026-04-11,2,,
acct_00266,1,activated,2026-02-20,0,,
acct_00266,2,renewed,2026-03-20,1,,
acct_00266,3,skipped,2026-04-20,2,,
acct_00267,1,activated,2026-02-09,0,,
acct_00267,2,renewed,2026-03-09,1,,
acct_00267,3,skipped,2026-04-09,2,,
acct_00268,1,activated,2026-02-05,0,,
acct_00268,2,renewed,2026-03-05,1,,
acct_00268,3,renewed,2026-04-05,2,,
acct_00269,1,activated,2026-01-17,0,,
acct_00269,2,renewed,2026-02-17,1,,
acct_00269,3,renewed,2026-03-17,2,,
acct_00269,4,renewed,2026-04-17,3,,
acct_00270,1,activated,2026-01-26,0,,
acct_00270,2,renewed,2026-02-26,1,,
acct_00270,3,renewed,2026-03-26,2,,
acct_00270,4,renewed,2026-04-26,3,,
acct_00271,1,activated,2026-02-12,0,,
acct_00271,2,renewed,2026-03-12,1,,
acct_00271,3,renewed,2026-04-12,2,,
acct_00272,1,activated,2026-01-26,0,,
acct_00272,2,renewed,2026-02-26,1,,
acct_00272,3,renewed,2026-03-26,2,,
acct_00272,4,renewed,2026-04-26,3,,
acct_00273,1,activated,2026-03-11,0,,
acct_00273,2,skipped,2026-04-11,1,,
acct_00274,1,activated,2026-03-16,0,,
acct_00274,2,renewed,2026-04-16,1,,
acct_00275,1,activated,2026-02-27,0,,
acct_00275,2,renewed,2026-03-27,1,,
acct_00275,3,renewed,2026-04-27,2,,
acct_00276,1,activated,2026-02-23,0,,
acct_00276,2,canceled,2026-03-23,1,voluntary,
acct_00277,1,activated,2026-03-06,0,,
acct_00277,2,renewed,2026-04-06,1,,
acct_00278,1,activated,2026-04-02,0,,
acct_00278,2,canceled,2026-05-02,1,voluntary,
acct_00279,1,activated,2026-03-30,0,,
acct_00279,2,renewed,2026-04-30,1,,
acct_00280,1,activated,2026-01-24,0,,
acct_00280,2,renewed,2026-02-24,1,,
acct_00280,3,skipped,2026-03-24,2,,
acct_00280,4,renewed,2026-04-24,3,,
acct_00281,1,activated,2026-02-12,0,,
acct_00281,2,canceled,2026-03-12,1,voluntary,
acct_00282,1,activated,2026-02-17,0,,
acct_00282,2,renewed,2026-03-17,1,,
acct_00282,3,renewed,2026-04-17,2,,
acct_00283,1,activated,2026-02-18,0,,
acct_00283,2,canceled,2026-03-18,1,voluntary,
acct_00284,1,activated,2026-03-10,0,,
acct_00284,2,renewed,2026-04-10,1,,
acct_00285,1,activated,2026-03-01,0,,
acct_00285,2,canceled,2026-03-01,0,day_zero,
acct_00286,1,activated,2026-01-25,0,,
acct_00286,2,canceled,2026-02-25,1,never_activated,
acct_00287,1,activated,2026-02-26,0,,
acct_00287,2,renewed,2026-03-26,1,,
acct_00287,3,renewed,2026-04-26,2,,
acct_00288,1,activated,2026-03-07,0,,
acct_00288,2,canceled,2026-04-07,1,never_activated,
acct_00289,1,activated,2026-02-03,0,,
acct_00289,2,renewed,2026-03-03,1,,
acct_00289,3,skipped,2026-04-03,2,,
acct_00289,4,skipped,2026-05-03,3,,
acct_00290,1,activated,2026-03-28,0,,
acct_00290,2,renewed,2026-04-28,1,,
acct_00291,1,activated,2026-01-26,0,,
acct_00291,2,canceled,2026-02-26,1,never_activated,
acct_00292,1,activated,2026-04-09,0,,
acct_00293,1,activated,2026-02-03,0,,
acct_00293,2,canceled,2026-03-03,1,voluntary,
acct_00294,1,activated,2026-03-29,0,,
acct_00294,2,canceled,2026-04-29,1,voluntary,
acct_00295,1,activated,2026-04-05,0,,
acct_00296,1,activated,2026-04-22,0,,
acct_00297,1,activated,2026-03-25,0,,
acct_00297,2,renewed,2026-04-25,1,,
acct_00298,1,activated,2026-03-23,0,,
acct_00298,2,renewed,2026-04-23,1,,
acct_00299,1,activated,2026-03-14,0,,
acct_00299,2,canceled,2026-04-14,1,voluntary,
acct_00300,1,activated,2026-03-23,0,,
acct_00300,2,canceled,2026-04-23,1,voluntary,
acct_00301,1,activated,2026-02-07,0,,
acct_00301,2,renewed,2026-03-07,1,,
acct_00301,3,renewed,2026-04-07,2,,
acct_00302,1,activated,2026-03-08,0,,
acct_00302,2,skipped,2026-04-08,1,,
acct_00303,1,activated,2026-03-06,0,,
acct_00303,2,skipped,2026-04-06,1,,
acct_00304,1,activated,2026-03-31,0,,
acct_00304,2,renewed,2026-04-30,1,,
acct_00305,1,activated,2026-03-03,0,,
acct_00305,2,renewed,2026-04-03,1,,
acct_00305,3,renewed,2026-05-03,2,,
acct_00306,1,activated,2026-02-27,0,,
acct_00306,2,canceled,2026-03-27,1,never_activated,
acct_00307,1,activated,2026-03-14,0,,
acct_00307,2,renewed,2026-04-14,1,,
acct_00308,1,activated,2026-02-19,0,,
acct_00308,2,canceled,2026-03-19,1,never_activated,
acct_00309,1,activated,2026-02-08,0,,
acct_00309,2,canceled,2026-03-08,1,voluntary,
acct_00310,1,activated,2026-03-04,0,,
acct_00310,2,renewed,2026-04-04,1,,
acct_00311,1,activated,2026-03-01,0,,
acct_00311,2,renewed,2026-04-01,1,,
acct_00311,3,renewed,2026-05-01,2,,
acct_00312,1,activated,2026-02-16,0,,
acct_00312,2,skipped,2026-03-16,1,,
acct_00312,3,renewed,2026-04-16,2,,
acct_00313,1,activated,2026-02-26,0,,
acct_00313,2,renewed,2026-03-26,1,,
acct_00313,3,skipped,2026-04-26,2,,
acct_00314,1,activated,2026-02-26,0,,
acct_00314,2,renewed,2026-03-26,1,,
acct_00314,3,canceled,2026-04-26,2,voluntary,
acct_00315,1,activated,2026-02-23,0,,
acct_00315,2,renewed,2026-03-23,1,,
acct_00315,3,renewed,2026-04-23,2,,
acct_00316,1,activated,2026-02-26,0,,
acct_00316,2,renewed,2026-03-26,1,,
acct_00316,3,renewed,2026-04-26,2,,
acct_00317,1,activated,2026-03-17,0,,
acct_00317,2,skipped,2026-04-17,1,,
acct_00318,1,activated,2026-02-21,0,,
acct_00318,2,renewed,2026-03-21,1,,
acct_00318,3,canceled,2026-04-21,2,voluntary,
acct_00319,1,activated,2026-04-14,0,,
acct_00320,1,activated,2026-04-07,0,,
acct_00321,1,activated,2026-03-04,0,,
acct_00321,2,renewed,2026-04-04,1,,
acct_00322,1,activated,2026-02-23,0,,
acct_00322,2,renewed,2026-03-23,1,,
acct_00322,3,renewed,2026-04-23,2,,
acct_00323,1,activated,2026-03-08,0,,
acct_00323,2,renewed,2026-04-08,1,,
acct_00324,1,activated,2026-03-30,0,,
acct_00324,2,renewed,2026-04-30,1,,
acct_00325,1,activated,2026-03-15,0,,
acct_00325,2,renewed,2026-04-15,1,,
acct_00326,1,activated,2026-03-26,0,,
acct_00326,2,renewed,2026-04-26,1,,
acct_00327,1,activated,2026-03-07,0,,
acct_00327,2,renewed,2026-04-07,1,,
acct_00328,1,activated,2026-03-13,0,,
acct_00328,2,renewed,2026-04-13,1,,
acct_00329,1,activated,2026-02-21,0,,
acct_00329,2,canceled,2026-03-21,1,voluntary,
acct_00330,1,activated,2026-03-20,0,,
acct_00330,2,paused,2026-04-20,1,,
acct_00331,1,activated,2026-02-14,0,,
acct_00331,2,skipped,2026-03-14,1,,
acct_00331,3,renewed,2026-04-14,2,,
acct_00332,1,activated,2026-03-17,0,,
acct_00332,2,renewed,2026-04-17,1,,
acct_00333,1,activated,2026-03-31,0,,
acct_00333,2,renewed,2026-04-30,1,,
acct_00334,1,activated,2026-02-07,0,,
acct_00334,2,canceled,2026-03-07,1,never_activated,
acct_00335,1,activated,2026-03-12,0,,
acct_00335,2,canceled,2026-03-12,0,day_zero,
acct_00336,1,activated,2026-02-02,0,,
acct_00336,2,renewed,2026-03-02,1,,
acct_00336,3,renewed,2026-04-02,2,,
acct_00336,4,renewed,2026-05-02,3,,
acct_00337,1,activated,2026-03-19,0,,
acct_00337,2,canceled,2026-04-19,1,voluntary,
acct_00338,1,activated,2026-02-01,0,,
acct_00338,2,renewed,2026-03-01,1,,
acct_00338,3,renewed,2026-04-01,2,,
acct_00338,4,skipped,2026-05-01,3,,
acct_00339,1,activated,2026-04-11,0,,
acct_00340,1,activated,2026-02-08,0,,
acct_00340,2,renewed,2026-03-08,1,,
acct_00340,3,skipped,2026-04-08,2,,
acct_00341,1,activated,2026-04-16,0,,
acct_00342,1,activated,2026-03-25,0,,
acct_00342,2,renewed,2026-04-25,1,,
acct_00343,1,activated,2026-03-11,0,,
acct_00343,2,canceled,2026-04-11,1,voluntary,
acct_00344,1,activated,2026-03-24,0,,
acct_00344,2,renewed,2026-04-24,1,,
acct_00345,1,activated,2026-03-25,0,,
acct_00345,2,renewed,2026-04-25,1,,
acct_00346,1,activated,2026-04-13,0,,
acct_00347,1,activated,2026-02-18,0,,
acct_00347,2,renewed,2026-03-18,1,,
acct_00347,3,renewed,2026-04-18,2,,
acct_00348,1,activated,2026-03-11,0,,
acct_00348,2,canceled,2026-04-11,1,voluntary,
acct_00349,1,activated,2026-02-02,0,,
acct_00349,2,renewed,2026-03-02,1,,
acct_00349,3,renewed,2026-04-02,2,,
acct_00349,4,renewed,2026-05-02,3,,
acct_00350,1,activated,2026-03-12,0,,
acct_00350,2,skipped,2026-04-12,1,,
acct_00351,1,activated,2026-02-11,0,,
acct_00351,2,renewed,2026-03-11,1,,
acct_00351,3,renewed,2026-04-11,2,,
acct_00352,1,activated,2026-03-09,0,,
acct_00352,2,skipped,2026-04-09,1,,
acct_00353,1,activated,2026-03-10,0,,
acct_00353,2,renewed,2026-04-10,1,,
acct_00354,1,activated,2026-03-04,0,,
acct_00354,2,renewed,2026-04-04,1,,
acct_00355,1,activated,2026-03-07,0,,
acct_00355,2,renewed,2026-04-07,1,,
acct_00356,1,activated,2026-03-22,0,,
acct_00356,2,renewed,2026-04-22,1,,
acct_00357,1,activated,2026-03-25,0,,
acct_00357,2,renewed,2026-04-25,1,,
acct_00358,1,activated,2026-03-05,0,,
acct_00358,2,skipped,2026-04-05,1,,
acct_00359,1,activated,2026-03-11,0,,
acct_00359,2,renewed,2026-04-11,1,,
acct_00360,1,activated,2026-04-10,0,,
acct_00361,1,activated,2026-02-06,0,,
acct_00361,2,renewed,2026-03-06,1,,
acct_00361,3,renewed,2026-04-06,2,,
acct_00362,1,activated,2026-02-05,0,,
acct_00362,2,skipped,2026-03-05,1,,
acct_00362,3,renewed,2026-04-05,2,,
acct_00363,1,activated,2026-02-01,0,,
acct_00363,2,canceled,2026-03-01,1,voluntary,
acct_00364,1,activated,2026-03-15,0,,
acct_00364,2,canceled,2026-04-15,1,voluntary,
acct_00365,1,activated,2026-03-01,0,,
acct_00365,2,canceled,2026-04-01,1,voluntary,
acct_00366,1,activated,2026-03-23,0,,
acct_00366,2,renewed,2026-04-23,1,,
acct_00367,1,activated,2026-03-16,0,,
acct_00367,2,renewed,2026-04-16,1,,
acct_00368,1,activated,2026-02-24,0,,
acct_00368,2,renewed,2026-03-24,1,,
acct_00368,3,skipped,2026-04-24,2,,
acct_00369,1,activated,2026-04-05,0,,
acct_00370,1,activated,2026-03-22,0,,
acct_00370,2,renewed,2026-04-22,1,,
acct_00371,1,activated,2026-02-19,0,,
acct_00371,2,canceled,2026-03-19,1,voluntary,
acct_00372,1,activated,2026-02-25,0,,
acct_00372,2,renewed,2026-03-25,1,,
acct_00372,3,renewed,2026-04-25,2,,
acct_00373,1,activated,2026-02-22,0,,
acct_00373,2,renewed,2026-03-22,1,,
acct_00373,3,tier_changed,2026-04-22,2,upgrade,large
acct_00373,4,renewed,2026-04-22,2,,
acct_00374,1,activated,2026-02-10,0,,
acct_00374,2,renewed,2026-03-10,1,,
acct_00374,3,renewed,2026-04-10,2,,
acct_00375,1,activated,2026-02-09,0,,
acct_00375,2,renewed,2026-03-09,1,,
acct_00375,3,renewed,2026-04-09,2,,
acct_00376,1,activated,2026-04-11,0,,
acct_00377,1,activated,2026-03-02,0,,
acct_00377,2,renewed,2026-04-02,1,,
acct_00377,3,skipped,2026-05-02,2,,
acct_00378,1,activated,2026-02-27,0,,
acct_00378,2,canceled,2026-03-27,1,voluntary,
acct_00379,1,activated,2026-03-20,0,,
acct_00379,2,renewed,2026-04-20,1,,
acct_00380,1,activated,2026-03-09,0,,
acct_00380,2,renewed,2026-04-09,1,,
acct_00381,1,activated,2026-04-11,0,,
acct_00382,1,activated,2026-03-24,0,,
acct_00382,2,renewed,2026-04-24,1,,
acct_00383,1,activated,2026-03-04,0,,
acct_00383,2,renewed,2026-04-04,1,,
acct_00384,1,activated,2026-02-26,0,,
acct_00384,2,renewed,2026-03-26,1,,
acct_00384,3,skipped,2026-04-26,2,,
acct_00385,1,activated,2026-04-25,0,,
acct_00386,1,activated,2026-03-19,0,,
acct_00386,2,renewed,2026-04-19,1,,
acct_00387,1,activated,2026-04-14,0,,
acct_00388,1,activated,2026-02-05,0,,
acct_00388,2,renewed,2026-03-05,1,,
acct_00388,3,renewed,2026-04-05,2,,
acct_00389,1,activated,2026-03-30,0,,
acct_00389,2,renewed,2026-04-30,1,,
acct_00390,1,activated,2026-03-14,0,,
acct_00390,2,renewed,2026-04-14,1,,
acct_00391,1,activated,2026-02-06,0,,
acct_00391,2,canceled,2026-03-06,1,voluntary,
acct_00392,1,activated,2026-03-11,0,,
acct_00392,2,renewed,2026-04-11,1,,
acct_00393,1,activated,2026-03-17,0,,
acct_00393,2,renewed,2026-04-17,1,,
acct_00394,1,activated,2026-01-13,0,,
acct_00394,2,renewed,2026-02-13,1,,
acct_00394,3,renewed,2026-03-13,2,,
acct_00394,4,renewed,2026-04-13,3,,
acct_00395,1,activated,2026-03-03,0,,
acct_00395,2,skipped,2026-04-03,1,,
acct_00395,3,renewed,2026-05-03,2,,
acct_00396,1,activated,2026-03-27,0,,
acct_00396,2,canceled,2026-04-27,1,voluntary,
acct_00397,1,activated,2026-02-21,0,,
acct_00397,2,canceled,2026-03-21,1,voluntary,
acct_00398,1,activated,2026-03-03,0,,
acct_00398,2,renewed,2026-04-03,1,,
acct_00398,3,renewed,2026-05-03,2,,
acct_00399,1,activated,2026-03-02,0,,
acct_00399,2,renewed,2026-04-02,1,,
acct_00399,3,renewed,2026-05-02,2,,
acct_00400,1,activated,2026-02-21,0,,
acct_00400,2,renewed,2026-03-21,1,,
acct_00400,3,renewed,2026-04-21,2,,
acct_00401,1,activated,2026-04-08,0,,
acct_00402,1,activated,2026-03-24,0,,
acct_00402,2,renewed,2026-04-24,1,,
acct_00403,1,activated,2026-02-04,0,,
acct_00403,2,renewed,2026-03-04,1,,
acct_00403,3,canceled,2026-04-04,2,never_activated,
acct_00404,1,activated,2026-05-01,0,,
acct_00405,1,activated,2026-04-02,0,,
acct_00405,2,renewed,2026-05-02,1,,
acct_00406,1,activated,2026-02-20,0,,
acct_00406,2,canceled,2026-03-20,1,voluntary,
acct_00407,1,activated,2026-03-29,0,,
acct_00407,2,renewed,2026-04-29,1,,
acct_00408,1,activated,2026-02-04,0,,
acct_00408,2,renewed,2026-03-04,1,,
acct_00408,3,renewed,2026-04-04,2,,
acct_00409,1,activated,2026-05-02,0,,
acct_00410,1,activated,2026-03-15,0,,
acct_00410,2,canceled,2026-04-15,1,never_activated,
acct_00411,1,activated,2026-03-14,0,,
acct_00411,2,renewed,2026-04-14,1,,
acct_00412,1,activated,2026-02-02,0,,
acct_00412,2,paused,2026-03-02,1,,
acct_00413,1,activated,2026-04-05,0,,
acct_00414,1,activated,2026-01-20,0,,
acct_00414,2,renewed,2026-02-20,1,,
acct_00414,3,renewed,2026-03-20,2,,
acct_00414,4,renewed,2026-04-20,3,,
acct_00415,1,activated,2026-02-17,0,,
acct_00415,2,renewed,2026-03-17,1,,
acct_00415,3,renewed,2026-04-17,2,,
acct_00416,1,activated,2026-02-08,0,,
acct_00416,2,renewed,2026-03-08,1,,
acct_00416,3,renewed,2026-04-08,2,,
acct_00417,1,activated,2026-03-23,0,,
acct_00417,2,renewed,2026-04-23,1,,
acct_00418,1,activated,2026-02-14,0,,
acct_00418,2,renewed,2026-03-14,1,,
acct_00418,3,renewed,2026-04-14,2,,
acct_00419,1,activated,2026-04-07,0,,
acct_00420,1,activated,2026-03-15,0,,
acct_00420,2,skipped,2026-04-15,1,,
acct_00421,1,activated,2026-01-22,0,,
acct_00421,2,renewed,2026-02-22,1,,
acct_00421,3,renewed,2026-03-22,2,,
acct_00421,4,canceled,2026-04-22,3,never_activated,
acct_00422,1,activated,2026-01-10,0,,
acct_00422,2,canceled,2026-02-10,1,voluntary,
acct_00423,1,activated,2026-01-26,0,,
acct_00423,2,renewed,2026-02-26,1,,
acct_00423,3,renewed,2026-03-26,2,,
acct_00423,4,renewed,2026-04-26,3,,
acct_00424,1,activated,2026-03-12,0,,
acct_00424,2,renewed,2026-04-12,1,,
acct_00425,1,activated,2026-03-25,0,,
acct_00425,2,renewed,2026-04-25,1,,
acct_00426,1,activated,2026-02-17,0,,
acct_00426,2,skipped,2026-03-17,1,,
acct_00426,3,renewed,2026-04-17,2,,
acct_00427,1,activated,2026-03-30,0,,
acct_00427,2,renewed,2026-04-30,1,,
acct_00428,1,activated,2026-01-27,0,,
acct_00428,2,renewed,2026-02-27,1,,
acct_00428,3,renewed,2026-03-27,2,,
acct_00428,4,renewed,2026-04-27,3,,
acct_00429,1,activated,2026-03-25,0,,
acct_00429,2,canceled,2026-04-25,1,voluntary,
acct_00430,1,activated,2026-04-09,0,,
acct_00431,1,activated,2026-03-23,0,,
acct_00431,2,canceled,2026-04-23,1,voluntary,
acct_00432,1,activated,2026-03-18,0,,
acct_00432,2,renewed,2026-04-18,1,,
acct_00433,1,activated,2026-03-29,0,,
acct_00433,2,paused,2026-04-29,1,,
acct_00434,1,activated,2026-01-23,0,,
acct_00434,2,renewed,2026-02-23,1,,
acct_00434,3,canceled,2026-03-23,2,voluntary,
acct_00435,1,activated,2026-02-14,0,,
acct_00435,2,renewed,2026-03-14,1,,
acct_00435,3,renewed,2026-04-14,2,,
acct_00436,1,activated,2026-02-06,0,,
acct_00436,2,renewed,2026-03-06,1,,
acct_00436,3,renewed,2026-04-06,2,,
acct_00437,1,activated,2026-03-06,0,,
acct_00437,2,renewed,2026-04-06,1,,
acct_00438,1,activated,2026-03-21,0,,
acct_00438,2,renewed,2026-04-21,1,,
acct_00439,1,activated,2026-03-13,0,,
acct_00439,2,skipped,2026-04-13,1,,
acct_00440,1,activated,2026-03-30,0,,
acct_00440,2,renewed,2026-04-30,1,,
acct_00441,1,activated,2026-02-10,0,,
acct_00441,2,renewed,2026-03-10,1,,
acct_00441,3,renewed,2026-04-10,2,,
acct_00442,1,activated,2026-03-20,0,,
acct_00442,2,canceled,2026-04-20,1,never_activated,
acct_00443,1,activated,2026-02-13,0,,
acct_00443,2,renewed,2026-03-13,1,,
acct_00443,3,skipped,2026-04-13,2,,
acct_00444,1,activated,2026-02-19,0,,
acct_00444,2,renewed,2026-03-19,1,,
acct_00444,3,renewed,2026-04-19,2,,
acct_00445,1,activated,2026-03-18,0,,
acct_00445,2,renewed,2026-04-18,1,,
acct_00446,1,activated,2026-04-23,0,,
acct_00447,1,activated,2026-03-12,0,,
acct_00447,2,renewed,2026-04-12,1,,
acct_00448,1,activated,2026-01-26,0,,
acct_00448,2,canceled,2026-02-26,1,never_activated,
acct_00449,1,activated,2026-03-12,0,,
acct_00449,2,renewed,2026-04-12,1,,
acct_00450,1,activated,2026-01-23,0,,
acct_00450,2,renewed,2026-02-23,1,,
acct_00450,3,tier_changed,2026-03-23,2,upgrade,medium
acct_00450,4,renewed,2026-03-23,2,,
acct_00450,5,renewed,2026-04-23,3,,
acct_00451,1,activated,2026-04-03,0,,
acct_00451,2,renewed,2026-05-03,1,,
acct_00452,1,activated,2026-03-18,0,,
acct_00452,2,canceled,2026-04-18,1,never_activated,
acct_00453,1,activated,2026-02-11,0,,
acct_00453,2,renewed,2026-03-11,1,,
acct_00453,3,renewed,2026-04-11,2,,
acct_00454,1,activated,2026-02-02,0,,
acct_00454,2,canceled,2026-03-02,1,voluntary,
acct_00455,1,activated,2026-02-12,0,,
acct_00455,2,canceled,2026-03-12,1,voluntary,
acct_00456,1,activated,2026-04-22,0,,
acct_00457,1,activated,2026-03-03,0,,
acct_00457,2,renewed,2026-04-03,1,,
acct_00457,3,renewed,2026-05-03,2,,
acct_00458,1,activated,2026-03-24,0,,
acct_00458,2,renewed,2026-04-24,1,,
acct_00459,1,activated,2026-03-14,0,,
acct_00459,2,renewed,2026-04-14,1,,
acct_00460,1,activated,2026-03-10,0,,
acct_00460,2,canceled,2026-04-10,1,never_activated,
acct_00461,1,activated,2026-02-09,0,,
acct_00461,2,renewed,2026-03-09,1,,
acct_00461,3,renewed,2026-04-09,2,,
acct_00462,1,activated,2026-04-13,0,,
acct_00463,1,activated,2026-02-21,0,,
acct_00463,2,canceled,2026-03-21,1,voluntary,
acct_00464,1,activated,2026-03-10,0,,
acct_00464,2,canceled,2026-04-10,1,voluntary,
acct_00465,1,activated,2026-03-18,0,,
acct_00465,2,canceled,2026-03-18,0,day_zero,
acct_00466,1,activated,2026-03-14,0,,
acct_00466,2,canceled,2026-04-14,1,voluntary,
acct_00467,1,activated,2026-04-12,0,,
acct_00468,1,activated,2026-02-09,0,,
acct_00468,2,renewed,2026-03-09,1,,
acct_00468,3,renewed,2026-04-09,2,,
acct_00469,1,activated,2026-03-06,0,,
acct_00469,2,canceled,2026-04-06,1,never_activated,
acct_00470,1,activated,2026-02-28,0,,
acct_00470,2,canceled,2026-03-28,1,never_activated,
acct_00471,1,activated,2026-03-04,0,,
acct_00471,2,renewed,2026-04-04,1,,
acct_00472,1,activated,2026-02-06,0,,
acct_00472,2,renewed,2026-03-06,1,,
acct_00472,3,skipped,2026-04-06,2,,
acct_00473,1,activated,2026-02-07,0,,
acct_00473,2,canceled,2026-03-07,1,voluntary,
acct_00474,1,activated,2026-02-20,0,,
acct_00474,2,canceled,2026-03-20,1,voluntary,
acct_00475,1,activated,2026-02-22,0,,
acct_00475,2,renewed,2026-03-22,1,,
acct_00475,3,renewed,2026-04-22,2,,
acct_00476,1,activated,2026-03-01,0,,
acct_00476,2,renewed,2026-04-01,1,,
acct_00476,3,renewed,2026-05-01,2,,
acct_00477,1,activated,2026-03-12,0,,
acct_00477,2,renewed,2026-04-12,1,,
acct_00478,1,activated,2026-03-13,0,,
acct_00478,2,renewed,2026-04-13,1,,
acct_00479,1,activated,2026-02-28,0,,
acct_00479,2,renewed,2026-03-28,1,,
acct_00479,3,renewed,2026-04-28,2,,
acct_00480,1,activated,2026-02-28,0,,
acct_00480,2,renewed,2026-03-28,1,,
acct_00480,3,renewed,2026-04-28,2,,
acct_00481,1,activated,2026-02-15,0,,
acct_00481,2,canceled,2026-03-15,1,voluntary,
acct_00482,1,activated,2026-03-11,0,,
acct_00482,2,renewed,2026-04-11,1,,
acct_00483,1,activated,2026-02-22,0,,
acct_00483,2,canceled,2026-03-22,1,voluntary,
acct_00484,1,activated,2026-01-22,0,,
acct_00484,2,canceled,2026-02-22,1,voluntary,
acct_00485,1,activated,2026-03-01,0,,
acct_00485,2,renewed,2026-04-01,1,,
acct_00485,3,renewed,2026-05-01,2,,
acct_00486,1,activated,2026-03-04,0,,
acct_00486,2,renewed,2026-04-04,1,,
acct_00487,1,activated,2026-02-16,0,,
acct_00487,2,tier_changed,2026-03-16,1,upgrade,medium
acct_00487,3,renewed,2026-03-16,1,,
acct_00487,4,renewed,2026-04-16,2,,
acct_00488,1,activated,2026-03-10,0,,
acct_00488,2,renewed,2026-04-10,1,,
acct_00489,1,activated,2026-03-09,0,,
acct_00489,2,renewed,2026-04-09,1,,
acct_00490,1,activated,2026-03-18,0,,
acct_00490,2,canceled,2026-04-18,1,voluntary,
acct_00491,1,activated,2026-03-14,0,,
acct_00491,2,renewed,2026-04-14,1,,
acct_00492,1,activated,2026-03-15,0,,
acct_00492,2,skipped,2026-04-15,1,,
acct_00493,1,activated,2026-02-22,0,,
acct_00493,2,renewed,2026-03-22,1,,
acct_00493,3,renewed,2026-04-22,2,,
acct_00494,1,activated,2026-03-24,0,,
acct_00494,2,renewed,2026-04-24,1,,
acct_00495,1,activated,2026-03-08,0,,
acct_00495,2,renewed,2026-04-08,1,,
acct_00496,1,activated,2026-03-02,0,,
acct_00496,2,canceled,2026-04-02,1,voluntary,
acct_00497,1,activated,2026-03-13,0,,
acct_00497,2,renewed,2026-04-13,1,,
acct_00498,1,activated,2026-02-25,0,,
acct_00498,2,renewed,2026-03-25,1,,
acct_00498,3,renewed,2026-04-25,2,,
acct_00499,1,activated,2026-03-06,0,,
acct_00499,2,renewed,2026-04-06,1,,
acct_00500,1,activated,2026-03-20,0,,
acct_00500,2,renewed,2026-04-20,1,,
acct_00501,1,activated,2026-04-03,0,,
acct_00501,2,renewed,2026-05-03,1,,
acct_00502,1,activated,2026-04-08,0,,
acct_00503,1,activated,2026-03-06,0,,
acct_00503,2,canceled,2026-04-06,1,voluntary,
acct_00504,1,activated,2026-03-07,0,,
acct_00504,2,renewed,2026-04-07,1,,
acct_00505,1,activated,2026-03-25,0,,
acct_00505,2,skipped,2026-04-25,1,,
acct_00506,1,activated,2026-02-22,0,,
acct_00506,2,renewed,2026-03-22,1,,
acct_00506,3,renewed,2026-04-22,2,,
acct_00507,1,activated,2026-03-29,0,,
acct_00507,2,canceled,2026-04-29,1,never_activated,
acct_00508,1,activated,2026-03-05,0,,
acct_00508,2,canceled,2026-04-05,1,voluntary,
acct_00509,1,activated,2026-02-05,0,,
acct_00509,2,renewed,2026-03-05,1,,
acct_00509,3,renewed,2026-04-05,2,,
acct_00510,1,activated,2026-01-30,0,,
acct_00510,2,renewed,2026-02-28,1,,
acct_00510,3,renewed,2026-03-30,2,,
acct_00510,4,renewed,2026-04-30,3,,
acct_00511,1,activated,2026-03-29,0,,
acct_00511,2,renewed,2026-04-29,1,,
acct_00512,1,activated,2026-01-26,0,,
acct_00512,2,renewed,2026-02-26,1,,
acct_00512,3,canceled,2026-03-26,2,never_activated,
acct_00513,1,activated,2026-02-20,0,,
acct_00513,2,renewed,2026-03-20,1,,
acct_00513,3,renewed,2026-04-20,2,,
acct_00514,1,activated,2026-02-24,0,,
acct_00514,2,renewed,2026-03-24,1,,
acct_00514,3,renewed,2026-04-24,2,,
acct_00515,1,activated,2026-02-11,0,,
acct_00515,2,renewed,2026-03-11,1,,
acct_00515,3,renewed,2026-04-11,2,,
acct_00516,1,activated,2026-02-22,0,,
acct_00516,2,renewed,2026-03-22,1,,
acct_00516,3,renewed,2026-04-22,2,,
acct_00517,1,activated,2026-03-21,0,,
acct_00517,2,renewed,2026-04-21,1,,
acct_00518,1,activated,2026-01-14,0,,
acct_00518,2,renewed,2026-02-14,1,,
acct_00518,3,renewed,2026-03-14,2,,
acct_00518,4,canceled,2026-04-14,3,voluntary,
acct_00519,1,activated,2026-03-28,0,,
acct_00519,2,renewed,2026-04-28,1,,
acct_00520,1,activated,2026-03-31,0,,
acct_00520,2,renewed,2026-04-30,1,,
acct_00521,1,activated,2026-02-26,0,,
acct_00521,2,renewed,2026-03-26,1,,
acct_00521,3,renewed,2026-04-26,2,,
acct_00522,1,activated,2026-02-09,0,,
acct_00522,2,renewed,2026-03-09,1,,
acct_00522,3,canceled,2026-04-09,2,voluntary,
acct_00523,1,activated,2026-03-11,0,,
acct_00523,2,renewed,2026-04-11,1,,
acct_00524,1,activated,2026-02-06,0,,
acct_00524,2,renewed,2026-03-06,1,,
acct_00524,3,renewed,2026-04-06,2,,
acct_00525,1,activated,2026-02-26,0,,
acct_00525,2,paused,2026-03-26,1,,
acct_00525,3,resumed,2026-04-26,2,,
acct_00525,4,renewed,2026-04-26,2,,
acct_00526,1,activated,2026-04-16,0,,
acct_00527,1,activated,2026-04-30,0,,
acct_00528,1,activated,2026-03-23,0,,
acct_00528,2,renewed,2026-04-23,1,,
acct_00529,1,activated,2026-02-22,0,,
acct_00529,2,renewed,2026-03-22,1,,
acct_00529,3,renewed,2026-04-22,2,,
acct_00530,1,activated,2026-03-17,0,,
acct_00530,2,renewed,2026-04-17,1,,
acct_00531,1,activated,2026-03-18,0,,
acct_00531,2,renewed,2026-04-18,1,,
acct_00532,1,activated,2026-02-27,0,,
acct_00532,2,renewed,2026-03-27,1,,
acct_00532,3,skipped,2026-04-27,2,,
acct_00533,1,activated,2026-03-14,0,,
acct_00533,2,canceled,2026-04-14,1,never_activated,
acct_00534,1,activated,2026-01-13,0,,
acct_00534,2,renewed,2026-02-13,1,,
acct_00534,3,renewed,2026-03-13,2,,
acct_00534,4,renewed,2026-04-13,3,,
acct_00535,1,activated,2026-02-15,0,,
acct_00535,2,renewed,2026-03-15,1,,
acct_00535,3,renewed,2026-04-15,2,,
acct_00536,1,activated,2026-03-07,0,,
acct_00536,2,canceled,2026-04-07,1,voluntary,
acct_00537,1,activated,2026-02-10,0,,
acct_00537,2,renewed,2026-03-10,1,,
acct_00537,3,renewed,2026-04-10,2,,
acct_00538,1,activated,2026-02-11,0,,
acct_00538,2,renewed,2026-03-11,1,,
acct_00538,3,renewed,2026-04-11,2,,
acct_00539,1,activated,2026-03-29,0,,
acct_00539,2,canceled,2026-04-29,1,never_activated,
acct_00540,1,activated,2026-04-26,0,,
acct_00541,1,activated,2026-03-09,0,,
acct_00541,2,renewed,2026-04-09,1,,
acct_00542,1,activated,2026-03-29,0,,
acct_00542,2,renewed,2026-04-29,1,,
acct_00543,1,activated,2026-04-27,0,,
acct_00544,1,activated,2026-02-08,0,,
acct_00544,2,renewed,2026-03-08,1,,
acct_00544,3,renewed,2026-04-08,2,,
acct_00545,1,activated,2026-03-03,0,,
acct_00545,2,canceled,2026-04-03,1,voluntary,
acct_00546,1,activated,2026-02-27,0,,
acct_00546,2,renewed,2026-03-27,1,,
acct_00546,3,renewed,2026-04-27,2,,
acct_00547,1,activated,2026-01-31,0,,
acct_00547,2,renewed,2026-02-28,1,,
acct_00547,3,renewed,2026-03-31,2,,
acct_00547,4,renewed,2026-04-30,3,,
acct_00548,1,activated,2026-03-22,0,,
acct_00548,2,renewed,2026-04-22,1,,
acct_00549,1,activated,2026-03-02,0,,
acct_00549,2,canceled,2026-04-02,1,voluntary,
acct_00550,1,activated,2026-03-04,0,,
acct_00550,2,skipped,2026-04-04,1,,
acct_00551,1,activated,2026-02-09,0,,
acct_00551,2,renewed,2026-03-09,1,,
acct_00551,3,renewed,2026-04-09,2,,
acct_00552,1,activated,2026-02-12,0,,
acct_00552,2,renewed,2026-03-12,1,,
acct_00552,3,renewed,2026-04-12,2,,
acct_00553,1,activated,2026-04-06,0,,
acct_00554,1,activated,2026-01-24,0,,
acct_00554,2,renewed,2026-02-24,1,,
acct_00554,3,renewed,2026-03-24,2,,
acct_00554,4,renewed,2026-04-24,3,,
acct_00555,1,activated,2026-02-16,0,,
acct_00555,2,renewed,2026-03-16,1,,
acct_00555,3,renewed,2026-04-16,2,,
acct_00556,1,activated,2026-02-21,0,,
acct_00556,2,renewed,2026-03-21,1,,
acct_00556,3,renewed,2026-04-21,2,,
acct_00557,1,activated,2026-03-05,0,,
acct_00557,2,renewed,2026-04-05,1,,
acct_00558,1,activated,2026-03-11,0,,
acct_00558,2,skipped,2026-04-11,1,,
acct_00559,1,activated,2026-03-05,0,,
acct_00559,2,renewed,2026-04-05,1,,
acct_00560,1,activated,2026-02-01,0,,
acct_00560,2,tier_changed,2026-03-01,1,downgrade,medium
acct_00560,3,renewed,2026-03-01,1,,
acct_00560,4,canceled,2026-04-01,2,never_activated,
acct_00561,1,activated,2026-02-17,0,,
acct_00561,2,renewed,2026-03-17,1,,
acct_00561,3,renewed,2026-04-17,2,,
acct_00562,1,activated,2026-03-29,0,,
acct_00562,2,renewed,2026-04-29,1,,
acct_00563,1,activated,2026-03-14,0,,
acct_00563,2,renewed,2026-04-14,1,,
acct_00564,1,activated,2026-03-14,0,,
acct_00564,2,skipped,2026-04-14,1,,
acct_00565,1,activated,2026-03-16,0,,
acct_00565,2,renewed,2026-04-16,1,,
acct_00566,1,activated,2026-03-22,0,,
acct_00566,2,renewed,2026-04-22,1,,
acct_00567,1,activated,2026-01-27,0,,
acct_00567,2,renewed,2026-02-27,1,,
acct_00567,3,renewed,2026-03-27,2,,
acct_00567,4,renewed,2026-04-27,3,,
acct_00568,1,activated,2026-02-26,0,,
acct_00568,2,renewed,2026-03-26,1,,
acct_00568,3,renewed,2026-04-26,2,,
acct_00569,1,activated,2026-03-08,0,,
acct_00569,2,canceled,2026-04-08,1,never_activated,
acct_00570,1,activated,2026-02-24,0,,
acct_00570,2,tier_changed,2026-03-24,1,upgrade,large
acct_00570,3,renewed,2026-03-24,1,,
acct_00570,4,renewed,2026-04-24,2,,
acct_00571,1,activated,2026-03-29,0,,
acct_00571,2,canceled,2026-03-29,0,day_zero,
acct_00572,1,activated,2026-03-04,0,,
acct_00572,2,paused,2026-04-04,1,,
acct_00573,1,activated,2026-03-23,0,,
acct_00573,2,renewed,2026-04-23,1,,
acct_00574,1,activated,2026-03-30,0,,
acct_00574,2,renewed,2026-04-30,1,,
acct_00575,1,activated,2026-03-06,0,,
acct_00575,2,renewed,2026-04-06,1,,
acct_00576,1,activated,2026-04-06,0,,
acct_00577,1,activated,2026-03-11,0,,
acct_00577,2,renewed,2026-04-11,1,,
acct_00578,1,activated,2026-03-30,0,,
acct_00578,2,renewed,2026-04-30,1,,
acct_00579,1,activated,2026-02-24,0,,
acct_00579,2,renewed,2026-03-24,1,,
acct_00579,3,renewed,2026-04-24,2,,
acct_00580,1,activated,2026-03-05,0,,
acct_00580,2,canceled,2026-04-05,1,voluntary,
acct_00581,1,activated,2026-03-07,0,,
acct_00581,2,renewed,2026-04-07,1,,
acct_00582,1,activated,2026-02-04,0,,
acct_00582,2,canceled,2026-03-04,1,voluntary,
acct_00583,1,activated,2026-02-28,0,,
acct_00583,2,skipped,2026-03-28,1,,
acct_00583,3,renewed,2026-04-28,2,,
acct_00584,1,activated,2026-04-08,0,,
acct_00585,1,activated,2026-03-13,0,,
acct_00585,2,renewed,2026-04-13,1,,
acct_00586,1,activated,2026-02-12,0,,
acct_00586,2,skipped,2026-03-12,1,,
acct_00586,3,skipped,2026-04-12,2,,
acct_00587,1,activated,2026-02-24,0,,
acct_00587,2,renewed,2026-03-24,1,,
acct_00587,3,renewed,2026-04-24,2,,
acct_00588,1,activated,2026-02-13,0,,
acct_00588,2,renewed,2026-03-13,1,,
acct_00588,3,renewed,2026-04-13,2,,
acct_00589,1,activated,2026-01-18,0,,
acct_00589,2,canceled,2026-02-18,1,never_activated,
acct_00590,1,activated,2026-04-09,0,,
acct_00591,1,activated,2026-03-03,0,,
acct_00591,2,renewed,2026-04-03,1,,
acct_00591,3,renewed,2026-05-03,2,,
acct_00592,1,activated,2026-02-22,0,,
acct_00592,2,renewed,2026-03-22,1,,
acct_00592,3,renewed,2026-04-22,2,,
acct_00593,1,activated,2026-03-11,0,,
acct_00593,2,canceled,2026-04-11,1,voluntary,
acct_00594,1,activated,2026-01-11,0,,
acct_00594,2,renewed,2026-02-11,1,,
acct_00594,3,renewed,2026-03-11,2,,
acct_00594,4,skipped,2026-04-11,3,,
acct_00595,1,activated,2026-02-20,0,,
acct_00595,2,renewed,2026-03-20,1,,
acct_00595,3,renewed,2026-04-20,2,,
acct_00596,1,activated,2026-03-18,0,,
acct_00596,2,renewed,2026-04-18,1,,
acct_00597,1,activated,2026-03-13,0,,
acct_00597,2,renewed,2026-04-13,1,,
acct_00598,1,activated,2026-04-23,0,,
acct_00599,1,activated,2026-03-13,0,,
acct_00599,2,renewed,2026-04-13,1,,
acct_00600,1,activated,2026-03-04,0,,
acct_00600,2,canceled,2026-04-04,1,never_activated,
acct_00601,1,activated,2026-03-22,0,,
acct_00601,2,renewed,2026-04-22,1,,
acct_00602,1,activated,2026-04-05,0,,
acct_00603,1,activated,2026-03-19,0,,
acct_00603,2,canceled,2026-04-19,1,voluntary,
acct_00604,1,activated,2026-04-17,0,,
acct_00605,1,activated,2026-03-24,0,,
acct_00605,2,skipped,2026-04-24,1,,
acct_00606,1,activated,2026-04-01,0,,
acct_00606,2,renewed,2026-05-01,1,,
acct_00607,1,activated,2026-02-05,0,,
acct_00607,2,renewed,2026-03-05,1,,
acct_00607,3,renewed,2026-04-05,2,,
acct_00608,1,activated,2026-03-20,0,,
acct_00608,2,renewed,2026-04-20,1,,
acct_00609,1,activated,2026-03-02,0,,
acct_00609,2,renewed,2026-04-02,1,,
acct_00609,3,canceled,2026-05-02,2,voluntary,
acct_00610,1,activated,2026-03-09,0,,
acct_00610,2,renewed,2026-04-09,1,,
acct_00611,1,activated,2026-03-15,0,,
acct_00611,2,renewed,2026-04-15,1,,
acct_00612,1,activated,2026-04-19,0,,
acct_00613,1,activated,2026-04-24,0,,
acct_00614,1,activated,2026-02-21,0,,
acct_00614,2,tier_changed,2026-03-21,1,downgrade,small
acct_00614,3,renewed,2026-03-21,1,,
acct_00614,4,renewed,2026-04-21,2,,
acct_00615,1,activated,2026-03-20,0,,
acct_00615,2,renewed,2026-04-20,1,,
acct_00616,1,activated,2026-03-21,0,,
acct_00616,2,skipped,2026-04-21,1,,
acct_00617,1,activated,2026-02-24,0,,
acct_00617,2,renewed,2026-03-24,1,,
acct_00617,3,canceled,2026-04-24,2,never_activated,
acct_00618,1,activated,2026-02-06,0,,
acct_00618,2,renewed,2026-03-06,1,,
acct_00618,3,paused,2026-04-06,2,,
acct_00619,1,activated,2026-01-23,0,,
acct_00619,2,canceled,2026-02-23,1,never_activated,
acct_00620,1,activated,2026-03-23,0,,
acct_00620,2,renewed,2026-04-23,1,,
acct_00621,1,activated,2026-03-05,0,,
acct_00621,2,canceled,2026-04-05,1,voluntary,
acct_00622,1,activated,2026-04-25,0,,
acct_00623,1,activated,2026-03-03,0,,
acct_00623,2,renewed,2026-04-03,1,,
acct_00623,3,renewed,2026-05-03,2,,
acct_00624,1,activated,2026-04-22,0,,
acct_00625,1,activated,2026-02-28,0,,
acct_00625,2,renewed,2026-03-28,1,,
acct_00625,3,renewed,2026-04-28,2,,
acct_00626,1,activated,2026-03-25,0,,
acct_00626,2,renewed,2026-04-25,1,,
acct_00627,1,activated,2026-02-01,0,,
acct_00627,2,canceled,2026-03-01,1,voluntary,
acct_00628,1,activated,2026-03-09,0,,
acct_00628,2,renewed,2026-04-09,1,,
acct_00629,1,activated,2026-03-25,0,,
acct_00629,2,renewed,2026-04-25,1,,
acct_00630,1,activated,2026-04-09,0,,
acct_00631,1,activated,2026-03-27,0,,
acct_00631,2,renewed,2026-04-27,1,,
acct_00632,1,activated,2026-01-22,0,,
acct_00632,2,skipped,2026-02-22,1,,
acct_00632,3,renewed,2026-03-22,2,,
acct_00632,4,renewed,2026-04-22,3,,
acct_00633,1,activated,2026-02-26,0,,
acct_00633,2,renewed,2026-03-26,1,,
acct_00633,3,renewed,2026-04-26,2,,
acct_00634,1,activated,2026-01-25,0,,
acct_00634,2,renewed,2026-02-25,1,,
acct_00634,3,canceled,2026-03-25,2,voluntary,
acct_00635,1,activated,2026-02-04,0,,
acct_00635,2,renewed,2026-03-04,1,,
acct_00635,3,renewed,2026-04-04,2,,
acct_00636,1,activated,2026-03-16,0,,
acct_00636,2,renewed,2026-04-16,1,,
acct_00637,1,activated,2026-03-19,0,,
acct_00637,2,renewed,2026-04-19,1,,
acct_00638,1,activated,2026-03-23,0,,
acct_00638,2,renewed,2026-04-23,1,,
acct_00639,1,activated,2026-04-01,0,,
acct_00639,2,renewed,2026-05-01,1,,
acct_00640,1,activated,2026-03-20,0,,
acct_00640,2,canceled,2026-04-20,1,never_activated,
acct_00641,1,activated,2026-03-25,0,,
acct_00641,2,renewed,2026-04-25,1,,
acct_00642,1,activated,2026-01-25,0,,
acct_00642,2,canceled,2026-02-25,1,voluntary,
acct_00643,1,activated,2026-02-17,0,,
acct_00643,2,renewed,2026-03-17,1,,
acct_00643,3,renewed,2026-04-17,2,,
acct_00644,1,activated,2026-03-13,0,,
acct_00644,2,renewed,2026-04-13,1,,
acct_00645,1,activated,2026-03-31,0,,
acct_00645,2,renewed,2026-04-30,1,,
acct_00646,1,activated,2026-01-09,0,,
acct_00646,2,renewed,2026-02-09,1,,
acct_00646,3,canceled,2026-03-09,2,voluntary,
acct_00647,1,activated,2026-03-06,0,,
acct_00647,2,renewed,2026-04-06,1,,
acct_00648,1,activated,2026-03-16,0,,
acct_00648,2,renewed,2026-04-16,1,,
acct_00649,1,activated,2026-01-20,0,,
acct_00649,2,renewed,2026-02-20,1,,
acct_00649,3,paused,2026-03-20,2,,
acct_00649,4,resumed,2026-04-20,3,,
acct_00649,5,renewed,2026-04-20,3,,
acct_00650,1,activated,2026-02-28,0,,
acct_00650,2,canceled,2026-03-28,1,voluntary,
acct_00651,1,activated,2026-04-04,0,,
acct_00652,1,activated,2026-03-16,0,,
acct_00652,2,renewed,2026-04-16,1,,
acct_00653,1,activated,2026-02-17,0,,
acct_00653,2,renewed,2026-03-17,1,,
acct_00653,3,renewed,2026-04-17,2,,
acct_00654,1,activated,2026-03-30,0,,
acct_00654,2,tier_changed,2026-04-30,1,upgrade,large
acct_00654,3,renewed,2026-04-30,1,,
acct_00655,1,activated,2026-02-24,0,,
acct_00655,2,renewed,2026-03-24,1,,
acct_00655,3,renewed,2026-04-24,2,,
acct_00656,1,activated,2026-03-30,0,,
acct_00656,2,renewed,2026-04-30,1,,
acct_00657,1,activated,2026-02-21,0,,
acct_00657,2,renewed,2026-03-21,1,,
acct_00657,3,renewed,2026-04-21,2,,
acct_00658,1,activated,2026-03-11,0,,
acct_00658,2,canceled,2026-04-11,1,never_activated,
acct_00659,1,activated,2026-02-27,0,,
acct_00659,2,canceled,2026-03-27,1,never_activated,
acct_00660,1,activated,2026-02-20,0,,
acct_00660,2,renewed,2026-03-20,1,,
acct_00660,3,renewed,2026-04-20,2,,
acct_00661,1,activated,2026-04-03,0,,
acct_00661,2,renewed,2026-05-03,1,,
acct_00662,1,activated,2026-02-13,0,,
acct_00662,2,renewed,2026-03-13,1,,
acct_00662,3,skipped,2026-04-13,2,,
acct_00663,1,activated,2026-02-01,0,,
acct_00663,2,renewed,2026-03-01,1,,
acct_00663,3,renewed,2026-04-01,2,,
acct_00663,4,paused,2026-05-01,3,,
acct_00664,1,activated,2026-02-24,0,,
acct_00664,2,renewed,2026-03-24,1,,
acct_00664,3,canceled,2026-04-24,2,voluntary,
acct_00665,1,activated,2026-03-19,0,,
acct_00665,2,renewed,2026-04-19,1,,
acct_00666,1,activated,2026-03-26,0,,
acct_00666,2,canceled,2026-03-26,0,day_zero,
acct_00667,1,activated,2026-05-02,0,,
acct_00668,1,activated,2026-02-21,0,,
acct_00668,2,renewed,2026-03-21,1,,
acct_00668,3,renewed,2026-04-21,2,,
acct_00669,1,activated,2026-02-28,0,,
acct_00669,2,renewed,2026-03-28,1,,
acct_00669,3,renewed,2026-04-28,2,,
acct_00670,1,activated,2026-02-08,0,,
acct_00670,2,canceled,2026-03-08,1,voluntary,
acct_00671,1,activated,2026-03-10,0,,
acct_00671,2,renewed,2026-04-10,1,,
acct_00672,1,activated,2026-05-01,0,,
acct_00673,1,activated,2026-03-18,0,,
acct_00673,2,canceled,2026-04-18,1,voluntary,
acct_00674,1,activated,2026-03-11,0,,
acct_00674,2,canceled,2026-04-11,1,voluntary,
acct_00675,1,activated,2026-02-27,0,,
acct_00675,2,renewed,2026-03-27,1,,
acct_00675,3,canceled,2026-04-27,2,voluntary,
acct_00676,1,activated,2026-04-07,0,,
acct_00677,1,activated,2026-03-05,0,,
acct_00677,2,renewed,2026-04-05,1,,
acct_00678,1,activated,2026-02-07,0,,
acct_00678,2,canceled,2026-03-07,1,voluntary,
acct_00679,1,activated,2026-02-26,0,,
acct_00679,2,renewed,2026-03-26,1,,
acct_00679,3,renewed,2026-04-26,2,,
acct_00680,1,activated,2026-01-29,0,,
acct_00680,2,renewed,2026-02-28,1,,
acct_00680,3,skipped,2026-03-29,2,,
acct_00680,4,skipped,2026-04-29,3,,
acct_00681,1,activated,2026-02-14,0,,
acct_00681,2,renewed,2026-03-14,1,,
acct_00681,3,renewed,2026-04-14,2,,
acct_00682,1,activated,2026-01-16,0,,
acct_00682,2,canceled,2026-02-16,1,never_activated,
acct_00683,1,activated,2026-03-03,0,,
acct_00683,2,renewed,2026-04-03,1,,
acct_00683,3,skipped,2026-05-03,2,,
acct_00684,1,activated,2026-03-13,0,,
acct_00684,2,renewed,2026-04-13,1,,
acct_00685,1,activated,2026-02-24,0,,
acct_00685,2,renewed,2026-03-24,1,,
acct_00685,3,renewed,2026-04-24,2,,
acct_00686,1,activated,2026-03-01,0,,
acct_00686,2,renewed,2026-04-01,1,,
acct_00686,3,renewed,2026-05-01,2,,
acct_00687,1,activated,2026-04-16,0,,
acct_00688,1,activated,2026-03-21,0,,
acct_00688,2,canceled,2026-04-21,1,voluntary,
acct_00689,1,activated,2026-03-08,0,,
acct_00689,2,renewed,2026-04-08,1,,
acct_00690,1,activated,2026-02-20,0,,
acct_00690,2,canceled,2026-03-20,1,voluntary,
acct_00691,1,activated,2026-04-05,0,,
acct_00692,1,activated,2026-02-17,0,,
acct_00692,2,canceled,2026-03-17,1,never_activated,
acct_00693,1,activated,2026-02-23,0,,
acct_00693,2,renewed,2026-03-23,1,,
acct_00693,3,renewed,2026-04-23,2,,
acct_00694,1,activated,2026-04-06,0,,
acct_00695,1,activated,2026-03-07,0,,
acct_00695,2,canceled,2026-04-07,1,voluntary,
acct_00696,1,activated,2026-03-21,0,,
acct_00696,2,canceled,2026-04-21,1,never_activated,
acct_00697,1,activated,2026-03-11,0,,
acct_00697,2,renewed,2026-04-11,1,,
acct_00698,1,activated,2026-03-15,0,,
acct_00698,2,renewed,2026-04-15,1,,
acct_00699,1,activated,2026-02-21,0,,
acct_00699,2,renewed,2026-03-21,1,,
acct_00699,3,renewed,2026-04-21,2,,
acct_00700,1,activated,2026-02-17,0,,
acct_00700,2,renewed,2026-03-17,1,,
acct_00700,3,skipped,2026-04-17,2,,
acct_00701,1,activated,2026-02-23,0,,
acct_00701,2,canceled,2026-03-23,1,voluntary,
acct_00702,1,activated,2026-02-10,0,,
acct_00702,2,renewed,2026-03-10,1,,
acct_00702,3,tier_changed,2026-04-10,2,upgrade,large
acct_00702,4,renewed,2026-04-10,2,,
acct_00703,1,activated,2026-04-02,0,,
acct_00703,2,canceled,2026-05-02,1,voluntary,
acct_00704,1,activated,2026-02-20,0,,
acct_00704,2,renewed,2026-03-20,1,,
acct_00704,3,renewed,2026-04-20,2,,
acct_00705,1,activated,2026-03-09,0,,
acct_00705,2,renewed,2026-04-09,1,,
acct_00706,1,activated,2026-03-25,0,,
acct_00706,2,renewed,2026-04-25,1,,
acct_00707,1,activated,2026-03-24,0,,
acct_00707,2,renewed,2026-04-24,1,,
acct_00708,1,activated,2026-03-02,0,,
acct_00708,2,canceled,2026-04-02,1,voluntary,
acct_00709,1,activated,2026-03-04,0,,
acct_00709,2,renewed,2026-04-04,1,,
acct_00710,1,activated,2026-04-29,0,,
acct_00711,1,activated,2026-03-16,0,,
acct_00711,2,renewed,2026-04-16,1,,
acct_00712,1,activated,2026-03-26,0,,
acct_00712,2,renewed,2026-04-26,1,,
acct_00713,1,activated,2026-04-05,0,,
acct_00714,1,activated,2026-03-24,0,,
acct_00714,2,renewed,2026-04-24,1,,
acct_00715,1,activated,2026-02-12,0,,
acct_00715,2,renewed,2026-03-12,1,,
acct_00715,3,renewed,2026-04-12,2,,
acct_00716,1,activated,2026-03-09,0,,
acct_00716,2,renewed,2026-04-09,1,,
acct_00717,1,activated,2026-02-03,0,,
acct_00717,2,canceled,2026-03-03,1,never_activated,
acct_00718,1,activated,2026-03-15,0,,
acct_00718,2,renewed,2026-04-15,1,,
acct_00719,1,activated,2026-04-15,0,,
acct_00720,1,activated,2026-03-06,0,,
acct_00720,2,canceled,2026-04-06,1,voluntary,
acct_00721,1,activated,2026-03-02,0,,
acct_00721,2,renewed,2026-04-02,1,,
acct_00721,3,skipped,2026-05-02,2,,
acct_00722,1,activated,2026-01-22,0,,
acct_00722,2,renewed,2026-02-22,1,,
acct_00722,3,canceled,2026-03-22,2,never_activated,
acct_00723,1,activated,2026-04-16,0,,
acct_00724,1,activated,2026-02-03,0,,
acct_00724,2,renewed,2026-03-03,1,,
acct_00724,3,renewed,2026-04-03,2,,
acct_00724,4,skipped,2026-05-03,3,,
acct_00725,1,activated,2026-01-23,0,,
acct_00725,2,renewed,2026-02-23,1,,
acct_00725,3,renewed,2026-03-23,2,,
acct_00725,4,renewed,2026-04-23,3,,
acct_00726,1,activated,2026-02-18,0,,
acct_00726,2,renewed,2026-03-18,1,,
acct_00726,3,renewed,2026-04-18,2,,
acct_00727,1,activated,2026-01-28,0,,
acct_00727,2,renewed,2026-02-28,1,,
acct_00727,3,renewed,2026-03-28,2,,
acct_00727,4,renewed,2026-04-28,3,,
acct_00728,1,activated,2026-03-03,0,,
acct_00728,2,canceled,2026-04-03,1,voluntary,
acct_00729,1,activated,2026-03-06,0,,
acct_00729,2,renewed,2026-04-06,1,,
acct_00730,1,activated,2026-02-22,0,,
acct_00730,2,renewed,2026-03-22,1,,
acct_00730,3,renewed,2026-04-22,2,,
acct_00731,1,activated,2026-01-25,0,,
acct_00731,2,renewed,2026-02-25,1,,
acct_00731,3,renewed,2026-03-25,2,,
acct_00731,4,renewed,2026-04-25,3,,
acct_00732,1,activated,2026-02-05,0,,
acct_00732,2,renewed,2026-03-05,1,,
acct_00732,3,renewed,2026-04-05,2,,
acct_00733,1,activated,2026-02-27,0,,
acct_00733,2,renewed,2026-03-27,1,,
acct_00733,3,skipped,2026-04-27,2,,
acct_00734,1,activated,2026-01-27,0,,
acct_00734,2,renewed,2026-02-27,1,,
acct_00734,3,renewed,2026-03-27,2,,
acct_00734,4,canceled,2026-04-27,3,never_activated,
acct_00735,1,activated,2026-03-18,0,,
acct_00735,2,canceled,2026-04-18,1,voluntary,
acct_00736,1,activated,2026-02-14,0,,
acct_00736,2,renewed,2026-03-14,1,,
acct_00736,3,renewed,2026-04-14,2,,
acct_00737,1,activated,2026-02-21,0,,
acct_00737,2,canceled,2026-03-21,1,never_activated,
acct_00738,1,activated,2026-02-27,0,,
acct_00738,2,canceled,2026-03-27,1,never_activated,
acct_00739,1,activated,2026-03-01,0,,
acct_00739,2,renewed,2026-04-01,1,,
acct_00739,3,renewed,2026-05-01,2,,
acct_00740,1,activated,2026-01-07,0,,
acct_00740,2,skipped,2026-02-07,1,,
acct_00740,3,renewed,2026-03-07,2,,
acct_00740,4,renewed,2026-04-07,3,,
acct_00741,1,activated,2026-02-05,0,,
acct_00741,2,renewed,2026-03-05,1,,
acct_00741,3,canceled,2026-04-05,2,never_activated,
acct_00742,1,activated,2026-03-31,0,,
acct_00742,2,canceled,2026-04-30,1,voluntary,
acct_00743,1,activated,2026-01-07,0,,
acct_00743,2,renewed,2026-02-07,1,,
acct_00743,3,renewed,2026-03-07,2,,
acct_00743,4,renewed,2026-04-07,3,,
acct_00744,1,activated,2026-03-06,0,,
acct_00744,2,canceled,2026-03-06,0,day_zero,
acct_00745,1,activated,2026-03-05,0,,
acct_00745,2,renewed,2026-04-05,1,,
acct_00746,1,activated,2026-02-24,0,,
acct_00746,2,renewed,2026-03-24,1,,
acct_00746,3,renewed,2026-04-24,2,,
acct_00747,1,activated,2026-03-02,0,,
acct_00747,2,renewed,2026-04-02,1,,
acct_00747,3,renewed,2026-05-02,2,,
acct_00748,1,activated,2026-03-24,0,,
acct_00748,2,renewed,2026-04-24,1,,
acct_00749,1,activated,2026-03-29,0,,
acct_00749,2,renewed,2026-04-29,1,,
acct_00750,1,activated,2026-02-19,0,,
acct_00750,2,renewed,2026-03-19,1,,
acct_00750,3,renewed,2026-04-19,2,,
acct_00751,1,activated,2026-02-23,0,,
acct_00751,2,canceled,2026-03-23,1,never_activated,
acct_00752,1,activated,2026-02-17,0,,
acct_00752,2,canceled,2026-03-17,1,never_activated,
acct_00753,1,activated,2026-03-04,0,,
acct_00753,2,renewed,2026-04-04,1,,
acct_00754,1,activated,2026-03-17,0,,
acct_00754,2,canceled,2026-04-17,1,voluntary,
acct_00755,1,activated,2026-02-16,0,,
acct_00755,2,canceled,2026-03-16,1,voluntary,
acct_00756,1,activated,2026-02-23,0,,
acct_00756,2,renewed,2026-03-23,1,,
acct_00756,3,renewed,2026-04-23,2,,
acct_00757,1,activated,2026-04-10,0,,
acct_00758,1,activated,2026-01-25,0,,
acct_00758,2,renewed,2026-02-25,1,,
acct_00758,3,renewed,2026-03-25,2,,
acct_00758,4,renewed,2026-04-25,3,,
acct_00759,1,activated,2026-03-03,0,,
acct_00759,2,renewed,2026-04-03,1,,
acct_00759,3,renewed,2026-05-03,2,,
acct_00760,1,activated,2026-03-18,0,,
acct_00760,2,renewed,2026-04-18,1,,
acct_00761,1,activated,2026-02-09,0,,
acct_00761,2,renewed,2026-03-09,1,,
acct_00761,3,paused,2026-04-09,2,,
acct_00762,1,activated,2026-01-25,0,,
acct_00762,2,canceled,2026-02-25,1,voluntary,
acct_00763,1,activated,2026-02-08,0,,
acct_00763,2,renewed,2026-03-08,1,,
acct_00763,3,canceled,2026-04-08,2,voluntary,
acct_00764,1,activated,2026-04-08,0,,
acct_00765,1,activated,2026-01-12,0,,
acct_00765,2,canceled,2026-02-12,1,never_activated,
acct_00766,1,activated,2026-02-13,0,,
acct_00766,2,renewed,2026-03-13,1,,
acct_00766,3,canceled,2026-04-13,2,voluntary,
acct_00767,1,activated,2026-01-20,0,,
acct_00767,2,renewed,2026-02-20,1,,
acct_00767,3,skipped,2026-03-20,2,,
acct_00767,4,renewed,2026-04-20,3,,
acct_00768,1,activated,2026-02-04,0,,
acct_00768,2,skipped,2026-03-04,1,,
acct_00768,3,renewed,2026-04-04,2,,
acct_00769,1,activated,2026-03-13,0,,
acct_00769,2,renewed,2026-04-13,1,,
acct_00770,1,activated,2026-02-17,0,,
acct_00770,2,renewed,2026-03-17,1,,
acct_00770,3,renewed,2026-04-17,2,,
acct_00771,1,activated,2026-03-10,0,,
acct_00771,2,renewed,2026-04-10,1,,
acct_00772,1,activated,2026-03-11,0,,
acct_00772,2,canceled,2026-04-11,1,voluntary,
acct_00773,1,activated,2026-03-30,0,,
acct_00773,2,renewed,2026-04-30,1,,
acct_00774,1,activated,2026-01-09,0,,
acct_00774,2,renewed,2026-02-09,1,,
acct_00774,3,skipped,2026-03-09,2,,
acct_00774,4,renewed,2026-04-09,3,,
acct_00775,1,activated,2026-03-30,0,,
acct_00775,2,renewed,2026-04-30,1,,
acct_00776,1,activated,2026-03-12,0,,
acct_00776,2,renewed,2026-04-12,1,,
acct_00777,1,activated,2026-02-10,0,,
acct_00777,2,canceled,2026-03-10,1,voluntary,
acct_00778,1,activated,2026-03-23,0,,
acct_00778,2,renewed,2026-04-23,1,,
acct_00779,1,activated,2026-03-31,0,,
acct_00779,2,renewed,2026-04-30,1,,
acct_00780,1,activated,2026-02-18,0,,
acct_00780,2,canceled,2026-03-18,1,voluntary,
acct_00781,1,activated,2026-04-08,0,,
acct_00782,1,activated,2026-03-03,0,,
acct_00782,2,renewed,2026-04-03,1,,
acct_00782,3,canceled,2026-05-03,2,never_activated,
acct_00783,1,activated,2026-03-12,0,,
acct_00783,2,renewed,2026-04-12,1,,
acct_00784,1,activated,2026-04-24,0,,
acct_00785,1,activated,2026-02-25,0,,
acct_00785,2,canceled,2026-03-25,1,voluntary,
acct_00786,1,activated,2026-03-26,0,,
acct_00786,2,skipped,2026-04-26,1,,
acct_00787,1,activated,2026-02-23,0,,
acct_00787,2,renewed,2026-03-23,1,,
acct_00787,3,renewed,2026-04-23,2,,
acct_00788,1,activated,2026-03-25,0,,
acct_00788,2,skipped,2026-04-25,1,,
acct_00789,1,activated,2026-03-11,0,,
acct_00789,2,renewed,2026-04-11,1,,
acct_00790,1,activated,2026-02-15,0,,
acct_00790,2,renewed,2026-03-15,1,,
acct_00790,3,renewed,2026-04-15,2,,
acct_00791,1,activated,2026-03-01,0,,
acct_00791,2,renewed,2026-04-01,1,,
acct_00791,3,canceled,2026-05-01,2,never_activated,
acct_00792,1,activated,2026-02-23,0,,
acct_00792,2,canceled,2026-03-23,1,voluntary,
acct_00793,1,activated,2026-01-31,0,,
acct_00793,2,renewed,2026-02-28,1,,
acct_00793,3,renewed,2026-03-31,2,,
acct_00793,4,renewed,2026-04-30,3,,
acct_00794,1,activated,2026-01-20,0,,
acct_00794,2,renewed,2026-02-20,1,,
acct_00794,3,renewed,2026-03-20,2,,
acct_00794,4,renewed,2026-04-20,3,,
acct_00795,1,activated,2026-02-24,0,,
acct_00795,2,canceled,2026-03-24,1,never_activated,
acct_00796,1,activated,2026-01-16,0,,
acct_00796,2,renewed,2026-02-16,1,,
acct_00796,3,renewed,2026-03-16,2,,
acct_00796,4,skipped,2026-04-16,3,,
acct_00797,1,activated,2026-02-11,0,,
acct_00797,2,renewed,2026-03-11,1,,
acct_00797,3,renewed,2026-04-11,2,,
acct_00798,1,activated,2026-03-19,0,,
acct_00798,2,renewed,2026-04-19,1,,
acct_00799,1,activated,2026-03-18,0,,
acct_00799,2,renewed,2026-04-18,1,,
acct_00800,1,activated,2026-03-20,0,,
acct_00800,2,canceled,2026-04-20,1,never_activated,
acct_00801,1,activated,2026-02-23,0,,
acct_00801,2,canceled,2026-03-23,1,voluntary,
acct_00802,1,activated,2026-04-04,0,,
acct_00803,1,activated,2026-03-11,0,,
acct_00803,2,renewed,2026-04-11,1,,
acct_00804,1,activated,2026-02-06,0,,
acct_00804,2,canceled,2026-03-06,1,voluntary,
acct_00805,1,activated,2026-02-08,0,,
acct_00805,2,renewed,2026-03-08,1,,
acct_00805,3,renewed,2026-04-08,2,,
acct_00806,1,activated,2026-03-17,0,,
acct_00806,2,canceled,2026-04-17,1,voluntary,
acct_00807,1,activated,2026-02-11,0,,
acct_00807,2,renewed,2026-03-11,1,,
acct_00807,3,renewed,2026-04-11,2,,
acct_00808,1,activated,2026-03-06,0,,
acct_00808,2,canceled,2026-03-06,0,day_zero,
acct_00809,1,activated,2026-04-28,0,,
acct_00810,1,activated,2026-01-09,0,,
acct_00810,2,canceled,2026-01-09,0,day_zero,
acct_00811,1,activated,2026-01-15,0,,
acct_00811,2,renewed,2026-02-15,1,,
acct_00811,3,tier_changed,2026-03-15,2,upgrade,medium
acct_00811,4,renewed,2026-03-15,2,,
acct_00811,5,renewed,2026-04-15,3,,
acct_00812,1,activated,2026-04-28,0,,
acct_00813,1,activated,2026-03-10,0,,
acct_00813,2,canceled,2026-03-10,0,day_zero,
acct_00814,1,activated,2026-02-06,0,,
acct_00814,2,skipped,2026-03-06,1,,
acct_00814,3,renewed,2026-04-06,2,,
acct_00815,1,activated,2026-04-05,0,,
acct_00816,1,activated,2026-04-02,0,,
acct_00816,2,renewed,2026-05-02,1,,
acct_00817,1,activated,2026-03-08,0,,
acct_00817,2,canceled,2026-04-08,1,voluntary,
acct_00818,1,activated,2026-03-13,0,,
acct_00818,2,renewed,2026-04-13,1,,
acct_00819,1,activated,2026-02-20,0,,
acct_00819,2,renewed,2026-03-20,1,,
acct_00819,3,renewed,2026-04-20,2,,
acct_00820,1,activated,2026-01-25,0,,
acct_00820,2,skipped,2026-02-25,1,,
acct_00820,3,renewed,2026-03-25,2,,
acct_00820,4,renewed,2026-04-25,3,,
acct_00821,1,activated,2026-03-11,0,,
acct_00821,2,renewed,2026-04-11,1,,
acct_00822,1,activated,2026-02-21,0,,
acct_00822,2,renewed,2026-03-21,1,,
acct_00822,3,canceled,2026-04-21,2,voluntary,
acct_00823,1,activated,2026-03-15,0,,
acct_00823,2,canceled,2026-04-15,1,voluntary,
acct_00824,1,activated,2026-03-29,0,,
acct_00824,2,renewed,2026-04-29,1,,
acct_00825,1,activated,2026-01-16,0,,
acct_00825,2,paused,2026-02-16,1,,
acct_00825,3,resumed,2026-03-16,2,,
acct_00825,4,renewed,2026-03-16,2,,
acct_00825,5,skipped,2026-04-16,3,,
acct_00826,1,activated,2026-03-11,0,,
acct_00826,2,canceled,2026-04-11,1,voluntary,
acct_00827,1,activated,2026-02-16,0,,
acct_00827,2,renewed,2026-03-16,1,,
acct_00827,3,skipped,2026-04-16,2,,
acct_00828,1,activated,2026-04-02,0,,
acct_00828,2,canceled,2026-04-02,0,day_zero,
acct_00829,1,activated,2026-02-18,0,,
acct_00829,2,renewed,2026-03-18,1,,
acct_00829,3,renewed,2026-04-18,2,,
acct_00830,1,activated,2026-03-12,0,,
acct_00830,2,renewed,2026-04-12,1,,
acct_00831,1,activated,2026-03-09,0,,
acct_00831,2,renewed,2026-04-09,1,,
acct_00832,1,activated,2026-02-27,0,,
acct_00832,2,renewed,2026-03-27,1,,
acct_00832,3,canceled,2026-04-27,2,voluntary,
acct_00833,1,activated,2026-03-16,0,,
acct_00833,2,renewed,2026-04-16,1,,
acct_00834,1,activated,2026-03-19,0,,
acct_00834,2,renewed,2026-04-19,1,,
acct_00835,1,activated,2026-03-09,0,,
acct_00835,2,renewed,2026-04-09,1,,
acct_00836,1,activated,2026-03-22,0,,
acct_00836,2,skipped,2026-04-22,1,,
acct_00837,1,activated,2026-04-24,0,,
acct_00838,1,activated,2026-03-01,0,,
acct_00838,2,skipped,2026-04-01,1,,
acct_00838,3,renewed,2026-05-01,2,,
acct_00839,1,activated,2026-03-06,0,,
acct_00839,2,renewed,2026-04-06,1,,
acct_00840,1,activated,2026-01-13,0,,
acct_00840,2,renewed,2026-02-13,1,,
acct_00840,3,renewed,2026-03-13,2,,
acct_00840,4,skipped,2026-04-13,3,,
acct_00841,1,activated,2026-03-25,0,,
acct_00841,2,renewed,2026-04-25,1,,
acct_00842,1,activated,2026-03-07,0,,
acct_00842,2,canceled,2026-04-07,1,voluntary,
acct_00843,1,activated,2026-02-28,0,,
acct_00843,2,renewed,2026-03-28,1,,
acct_00843,3,skipped,2026-04-28,2,,
acct_00844,1,activated,2026-02-02,0,,
acct_00844,2,renewed,2026-03-02,1,,
acct_00844,3,renewed,2026-04-02,2,,
acct_00844,4,renewed,2026-05-02,3,,
acct_00845,1,activated,2026-04-04,0,,
acct_00846,1,activated,2026-02-27,0,,
acct_00846,2,renewed,2026-03-27,1,,
acct_00846,3,renewed,2026-04-27,2,,
acct_00847,1,activated,2026-03-16,0,,
acct_00847,2,canceled,2026-04-16,1,voluntary,
acct_00848,1,activated,2026-02-09,0,,
acct_00848,2,renewed,2026-03-09,1,,
acct_00848,3,renewed,2026-04-09,2,,
acct_00849,1,activated,2026-04-17,0,,
acct_00850,1,activated,2026-02-12,0,,
acct_00850,2,renewed,2026-03-12,1,,
acct_00850,3,skipped,2026-04-12,2,,
acct_00851,1,activated,2026-02-14,0,,
acct_00851,2,renewed,2026-03-14,1,,
acct_00851,3,renewed,2026-04-14,2,,
acct_00852,1,activated,2026-03-31,0,,
acct_00852,2,renewed,2026-04-30,1,,
acct_00853,1,activated,2026-04-07,0,,
acct_00854,1,activated,2026-02-15,0,,
acct_00854,2,renewed,2026-03-15,1,,
acct_00854,3,renewed,2026-04-15,2,,
acct_00855,1,activated,2026-03-04,0,,
acct_00855,2,canceled,2026-04-04,1,voluntary,
acct_00856,1,activated,2026-03-20,0,,
acct_00856,2,renewed,2026-04-20,1,,
acct_00857,1,activated,2026-04-02,0,,
acct_00857,2,renewed,2026-05-02,1,,
acct_00858,1,activated,2026-02-26,0,,
acct_00858,2,renewed,2026-03-26,1,,
acct_00858,3,tier_changed,2026-04-26,2,upgrade,large
acct_00858,4,renewed,2026-04-26,2,,
acct_00859,1,activated,2026-03-06,0,,
acct_00859,2,renewed,2026-04-06,1,,
acct_00860,1,activated,2026-03-21,0,,
acct_00860,2,renewed,2026-04-21,1,,
acct_00861,1,activated,2026-03-20,0,,
acct_00861,2,canceled,2026-04-20,1,voluntary,
acct_00862,1,activated,2026-03-24,0,,
acct_00862,2,renewed,2026-04-24,1,,
acct_00863,1,activated,2026-03-10,0,,
acct_00863,2,renewed,2026-04-10,1,,
acct_00864,1,activated,2026-02-04,0,,
acct_00864,2,renewed,2026-03-04,1,,
acct_00864,3,renewed,2026-04-04,2,,
acct_00865,1,activated,2026-04-06,0,,
acct_00866,1,activated,2026-04-01,0,,
acct_00866,2,skipped,2026-05-01,1,,
acct_00867,1,activated,2026-03-25,0,,
acct_00867,2,renewed,2026-04-25,1,,
acct_00868,1,activated,2026-02-03,0,,
acct_00868,2,canceled,2026-03-03,1,voluntary,
acct_00869,1,activated,2026-02-14,0,,
acct_00869,2,renewed,2026-03-14,1,,
acct_00869,3,renewed,2026-04-14,2,,
acct_00870,1,activated,2026-03-21,0,,
acct_00870,2,canceled,2026-04-21,1,never_activated,
acct_00871,1,activated,2026-01-18,0,,
acct_00871,2,renewed,2026-02-18,1,,
acct_00871,3,paused,2026-03-18,2,,
acct_00872,1,activated,2026-04-22,0,,
acct_00873,1,activated,2026-02-26,0,,
acct_00873,2,renewed,2026-03-26,1,,
acct_00873,3,renewed,2026-04-26,2,,
acct_00874,1,activated,2026-03-19,0,,
acct_00874,2,renewed,2026-04-19,1,,
acct_00875,1,activated,2026-04-03,0,,
acct_00875,2,renewed,2026-05-03,1,,
acct_00876,1,activated,2026-02-27,0,,
acct_00876,2,canceled,2026-03-27,1,never_activated,
acct_00877,1,activated,2026-02-23,0,,
acct_00877,2,canceled,2026-03-23,1,never_activated,
acct_00878,1,activated,2026-03-12,0,,
acct_00878,2,canceled,2026-04-12,1,never_activated,
acct_00879,1,activated,2026-03-10,0,,
acct_00879,2,renewed,2026-04-10,1,,
acct_00880,1,activated,2026-02-28,0,,
acct_00880,2,canceled,2026-03-28,1,never_activated,
acct_00881,1,activated,2026-03-11,0,,
acct_00881,2,renewed,2026-04-11,1,,
acct_00882,1,activated,2026-04-11,0,,
acct_00883,1,activated,2026-03-04,0,,
acct_00883,2,renewed,2026-04-04,1,,
acct_00884,1,activated,2026-02-14,0,,
acct_00884,2,renewed,2026-03-14,1,,
acct_00884,3,renewed,2026-04-14,2,,
acct_00885,1,activated,2026-02-26,0,,
acct_00885,2,skipped,2026-03-26,1,,
acct_00885,3,renewed,2026-04-26,2,,
acct_00886,1,activated,2026-02-27,0,,
acct_00886,2,skipped,2026-03-27,1,,
acct_00886,3,renewed,2026-04-27,2,,
acct_00887,1,activated,2026-02-07,0,,
acct_00887,2,renewed,2026-03-07,1,,
acct_00887,3,renewed,2026-04-07,2,,
acct_00888,1,activated,2026-02-10,0,,
acct_00888,2,renewed,2026-03-10,1,,
acct_00888,3,renewed,2026-04-10,2,,
acct_00889,1,activated,2026-03-17,0,,
acct_00889,2,canceled,2026-04-17,1,voluntary,
acct_00890,1,activated,2026-02-24,0,,
acct_00890,2,renewed,2026-03-24,1,,
acct_00890,3,renewed,2026-04-24,2,,
acct_00891,1,activated,2026-04-15,0,,
acct_00892,1,activated,2026-02-17,0,,
acct_00892,2,canceled,2026-02-17,0,day_zero,
acct_00893,1,activated,2026-02-03,0,,
acct_00893,2,canceled,2026-03-03,1,voluntary,
acct_00894,1,activated,2026-03-21,0,,
acct_00894,2,renewed,2026-04-21,1,,
acct_00895,1,activated,2026-04-02,0,,
acct_00895,2,renewed,2026-05-02,1,,
acct_00896,1,activated,2026-02-20,0,,
acct_00896,2,canceled,2026-03-20,1,voluntary,
acct_00897,1,activated,2026-02-14,0,,
acct_00897,2,skipped,2026-03-14,1,,
acct_00897,3,renewed,2026-04-14,2,,
acct_00898,1,activated,2026-02-13,0,,
acct_00898,2,renewed,2026-03-13,1,,
acct_00898,3,renewed,2026-04-13,2,,
acct_00899,1,activated,2026-03-07,0,,
acct_00899,2,renewed,2026-04-07,1,,
acct_00900,1,activated,2026-03-04,0,,
acct_00900,2,renewed,2026-04-04,1,,
acct_00901,1,activated,2026-02-19,0,,
acct_00901,2,renewed,2026-03-19,1,,
acct_00901,3,paused,2026-04-19,2,,
acct_00902,1,activated,2026-01-24,0,,
acct_00902,2,renewed,2026-02-24,1,,
acct_00902,3,renewed,2026-03-24,2,,
acct_00902,4,renewed,2026-04-24,3,,
acct_00903,1,activated,2026-03-04,0,,
acct_00903,2,renewed,2026-04-04,1,,
acct_00904,1,activated,2026-04-16,0,,
acct_00905,1,activated,2026-03-15,0,,
acct_00905,2,renewed,2026-04-15,1,,
acct_00906,1,activated,2026-03-05,0,,
acct_00906,2,skipped,2026-04-05,1,,
acct_00907,1,activated,2026-02-04,0,,
acct_00907,2,renewed,2026-03-04,1,,
acct_00907,3,canceled,2026-04-04,2,voluntary,
acct_00908,1,activated,2026-02-18,0,,
acct_00908,2,canceled,2026-03-18,1,voluntary,
acct_00909,1,activated,2026-02-21,0,,
acct_00909,2,renewed,2026-03-21,1,,
acct_00909,3,renewed,2026-04-21,2,,
acct_00910,1,activated,2026-03-22,0,,
acct_00910,2,renewed,2026-04-22,1,,
acct_00911,1,activated,2026-04-02,0,,
acct_00911,2,canceled,2026-05-02,1,voluntary,
acct_00912,1,activated,2026-04-05,0,,
acct_00913,1,activated,2026-04-24,0,,
acct_00914,1,activated,2026-04-23,0,,
acct_00915,1,activated,2026-04-14,0,,
acct_00916,1,activated,2026-01-30,0,,
acct_00916,2,canceled,2026-02-28,1,voluntary,
acct_00917,1,activated,2026-02-08,0,,
acct_00917,2,renewed,2026-03-08,1,,
acct_00917,3,canceled,2026-04-08,2,voluntary,
acct_00918,1,activated,2026-02-22,0,,
acct_00918,2,renewed,2026-03-22,1,,
acct_00918,3,renewed,2026-04-22,2,,
acct_00919,1,activated,2026-03-09,0,,
acct_00919,2,renewed,2026-04-09,1,,
acct_00920,1,activated,2026-02-03,0,,
acct_00920,2,renewed,2026-03-03,1,,
acct_00920,3,renewed,2026-04-03,2,,
acct_00920,4,renewed,2026-05-03,3,,
acct_00921,1,activated,2026-03-29,0,,
acct_00921,2,skipped,2026-04-29,1,,
acct_00922,1,activated,2026-03-12,0,,
acct_00922,2,canceled,2026-04-12,1,voluntary,
acct_00923,1,activated,2026-03-08,0,,
acct_00923,2,renewed,2026-04-08,1,,
acct_00924,1,activated,2026-02-11,0,,
acct_00924,2,canceled,2026-03-11,1,never_activated,
acct_00925,1,activated,2026-02-18,0,,
acct_00925,2,canceled,2026-03-18,1,never_activated,
acct_00926,1,activated,2026-02-10,0,,
acct_00926,2,renewed,2026-03-10,1,,
acct_00926,3,renewed,2026-04-10,2,,
acct_00927,1,activated,2026-03-30,0,,
acct_00927,2,canceled,2026-04-30,1,voluntary,
acct_00928,1,activated,2026-03-10,0,,
acct_00928,2,renewed,2026-04-10,1,,
acct_00929,1,activated,2026-03-20,0,,
acct_00929,2,renewed,2026-04-20,1,,
acct_00930,1,activated,2026-02-21,0,,
acct_00930,2,canceled,2026-03-21,1,voluntary,
acct_00931,1,activated,2026-02-26,0,,
acct_00931,2,canceled,2026-03-26,1,voluntary,
acct_00932,1,activated,2026-02-28,0,,
acct_00932,2,renewed,2026-03-28,1,,
acct_00932,3,canceled,2026-04-28,2,voluntary,
acct_00933,1,activated,2026-03-22,0,,
acct_00933,2,renewed,2026-04-22,1,,
acct_00934,1,activated,2026-03-23,0,,
acct_00934,2,renewed,2026-04-23,1,,
acct_00935,1,activated,2026-02-14,0,,
acct_00935,2,renewed,2026-03-14,1,,
acct_00935,3,skipped,2026-04-14,2,,
acct_00936,1,activated,2026-04-12,0,,
acct_00937,1,activated,2026-02-06,0,,
acct_00937,2,renewed,2026-03-06,1,,
acct_00937,3,renewed,2026-04-06,2,,
acct_00938,1,activated,2026-04-04,0,,
acct_00939,1,activated,2026-02-03,0,,
acct_00939,2,renewed,2026-03-03,1,,
acct_00939,3,renewed,2026-04-03,2,,
acct_00939,4,renewed,2026-05-03,3,,
acct_00940,1,activated,2026-02-19,0,,
acct_00940,2,canceled,2026-03-19,1,voluntary,
acct_00941,1,activated,2026-03-30,0,,
acct_00941,2,renewed,2026-04-30,1,,
acct_00942,1,activated,2026-02-12,0,,
acct_00942,2,renewed,2026-03-12,1,,
acct_00942,3,renewed,2026-04-12,2,,
acct_00943,1,activated,2026-02-28,0,,
acct_00943,2,skipped,2026-03-28,1,,
acct_00943,3,renewed,2026-04-28,2,,
acct_00944,1,activated,2026-03-03,0,,
acct_00944,2,renewed,2026-04-03,1,,
acct_00944,3,renewed,2026-05-03,2,,
acct_00945,1,activated,2026-02-17,0,,
acct_00945,2,skipped,2026-03-17,1,,
acct_00945,3,renewed,2026-04-17,2,,
acct_00946,1,activated,2026-03-18,0,,
acct_00946,2,renewed,2026-04-18,1,,
acct_00947,1,activated,2026-03-30,0,,
acct_00947,2,renewed,2026-04-30,1,,
acct_00948,1,activated,2026-04-02,0,,
acct_00948,2,skipped,2026-05-02,1,,
acct_00949,1,activated,2026-02-24,0,,
acct_00949,2,canceled,2026-03-24,1,voluntary,
acct_00950,1,activated,2026-03-07,0,,
acct_00950,2,renewed,2026-04-07,1,,
acct_00951,1,activated,2026-02-18,0,,
acct_00951,2,canceled,2026-03-18,1,voluntary,
acct_00952,1,activated,2026-02-17,0,,
acct_00952,2,renewed,2026-03-17,1,,
acct_00952,3,renewed,2026-04-17,2,,
acct_00953,1,activated,2026-02-10,0,,
acct_00953,2,renewed,2026-03-10,1,,
acct_00953,3,renewed,2026-04-10,2,,
acct_00954,1,activated,2026-04-12,0,,
acct_00955,1,activated,2026-04-03,0,,
acct_00955,2,renewed,2026-05-03,1,,
acct_00956,1,activated,2026-03-23,0,,
acct_00956,2,canceled,2026-04-23,1,voluntary,
acct_00957,1,activated,2026-03-07,0,,
acct_00957,2,renewed,2026-04-07,1,,
acct_00958,1,activated,2026-03-05,0,,
acct_00958,2,renewed,2026-04-05,1,,
acct_00959,1,activated,2026-03-07,0,,
acct_00959,2,renewed,2026-04-07,1,,
acct_00960,1,activated,2026-03-08,0,,
acct_00960,2,renewed,2026-04-08,1,,
acct_00961,1,activated,2026-03-02,0,,
acct_00961,2,renewed,2026-04-02,1,,
acct_00961,3,renewed,2026-05-02,2,,
acct_00962,1,activated,2026-02-07,0,,
acct_00962,2,canceled,2026-03-07,1,voluntary,
acct_00963,1,activated,2026-02-06,0,,
acct_00963,2,renewed,2026-03-06,1,,
acct_00963,3,renewed,2026-04-06,2,,
acct_00964,1,activated,2026-04-14,0,,
acct_00965,1,activated,2026-03-04,0,,
acct_00965,2,renewed,2026-04-04,1,,
acct_00966,1,activated,2026-04-15,0,,
acct_00967,1,activated,2026-02-10,0,,
acct_00967,2,renewed,2026-03-10,1,,
acct_00967,3,renewed,2026-04-10,2,,
acct_00968,1,activated,2026-03-09,0,,
acct_00968,2,renewed,2026-04-09,1,,
acct_00969,1,activated,2026-02-14,0,,
acct_00969,2,renewed,2026-03-14,1,,
acct_00969,3,renewed,2026-04-14,2,,
acct_00970,1,activated,2026-02-18,0,,
acct_00970,2,renewed,2026-03-18,1,,
acct_00970,3,skipped,2026-04-18,2,,
acct_00971,1,activated,2026-01-20,0,,
acct_00971,2,renewed,2026-02-20,1,,
acct_00971,3,renewed,2026-03-20,2,,
acct_00971,4,paused,2026-04-20,3,,
acct_00972,1,activated,2026-02-06,0,,
acct_00972,2,canceled,2026-03-06,1,voluntary,
acct_00973,1,activated,2026-04-07,0,,
acct_00974,1,activated,2026-02-23,0,,
acct_00974,2,canceled,2026-03-23,1,voluntary,
acct_00975,1,activated,2026-03-12,0,,
acct_00975,2,renewed,2026-04-12,1,,
acct_00976,1,activated,2026-03-03,0,,
acct_00976,2,skipped,2026-04-03,1,,
acct_00976,3,tier_changed,2026-05-03,2,downgrade,small
acct_00976,4,renewed,2026-05-03,2,,
acct_00977,1,activated,2026-02-28,0,,
acct_00977,2,renewed,2026-03-28,1,,
acct_00977,3,canceled,2026-04-28,2,never_activated,
acct_00978,1,activated,2026-03-07,0,,
acct_00978,2,canceled,2026-04-07,1,voluntary,
acct_00979,1,activated,2026-02-13,0,,
acct_00979,2,renewed,2026-03-13,1,,
acct_00979,3,canceled,2026-04-13,2,voluntary,
acct_00980,1,activated,2026-04-26,0,,
acct_00981,1,activated,2026-03-27,0,,
acct_00981,2,skipped,2026-04-27,1,,
acct_00982,1,activated,2026-03-21,0,,
acct_00982,2,renewed,2026-04-21,1,,
acct_00983,1,activated,2026-03-04,0,,
acct_00983,2,canceled,2026-04-04,1,voluntary,
acct_00984,1,activated,2026-02-09,0,,
acct_00984,2,canceled,2026-03-09,1,never_activated,
acct_00985,1,activated,2026-04-08,0,,
acct_00986,1,activated,2026-02-24,0,,
acct_00986,2,renewed,2026-03-24,1,,
acct_00986,3,renewed,2026-04-24,2,,
acct_00987,1,activated,2026-01-25,0,,
acct_00987,2,canceled,2026-02-25,1,voluntary,
acct_00988,1,activated,2026-02-24,0,,
acct_00988,2,renewed,2026-03-24,1,,
acct_00988,3,renewed,2026-04-24,2,,
acct_00989,1,activated,2026-03-25,0,,
acct_00989,2,renewed,2026-04-25,1,,
acct_00990,1,activated,2026-03-13,0,,
acct_00990,2,renewed,2026-04-13,1,,
acct_00991,1,activated,2026-03-21,0,,
acct_00991,2,renewed,2026-04-21,1,,
acct_00992,1,activated,2026-03-25,0,,
acct_00992,2,renewed,2026-04-25,1,,
acct_00993,1,activated,2026-02-15,0,,
acct_00993,2,renewed,2026-03-15,1,,
acct_00993,3,renewed,2026-04-15,2,,
acct_00994,1,activated,2026-04-09,0,,
acct_00995,1,activated,2026-03-02,0,,
acct_00995,2,canceled,2026-04-02,1,never_activated,
acct_00996,1,activated,2026-03-14,0,,
acct_00996,2,canceled,2026-04-14,1,voluntary,
acct_00997,1,activated,2026-01-08,0,,
acct_00997,2,renewed,2026-02-08,1,,
acct_00997,3,renewed,2026-03-08,2,,
acct_00997,4,skipped,2026-04-08,3,,
acct_00998,1,activated,2026-04-29,0,,
acct_00999,1,activated,2026-02-20,0,,
acct_00999,2,canceled,2026-03-20,1,never_activated,
acct_01000,1,activated,2026-01-28,0,,
acct_01000,2,renewed,2026-02-28,1,,
acct_01000,3,renewed,2026-03-28,2,,
acct_01000,4,renewed,2026-04-28,3,,
acct_01001,1,activated,2026-03-03,0,,
acct_01001,2,renewed,2026-04-03,1,,
acct_01001,3,renewed,2026-05-03,2,,
acct_01002,1,activated,2026-02-07,0,,
acct_01002,2,canceled,2026-03-07,1,never_activated,
acct_01003,1,activated,2026-02-09,0,,
acct_01003,2,renewed,2026-03-09,1,,
acct_01003,3,renewed,2026-04-09,2,,
acct_01004,1,activated,2026-03-13,0,,
acct_01004,2,skipped,2026-04-13,1,,
acct_01005,1,activated,2026-02-27,0,,
acct_01005,2,renewed,2026-03-27,1,,
acct_01005,3,renewed,2026-04-27,2,,
acct_01006,1,activated,2026-04-08,0,,
acct_01007,1,activated,2026-02-23,0,,
acct_01007,2,canceled,2026-03-23,1,never_activated,
acct_01008,1,activated,2026-03-19,0,,
acct_01008,2,renewed,2026-04-19,1,,
acct_01009,1,activated,2026-03-03,0,,
acct_01009,2,renewed,2026-04-03,1,,
acct_01009,3,renewed,2026-05-03,2,,
acct_01010,1,activated,2026-03-15,0,,
acct_01010,2,renewed,2026-04-15,1,,
acct_01011,1,activated,2026-03-11,0,,
acct_01011,2,renewed,2026-04-11,1,,
acct_01012,1,activated,2026-03-04,0,,
acct_01012,2,canceled,2026-04-04,1,never_activated,
acct_01013,1,activated,2026-04-14,0,,
acct_01014,1,activated,2026-02-24,0,,
acct_01014,2,renewed,2026-03-24,1,,
acct_01014,3,renewed,2026-04-24,2,,
acct_01015,1,activated,2026-02-12,0,,
acct_01015,2,renewed,2026-03-12,1,,
acct_01015,3,renewed,2026-04-12,2,,
acct_01016,1,activated,2026-03-16,0,,
acct_01016,2,renewed,2026-04-16,1,,
acct_01017,1,activated,2026-03-30,0,,
acct_01017,2,canceled,2026-04-30,1,never_activated,
acct_01018,1,activated,2026-01-23,0,,
acct_01018,2,canceled,2026-02-23,1,voluntary,
acct_01019,1,activated,2026-03-03,0,,
acct_01019,2,renewed,2026-04-03,1,,
acct_01019,3,canceled,2026-05-03,2,never_activated,
acct_01020,1,activated,2026-04-04,0,,
acct_01021,1,activated,2026-03-21,0,,
acct_01021,2,skipped,2026-04-21,1,,
acct_01022,1,activated,2026-04-28,0,,
acct_01023,1,activated,2026-03-07,0,,
acct_01023,2,renewed,2026-04-07,1,,
acct_01024,1,activated,2026-03-15,0,,
acct_01024,2,renewed,2026-04-15,1,,
acct_01025,1,activated,2026-02-22,0,,
acct_01025,2,skipped,2026-03-22,1,,
acct_01025,3,renewed,2026-04-22,2,,
acct_01026,1,activated,2026-04-13,0,,
acct_01027,1,activated,2026-02-26,0,,
acct_01027,2,renewed,2026-03-26,1,,
acct_01027,3,renewed,2026-04-26,2,,
acct_01028,1,activated,2026-03-20,0,,
acct_01028,2,renewed,2026-04-20,1,,
acct_01029,1,activated,2026-02-28,0,,
acct_01029,2,renewed,2026-03-28,1,,
acct_01029,3,renewed,2026-04-28,2,,
acct_01030,1,activated,2026-03-09,0,,
acct_01030,2,canceled,2026-04-09,1,voluntary,
acct_01031,1,activated,2026-03-19,0,,
acct_01031,2,renewed,2026-04-19,1,,
acct_01032,1,activated,2026-03-06,0,,
acct_01032,2,renewed,2026-04-06,1,,
acct_01033,1,activated,2026-04-06,0,,
acct_01034,1,activated,2026-03-01,0,,
acct_01034,2,renewed,2026-04-01,1,,
acct_01034,3,renewed,2026-05-01,2,,
acct_01035,1,activated,2026-03-14,0,,
acct_01035,2,renewed,2026-04-14,1,,
acct_01036,1,activated,2026-02-24,0,,
acct_01036,2,renewed,2026-03-24,1,,
acct_01036,3,renewed,2026-04-24,2,,
acct_01037,1,activated,2026-02-28,0,,
acct_01037,2,renewed,2026-03-28,1,,
acct_01037,3,renewed,2026-04-28,2,,
acct_01038,1,activated,2026-03-02,0,,
acct_01038,2,canceled,2026-04-02,1,never_activated,
acct_01039,1,activated,2026-02-06,0,,
acct_01039,2,renewed,2026-03-06,1,,
acct_01039,3,canceled,2026-04-06,2,voluntary,
acct_01040,1,activated,2026-02-02,0,,
acct_01040,2,renewed,2026-03-02,1,,
acct_01040,3,renewed,2026-04-02,2,,
acct_01040,4,renewed,2026-05-02,3,,
acct_01041,1,activated,2026-03-16,0,,
acct_01041,2,renewed,2026-04-16,1,,
acct_01042,1,activated,2026-03-15,0,,
acct_01042,2,renewed,2026-04-15,1,,
acct_01043,1,activated,2026-03-15,0,,
acct_01043,2,skipped,2026-04-15,1,,
acct_01044,1,activated,2026-01-16,0,,
acct_01044,2,renewed,2026-02-16,1,,
acct_01044,3,renewed,2026-03-16,2,,
acct_01044,4,canceled,2026-04-16,3,never_activated,
acct_01045,1,activated,2026-02-23,0,,
acct_01045,2,canceled,2026-02-23,0,day_zero,
acct_01046,1,activated,2026-02-14,0,,
acct_01046,2,renewed,2026-03-14,1,,
acct_01046,3,renewed,2026-04-14,2,,
acct_01047,1,activated,2026-03-23,0,,
acct_01047,2,renewed,2026-04-23,1,,
acct_01048,1,activated,2026-03-31,0,,
acct_01048,2,renewed,2026-04-30,1,,
acct_01049,1,activated,2026-02-18,0,,
acct_01049,2,renewed,2026-03-18,1,,
acct_01049,3,renewed,2026-04-18,2,,
acct_01050,1,activated,2026-03-16,0,,
acct_01050,2,renewed,2026-04-16,1,,
acct_01051,1,activated,2026-02-07,0,,
acct_01051,2,renewed,2026-03-07,1,,
acct_01051,3,renewed,2026-04-07,2,,
acct_01052,1,activated,2026-02-20,0,,
acct_01052,2,renewed,2026-03-20,1,,
acct_01052,3,renewed,2026-04-20,2,,
acct_01053,1,activated,2026-02-08,0,,
acct_01053,2,renewed,2026-03-08,1,,
acct_01053,3,renewed,2026-04-08,2,,
acct_01054,1,activated,2026-02-20,0,,
acct_01054,2,renewed,2026-03-20,1,,
acct_01054,3,paused,2026-04-20,2,,
acct_01055,1,activated,2026-03-16,0,,
acct_01055,2,renewed,2026-04-16,1,,
acct_01056,1,activated,2026-04-06,0,,
acct_01057,1,activated,2026-02-14,0,,
acct_01057,2,renewed,2026-03-14,1,,
acct_01057,3,renewed,2026-04-14,2,,
acct_01058,1,activated,2026-03-08,0,,
acct_01058,2,canceled,2026-04-08,1,voluntary,
acct_01059,1,activated,2026-03-18,0,,
acct_01059,2,canceled,2026-04-18,1,voluntary,
acct_01060,1,activated,2026-04-14,0,,
acct_01061,1,activated,2026-03-12,0,,
acct_01061,2,canceled,2026-04-12,1,never_activated,
acct_01062,1,activated,2026-02-18,0,,
acct_01062,2,renewed,2026-03-18,1,,
acct_01062,3,renewed,2026-04-18,2,,
acct_01063,1,activated,2026-03-13,0,,
acct_01063,2,canceled,2026-04-13,1,never_activated,
acct_01064,1,activated,2026-02-23,0,,
acct_01064,2,renewed,2026-03-23,1,,
acct_01064,3,renewed,2026-04-23,2,,
acct_01065,1,activated,2026-04-21,0,,
acct_01066,1,activated,2026-02-28,0,,
acct_01066,2,renewed,2026-03-28,1,,
acct_01066,3,renewed,2026-04-28,2,,
acct_01067,1,activated,2026-03-17,0,,
acct_01067,2,renewed,2026-04-17,1,,
acct_01068,1,activated,2026-01-18,0,,
acct_01068,2,renewed,2026-02-18,1,,
acct_01068,3,renewed,2026-03-18,2,,
acct_01068,4,renewed,2026-04-18,3,,
acct_01069,1,activated,2026-02-28,0,,
acct_01069,2,canceled,2026-03-28,1,never_activated,
acct_01070,1,activated,2026-04-02,0,,
acct_01070,2,renewed,2026-05-02,1,,
acct_01071,1,activated,2026-03-12,0,,
acct_01071,2,skipped,2026-04-12,1,,
acct_01072,1,activated,2026-03-02,0,,
acct_01072,2,renewed,2026-04-02,1,,
acct_01072,3,renewed,2026-05-02,2,,
acct_01073,1,activated,2026-04-11,0,,
acct_01074,1,activated,2026-03-30,0,,
acct_01074,2,renewed,2026-04-30,1,,
acct_01075,1,activated,2026-02-23,0,,
acct_01075,2,renewed,2026-03-23,1,,
acct_01075,3,renewed,2026-04-23,2,,
acct_01076,1,activated,2026-03-08,0,,
acct_01076,2,canceled,2026-04-08,1,voluntary,
acct_01077,1,activated,2026-03-05,0,,
acct_01077,2,skipped,2026-04-05,1,,
acct_01078,1,activated,2026-03-13,0,,
acct_01078,2,renewed,2026-04-13,1,,
acct_01079,1,activated,2026-02-24,0,,
acct_01079,2,renewed,2026-03-24,1,,
acct_01079,3,canceled,2026-04-24,2,voluntary,
acct_01080,1,activated,2026-02-17,0,,
acct_01080,2,canceled,2026-03-17,1,voluntary,
acct_01081,1,activated,2026-04-07,0,,
acct_01082,1,activated,2026-04-09,0,,
acct_01083,1,activated,2026-03-29,0,,
acct_01083,2,renewed,2026-04-29,1,,
acct_01084,1,activated,2026-04-22,0,,
acct_01084,2,canceled,2026-04-22,0,day_zero,
acct_01085,1,activated,2026-03-21,0,,
acct_01085,2,canceled,2026-04-21,1,never_activated,
acct_01086,1,activated,2026-03-22,0,,
acct_01086,2,renewed,2026-04-22,1,,
acct_01087,1,activated,2026-03-22,0,,
acct_01087,2,renewed,2026-04-22,1,,
acct_01088,1,activated,2026-03-04,0,,
acct_01088,2,canceled,2026-04-04,1,voluntary,
acct_01089,1,activated,2026-03-03,0,,
acct_01089,2,renewed,2026-04-03,1,,
acct_01089,3,renewed,2026-05-03,2,,
acct_01090,1,activated,2026-02-17,0,,
acct_01090,2,renewed,2026-03-17,1,,
acct_01090,3,renewed,2026-04-17,2,,
acct_01091,1,activated,2026-03-14,0,,
acct_01091,2,renewed,2026-04-14,1,,
acct_01092,1,activated,2026-02-21,0,,
acct_01092,2,canceled,2026-03-21,1,voluntary,
acct_01093,1,activated,2026-02-18,0,,
acct_01093,2,renewed,2026-03-18,1,,
acct_01093,3,renewed,2026-04-18,2,,
acct_01094,1,activated,2026-03-10,0,,
acct_01094,2,canceled,2026-04-10,1,never_activated,
acct_01095,1,activated,2026-02-28,0,,
acct_01095,2,canceled,2026-03-28,1,never_activated,
acct_01096,1,activated,2026-02-15,0,,
acct_01096,2,skipped,2026-03-15,1,,
acct_01096,3,renewed,2026-04-15,2,,
acct_01097,1,activated,2026-03-27,0,,
acct_01097,2,renewed,2026-04-27,1,,
acct_01098,1,activated,2026-03-31,0,,
acct_01098,2,renewed,2026-04-30,1,,
acct_01099,1,activated,2026-02-11,0,,
acct_01099,2,renewed,2026-03-11,1,,
acct_01099,3,renewed,2026-04-11,2,,
acct_01100,1,activated,2026-01-11,0,,
acct_01100,2,renewed,2026-02-11,1,,
acct_01100,3,renewed,2026-03-11,2,,
acct_01100,4,renewed,2026-04-11,3,,
acct_01101,1,activated,2026-02-24,0,,
acct_01101,2,canceled,2026-03-24,1,voluntary,
acct_01102,1,activated,2026-03-25,0,,
acct_01102,2,renewed,2026-04-25,1,,
acct_01103,1,activated,2026-03-29,0,,
acct_01103,2,renewed,2026-04-29,1,,
acct_01104,1,activated,2026-02-08,0,,
acct_01104,2,renewed,2026-03-08,1,,
acct_01104,3,renewed,2026-04-08,2,,
acct_01105,1,activated,2026-03-23,0,,
acct_01105,2,renewed,2026-04-23,1,,
acct_01106,1,activated,2026-02-05,0,,
acct_01106,2,renewed,2026-03-05,1,,
acct_01106,3,canceled,2026-04-05,2,voluntary,
acct_01107,1,activated,2026-02-27,0,,
acct_01107,2,renewed,2026-03-27,1,,
acct_01107,3,renewed,2026-04-27,2,,
acct_01108,1,activated,2026-05-02,0,,
acct_01109,1,activated,2026-02-13,0,,
acct_01109,2,renewed,2026-03-13,1,,
acct_01109,3,renewed,2026-04-13,2,,
acct_01110,1,activated,2026-02-09,0,,
acct_01110,2,canceled,2026-03-09,1,voluntary,
acct_01111,1,activated,2026-03-01,0,,
acct_01111,2,canceled,2026-04-01,1,voluntary,
acct_01112,1,activated,2026-03-13,0,,
acct_01112,2,renewed,2026-04-13,1,,
acct_01113,1,activated,2026-04-10,0,,
acct_01114,1,activated,2026-04-23,0,,
acct_01115,1,activated,2026-01-29,0,,
acct_01115,2,canceled,2026-02-28,1,voluntary,
acct_01116,1,activated,2026-02-08,0,,
acct_01116,2,renewed,2026-03-08,1,,
acct_01116,3,renewed,2026-04-08,2,,
acct_01117,1,activated,2026-03-24,0,,
acct_01117,2,canceled,2026-04-24,1,voluntary,
acct_01118,1,activated,2026-02-19,0,,
acct_01118,2,renewed,2026-03-19,1,,
acct_01118,3,renewed,2026-04-19,2,,
acct_01119,1,activated,2026-04-03,0,,
acct_01119,2,renewed,2026-05-03,1,,
acct_01120,1,activated,2026-03-15,0,,
acct_01120,2,canceled,2026-04-15,1,voluntary,
acct_01121,1,activated,2026-02-05,0,,
acct_01121,2,renewed,2026-03-05,1,,
acct_01121,3,paused,2026-04-05,2,,
acct_01122,1,activated,2026-03-28,0,,
acct_01122,2,skipped,2026-04-28,1,,
acct_01123,1,activated,2026-02-12,0,,
acct_01123,2,renewed,2026-03-12,1,,
acct_01123,3,canceled,2026-04-12,2,voluntary,
acct_01124,1,activated,2026-03-01,0,,
acct_01124,2,renewed,2026-04-01,1,,
acct_01124,3,renewed,2026-05-01,2,,
acct_01125,1,activated,2026-03-09,0,,
acct_01125,2,canceled,2026-04-09,1,voluntary,
acct_01126,1,activated,2026-03-06,0,,
acct_01126,2,renewed,2026-04-06,1,,
acct_01127,1,activated,2026-03-17,0,,
acct_01127,2,renewed,2026-04-17,1,,
acct_01128,1,activated,2026-03-15,0,,
acct_01128,2,renewed,2026-04-15,1,,
acct_01129,1,activated,2026-04-28,0,,
acct_01130,1,activated,2026-05-02,0,,
acct_01131,1,activated,2026-03-06,0,,
acct_01131,2,skipped,2026-04-06,1,,
acct_01132,1,activated,2026-02-02,0,,
acct_01132,2,renewed,2026-03-02,1,,
acct_01132,3,renewed,2026-04-02,2,,
acct_01132,4,renewed,2026-05-02,3,,
acct_01133,1,activated,2026-03-20,0,,
acct_01133,2,renewed,2026-04-20,1,,
acct_01134,1,activated,2026-04-21,0,,
acct_01135,1,activated,2026-02-23,0,,
acct_01135,2,renewed,2026-03-23,1,,
acct_01135,3,renewed,2026-04-23,2,,
acct_01136,1,activated,2026-03-03,0,,
acct_01136,2,canceled,2026-04-03,1,never_activated,
acct_01137,1,activated,2026-03-01,0,,
acct_01137,2,skipped,2026-04-01,1,,
acct_01137,3,renewed,2026-05-01,2,,
acct_01138,1,activated,2026-01-26,0,,
acct_01138,2,renewed,2026-02-26,1,,
acct_01138,3,canceled,2026-03-26,2,voluntary,
acct_01139,1,activated,2026-03-16,0,,
acct_01139,2,renewed,2026-04-16,1,,
acct_01140,1,activated,2026-02-25,0,,
acct_01140,2,canceled,2026-03-25,1,voluntary,
acct_01141,1,activated,2026-03-24,0,,
acct_01141,2,renewed,2026-04-24,1,,
acct_01142,1,activated,2026-03-28,0,,
acct_01142,2,renewed,2026-04-28,1,,
acct_01143,1,activated,2026-03-27,0,,
acct_01143,2,renewed,2026-04-27,1,,
acct_01144,1,activated,2026-03-01,0,,
acct_01144,2,renewed,2026-04-01,1,,
acct_01144,3,renewed,2026-05-01,2,,
acct_01145,1,activated,2026-02-23,0,,
acct_01145,2,renewed,2026-03-23,1,,
acct_01145,3,renewed,2026-04-23,2,,
acct_01146,1,activated,2026-03-21,0,,
acct_01146,2,canceled,2026-04-21,1,voluntary,
acct_01147,1,activated,2026-03-25,0,,
acct_01147,2,renewed,2026-04-25,1,,
acct_01148,1,activated,2026-03-05,0,,
acct_01148,2,renewed,2026-04-05,1,,
acct_01149,1,activated,2026-04-04,0,,
acct_01150,1,activated,2026-02-08,0,,
acct_01150,2,renewed,2026-03-08,1,,
acct_01150,3,skipped,2026-04-08,2,,
acct_01151,1,activated,2026-04-02,0,,
acct_01151,2,paused,2026-05-02,1,,
acct_01152,1,activated,2026-02-02,0,,
acct_01152,2,canceled,2026-03-02,1,voluntary,
acct_01153,1,activated,2026-02-09,0,,
acct_01153,2,paused,2026-03-09,1,,
acct_01153,3,resumed,2026-04-09,2,,
acct_01153,4,renewed,2026-04-09,2,,
acct_01154,1,activated,2026-03-07,0,,
acct_01154,2,skipped,2026-04-07,1,,
acct_01155,1,activated,2026-01-29,0,,
acct_01155,2,renewed,2026-02-28,1,,
acct_01155,3,canceled,2026-03-29,2,voluntary,
acct_01156,1,activated,2026-01-26,0,,
acct_01156,2,renewed,2026-02-26,1,,
acct_01156,3,canceled,2026-03-26,2,voluntary,
acct_01157,1,activated,2026-01-06,0,,
acct_01157,2,renewed,2026-02-06,1,,
acct_01157,3,renewed,2026-03-06,2,,
acct_01157,4,renewed,2026-04-06,3,,
acct_01158,1,activated,2026-03-02,0,,
acct_01158,2,renewed,2026-04-02,1,,
acct_01158,3,renewed,2026-05-02,2,,
acct_01159,1,activated,2026-03-23,0,,
acct_01159,2,canceled,2026-04-23,1,voluntary,
acct_01160,1,activated,2026-01-21,0,,
acct_01160,2,renewed,2026-02-21,1,,
acct_01160,3,renewed,2026-03-21,2,,
acct_01160,4,renewed,2026-04-21,3,,
acct_01161,1,activated,2026-03-15,0,,
acct_01161,2,canceled,2026-03-15,0,day_zero,
acct_01162,1,activated,2026-03-27,0,,
acct_01162,2,renewed,2026-04-27,1,,
acct_01163,1,activated,2026-02-11,0,,
acct_01163,2,renewed,2026-03-11,1,,
acct_01163,3,renewed,2026-04-11,2,,
acct_01164,1,activated,2026-02-09,0,,
acct_01164,2,renewed,2026-03-09,1,,
acct_01164,3,renewed,2026-04-09,2,,
acct_01165,1,activated,2026-03-31,0,,
acct_01165,2,tier_changed,2026-04-30,1,downgrade,medium
acct_01165,3,renewed,2026-04-30,1,,
acct_01166,1,activated,2026-03-27,0,,
acct_01166,2,renewed,2026-04-27,1,,
acct_01167,1,activated,2026-03-08,0,,
acct_01167,2,renewed,2026-04-08,1,,
acct_01168,1,activated,2026-03-27,0,,
acct_01168,2,canceled,2026-04-27,1,voluntary,
acct_01169,1,activated,2026-02-02,0,,
acct_01169,2,canceled,2026-03-02,1,voluntary,
acct_01170,1,activated,2026-02-27,0,,
acct_01170,2,renewed,2026-03-27,1,,
acct_01170,3,renewed,2026-04-27,2,,
acct_01171,1,activated,2026-03-20,0,,
acct_01171,2,renewed,2026-04-20,1,,
acct_01172,1,activated,2026-02-18,0,,
acct_01172,2,renewed,2026-03-18,1,,
acct_01172,3,skipped,2026-04-18,2,,
acct_01173,1,activated,2026-03-21,0,,
acct_01173,2,renewed,2026-04-21,1,,
acct_01174,1,activated,2026-03-06,0,,
acct_01174,2,renewed,2026-04-06,1,,
acct_01175,1,activated,2026-03-21,0,,
acct_01175,2,canceled,2026-04-21,1,voluntary,
acct_01176,1,activated,2026-03-03,0,,
acct_01176,2,canceled,2026-04-03,1,voluntary,
acct_01177,1,activated,2026-02-26,0,,
acct_01177,2,skipped,2026-03-26,1,,
acct_01177,3,renewed,2026-04-26,2,,
acct_01178,1,activated,2026-02-15,0,,
acct_01178,2,renewed,2026-03-15,1,,
acct_01178,3,renewed,2026-04-15,2,,
acct_01179,1,activated,2026-02-15,0,,
acct_01179,2,renewed,2026-03-15,1,,
acct_01179,3,renewed,2026-04-15,2,,
acct_01180,1,activated,2026-03-21,0,,
acct_01180,2,renewed,2026-04-21,1,,
acct_01181,1,activated,2026-02-06,0,,
acct_01181,2,canceled,2026-03-06,1,voluntary,
acct_01182,1,activated,2026-02-01,0,,
acct_01182,2,renewed,2026-03-01,1,,
acct_01182,3,renewed,2026-04-01,2,,
acct_01182,4,renewed,2026-05-01,3,,
acct_01183,1,activated,2026-02-12,0,,
acct_01183,2,paused,2026-03-12,1,,
acct_01184,1,activated,2026-02-12,0,,
acct_01184,2,renewed,2026-03-12,1,,
acct_01184,3,renewed,2026-04-12,2,,
acct_01185,1,activated,2026-03-27,0,,
acct_01185,2,renewed,2026-04-27,1,,
acct_01186,1,activated,2026-02-28,0,,
acct_01186,2,renewed,2026-03-28,1,,
acct_01186,3,renewed,2026-04-28,2,,
acct_01187,1,activated,2026-04-27,0,,
acct_01188,1,activated,2026-02-08,0,,
acct_01188,2,paused,2026-03-08,1,,
acct_01188,3,resumed,2026-04-08,2,,
acct_01188,4,renewed,2026-04-08,2,,
acct_01189,1,activated,2026-03-15,0,,
acct_01189,2,renewed,2026-04-15,1,,
acct_01190,1,activated,2026-03-03,0,,
acct_01190,2,renewed,2026-04-03,1,,
acct_01190,3,renewed,2026-05-03,2,,
acct_01191,1,activated,2026-02-27,0,,
acct_01191,2,renewed,2026-03-27,1,,
acct_01191,3,renewed,2026-04-27,2,,
acct_01192,1,activated,2026-04-02,0,,
acct_01192,2,renewed,2026-05-02,1,,
acct_01193,1,activated,2026-04-21,0,,
acct_01194,1,activated,2026-04-01,0,,
acct_01194,2,renewed,2026-05-01,1,,
acct_01195,1,activated,2026-02-13,0,,
acct_01195,2,canceled,2026-03-13,1,voluntary,
acct_01196,1,activated,2026-02-16,0,,
acct_01196,2,renewed,2026-03-16,1,,
acct_01196,3,canceled,2026-04-16,2,voluntary,
acct_01197,1,activated,2026-03-15,0,,
acct_01197,2,paused,2026-04-15,1,,
acct_01198,1,activated,2026-02-21,0,,
acct_01198,2,renewed,2026-03-21,1,,
acct_01198,3,canceled,2026-04-21,2,voluntary,
acct_01199,1,activated,2026-03-20,0,,
acct_01199,2,renewed,2026-04-20,1,,
acct_01200,1,activated,2026-03-09,0,,
acct_01200,2,renewed,2026-04-09,1,,
acct_01201,1,activated,2026-03-08,0,,
acct_01201,2,renewed,2026-04-08,1,,
acct_01202,1,activated,2026-03-28,0,,
acct_01202,2,renewed,2026-04-28,1,,
acct_01203,1,activated,2026-03-18,0,,
acct_01203,2,canceled,2026-04-18,1,voluntary,
acct_01204,1,activated,2026-01-19,0,,
acct_01204,2,renewed,2026-02-19,1,,
acct_01204,3,renewed,2026-03-19,2,,
acct_01204,4,renewed,2026-04-19,3,,
acct_01205,1,activated,2026-01-25,0,,
acct_01205,2,paused,2026-02-25,1,,
acct_01206,1,activated,2026-03-11,0,,
acct_01206,2,renewed,2026-04-11,1,,
acct_01207,1,activated,2026-03-05,0,,
acct_01207,2,renewed,2026-04-05,1,,
acct_01208,1,activated,2026-02-19,0,,
acct_01208,2,renewed,2026-03-19,1,,
acct_01208,3,renewed,2026-04-19,2,,
acct_01209,1,activated,2026-03-01,0,,
acct_01209,2,canceled,2026-04-01,1,voluntary,
acct_01210,1,activated,2026-03-22,0,,
acct_01210,2,renewed,2026-04-22,1,,
acct_01211,1,activated,2026-03-28,0,,
acct_01211,2,renewed,2026-04-28,1,,
acct_01212,1,activated,2026-03-09,0,,
acct_01212,2,renewed,2026-04-09,1,,
acct_01213,1,activated,2026-02-27,0,,
acct_01213,2,renewed,2026-03-27,1,,
acct_01213,3,renewed,2026-04-27,2,,
acct_01214,1,activated,2026-02-19,0,,
acct_01214,2,renewed,2026-03-19,1,,
acct_01214,3,renewed,2026-04-19,2,,
acct_01215,1,activated,2026-03-07,0,,
acct_01215,2,renewed,2026-04-07,1,,
acct_01216,1,activated,2026-02-22,0,,
acct_01216,2,renewed,2026-03-22,1,,
acct_01216,3,renewed,2026-04-22,2,,
acct_01217,1,activated,2026-03-09,0,,
acct_01217,2,renewed,2026-04-09,1,,
acct_01218,1,activated,2026-03-16,0,,
acct_01218,2,renewed,2026-04-16,1,,
acct_01219,1,activated,2026-01-29,0,,
acct_01219,2,canceled,2026-02-28,1,voluntary,
acct_01220,1,activated,2026-01-07,0,,
acct_01220,2,renewed,2026-02-07,1,,
acct_01220,3,renewed,2026-03-07,2,,
acct_01220,4,renewed,2026-04-07,3,,
acct_01221,1,activated,2026-02-15,0,,
acct_01221,2,renewed,2026-03-15,1,,
acct_01221,3,tier_changed,2026-04-15,2,upgrade,medium
acct_01221,4,renewed,2026-04-15,2,,
acct_01222,1,activated,2026-04-04,0,,
acct_01223,1,activated,2026-03-14,0,,
acct_01223,2,renewed,2026-04-14,1,,
acct_01224,1,activated,2026-02-11,0,,
acct_01224,2,canceled,2026-03-11,1,voluntary,
acct_01225,1,activated,2026-04-04,0,,
acct_01226,1,activated,2026-03-04,0,,
acct_01226,2,renewed,2026-04-04,1,,
acct_01227,1,activated,2026-03-04,0,,
acct_01227,2,renewed,2026-04-04,1,,
acct_01228,1,activated,2026-04-11,0,,
acct_01229,1,activated,2026-01-27,0,,
acct_01229,2,canceled,2026-02-27,1,voluntary,
acct_01230,1,activated,2026-02-15,0,,
acct_01230,2,renewed,2026-03-15,1,,
acct_01230,3,renewed,2026-04-15,2,,
acct_01231,1,activated,2026-03-10,0,,
acct_01231,2,canceled,2026-04-10,1,voluntary,
acct_01232,1,activated,2026-02-13,0,,
acct_01232,2,canceled,2026-03-13,1,never_activated,
acct_01233,1,activated,2026-03-16,0,,
acct_01233,2,renewed,2026-04-16,1,,
acct_01234,1,activated,2026-02-15,0,,
acct_01234,2,renewed,2026-03-15,1,,
acct_01234,3,renewed,2026-04-15,2,,
acct_01235,1,activated,2026-02-03,0,,
acct_01235,2,renewed,2026-03-03,1,,
acct_01235,3,renewed,2026-04-03,2,,
acct_01235,4,renewed,2026-05-03,3,,
acct_01236,1,activated,2026-02-14,0,,
acct_01236,2,renewed,2026-03-14,1,,
acct_01236,3,renewed,2026-04-14,2,,
acct_01237,1,activated,2026-03-01,0,,
acct_01237,2,canceled,2026-04-01,1,voluntary,
acct_01238,1,activated,2026-02-12,0,,
acct_01238,2,canceled,2026-03-12,1,never_activated,
acct_01239,1,activated,2026-02-07,0,,
acct_01239,2,canceled,2026-03-07,1,never_activated,
acct_01240,1,activated,2026-03-31,0,,
acct_01240,2,renewed,2026-04-30,1,,
acct_01241,1,activated,2026-02-23,0,,
acct_01241,2,renewed,2026-03-23,1,,
acct_01241,3,renewed,2026-04-23,2,,
acct_01242,1,activated,2026-02-25,0,,
acct_01242,2,renewed,2026-03-25,1,,
acct_01242,3,renewed,2026-04-25,2,,
acct_01243,1,activated,2026-01-26,0,,
acct_01243,2,renewed,2026-02-26,1,,
acct_01243,3,skipped,2026-03-26,2,,
acct_01243,4,renewed,2026-04-26,3,,
acct_01244,1,activated,2026-02-25,0,,
acct_01244,2,renewed,2026-03-25,1,,
acct_01244,3,renewed,2026-04-25,2,,
acct_01245,1,activated,2026-02-19,0,,
acct_01245,2,skipped,2026-03-19,1,,
acct_01245,3,renewed,2026-04-19,2,,
acct_01246,1,activated,2026-03-12,0,,
acct_01246,2,renewed,2026-04-12,1,,
acct_01247,1,activated,2026-02-14,0,,
acct_01247,2,renewed,2026-03-14,1,,
acct_01247,3,renewed,2026-04-14,2,,
acct_01248,1,activated,2026-04-03,0,,
acct_01248,2,canceled,2026-05-03,1,voluntary,
acct_01249,1,activated,2026-04-10,0,,
acct_01250,1,activated,2026-02-03,0,,
acct_01250,2,renewed,2026-03-03,1,,
acct_01250,3,renewed,2026-04-03,2,,
acct_01250,4,paused,2026-05-03,3,,
acct_01251,1,activated,2026-02-04,0,,
acct_01251,2,renewed,2026-03-04,1,,
acct_01251,3,renewed,2026-04-04,2,,
acct_01252,1,activated,2026-02-05,0,,
acct_01252,2,renewed,2026-03-05,1,,
acct_01252,3,tier_changed,2026-04-05,2,downgrade,medium
acct_01252,4,renewed,2026-04-05,2,,
acct_01253,1,activated,2026-03-13,0,,
acct_01253,2,canceled,2026-04-13,1,voluntary,
acct_01254,1,activated,2026-02-06,0,,
acct_01254,2,renewed,2026-03-06,1,,
acct_01254,3,renewed,2026-04-06,2,,
acct_01255,1,activated,2026-03-30,0,,
acct_01255,2,renewed,2026-04-30,1,,
acct_01256,1,activated,2026-03-22,0,,
acct_01256,2,canceled,2026-04-22,1,voluntary,
acct_01257,1,activated,2026-03-27,0,,
acct_01257,2,renewed,2026-04-27,1,,
acct_01258,1,activated,2026-03-07,0,,
acct_01258,2,renewed,2026-04-07,1,,
acct_01259,1,activated,2026-05-01,0,,
acct_01260,1,activated,2026-01-24,0,,
acct_01260,2,renewed,2026-02-24,1,,
acct_01260,3,renewed,2026-03-24,2,,
acct_01260,4,renewed,2026-04-24,3,,
acct_01261,1,activated,2026-02-28,0,,
acct_01261,2,renewed,2026-03-28,1,,
acct_01261,3,renewed,2026-04-28,2,,
acct_01262,1,activated,2026-02-23,0,,
acct_01262,2,renewed,2026-03-23,1,,
acct_01262,3,renewed,2026-04-23,2,,
acct_01263,1,activated,2026-04-13,0,,
acct_01264,1,activated,2026-03-10,0,,
acct_01264,2,renewed,2026-04-10,1,,
acct_01265,1,activated,2026-03-26,0,,
acct_01265,2,renewed,2026-04-26,1,,
acct_01266,1,activated,2026-02-11,0,,
acct_01266,2,renewed,2026-03-11,1,,
acct_01266,3,renewed,2026-04-11,2,,
acct_01267,1,activated,2026-04-22,0,,
acct_01268,1,activated,2026-03-05,0,,
acct_01268,2,renewed,2026-04-05,1,,
acct_01269,1,activated,2026-03-05,0,,
acct_01269,2,canceled,2026-04-05,1,voluntary,
acct_01270,1,activated,2026-04-19,0,,
acct_01271,1,activated,2026-02-27,0,,
acct_01271,2,renewed,2026-03-27,1,,
acct_01271,3,canceled,2026-04-27,2,never_activated,
acct_01272,1,activated,2026-02-28,0,,
acct_01272,2,renewed,2026-03-28,1,,
acct_01272,3,renewed,2026-04-28,2,,
acct_01273,1,activated,2026-03-10,0,,
acct_01273,2,renewed,2026-04-10,1,,
acct_01274,1,activated,2026-02-07,0,,
acct_01274,2,renewed,2026-03-07,1,,
acct_01274,3,renewed,2026-04-07,2,,
acct_01275,1,activated,2026-02-23,0,,
acct_01275,2,renewed,2026-03-23,1,,
acct_01275,3,renewed,2026-04-23,2,,
acct_01276,1,activated,2026-02-13,0,,
acct_01276,2,renewed,2026-03-13,1,,
acct_01276,3,renewed,2026-04-13,2,,
acct_01277,1,activated,2026-02-03,0,,
acct_01277,2,renewed,2026-03-03,1,,
acct_01277,3,renewed,2026-04-03,2,,
acct_01277,4,renewed,2026-05-03,3,,
acct_01278,1,activated,2026-04-01,0,,
acct_01278,2,renewed,2026-05-01,1,,
acct_01279,1,activated,2026-03-11,0,,
acct_01279,2,renewed,2026-04-11,1,,
acct_01280,1,activated,2026-02-25,0,,
acct_01280,2,renewed,2026-03-25,1,,
acct_01280,3,renewed,2026-04-25,2,,
acct_01281,1,activated,2026-02-28,0,,
acct_01281,2,canceled,2026-03-28,1,voluntary,
acct_01282,1,activated,2026-03-02,0,,
acct_01282,2,skipped,2026-04-02,1,,
acct_01282,3,renewed,2026-05-02,2,,
acct_01283,1,activated,2026-03-13,0,,
acct_01283,2,renewed,2026-04-13,1,,
acct_01284,1,activated,2026-04-09,0,,
acct_01285,1,activated,2026-04-10,0,,
acct_01286,1,activated,2026-02-27,0,,
acct_01286,2,renewed,2026-03-27,1,,
acct_01286,3,renewed,2026-04-27,2,,
acct_01287,1,activated,2026-02-23,0,,
acct_01287,2,renewed,2026-03-23,1,,
acct_01287,3,skipped,2026-04-23,2,,
acct_01288,1,activated,2026-03-03,0,,
acct_01288,2,renewed,2026-04-03,1,,
acct_01288,3,renewed,2026-05-03,2,,
acct_01289,1,activated,2026-03-09,0,,
acct_01289,2,skipped,2026-04-09,1,,
acct_01290,1,activated,2026-03-03,0,,
acct_01290,2,canceled,2026-04-03,1,voluntary,
acct_01291,1,activated,2026-03-15,0,,
acct_01291,2,renewed,2026-04-15,1,,
acct_01292,1,activated,2026-03-09,0,,
acct_01292,2,renewed,2026-04-09,1,,
acct_01293,1,activated,2026-02-23,0,,
acct_01293,2,renewed,2026-03-23,1,,
acct_01293,3,skipped,2026-04-23,2,,
acct_01294,1,activated,2026-02-24,0,,
acct_01294,2,paused,2026-03-24,1,,
acct_01294,3,resumed,2026-04-24,2,,
acct_01294,4,renewed,2026-04-24,2,,
acct_01295,1,activated,2026-02-26,0,,
acct_01295,2,renewed,2026-03-26,1,,
acct_01295,3,renewed,2026-04-26,2,,
acct_01296,1,activated,2026-02-02,0,,
acct_01296,2,renewed,2026-03-02,1,,
acct_01296,3,renewed,2026-04-02,2,,
acct_01296,4,renewed,2026-05-02,3,,
acct_01297,1,activated,2026-02-11,0,,
acct_01297,2,renewed,2026-03-11,1,,
acct_01297,3,renewed,2026-04-11,2,,
acct_01298,1,activated,2026-03-19,0,,
acct_01298,2,canceled,2026-04-19,1,voluntary,
acct_01299,1,activated,2026-02-27,0,,
acct_01299,2,renewed,2026-03-27,1,,
acct_01299,3,renewed,2026-04-27,2,,
acct_01300,1,activated,2026-02-15,0,,
acct_01300,2,tier_changed,2026-03-15,1,upgrade,medium
acct_01300,3,renewed,2026-03-15,1,,
acct_01300,4,renewed,2026-04-15,2,,
acct_01301,1,activated,2026-03-09,0,,
acct_01301,2,renewed,2026-04-09,1,,
acct_01302,1,activated,2026-03-22,0,,
acct_01302,2,canceled,2026-04-22,1,voluntary,
acct_01303,1,activated,2026-02-18,0,,
acct_01303,2,renewed,2026-03-18,1,,
acct_01303,3,canceled,2026-04-18,2,never_activated,
acct_01304,1,activated,2026-03-28,0,,
acct_01304,2,renewed,2026-04-28,1,,
acct_01305,1,activated,2026-04-09,0,,
acct_01306,1,activated,2026-03-11,0,,
acct_01306,2,renewed,2026-04-11,1,,
acct_01307,1,activated,2026-03-16,0,,
acct_01307,2,renewed,2026-04-16,1,,
acct_01308,1,activated,2026-01-26,0,,
acct_01308,2,skipped,2026-02-26,1,,
acct_01308,3,paused,2026-03-26,2,,
acct_01308,4,resumed,2026-04-26,3,,
acct_01308,5,renewed,2026-04-26,3,,
acct_01309,1,activated,2026-04-13,0,,
acct_01310,1,activated,2026-02-27,0,,
acct_01310,2,renewed,2026-03-27,1,,
acct_01310,3,renewed,2026-04-27,2,,
acct_01311,1,activated,2026-04-09,0,,
acct_01312,1,activated,2026-03-10,0,,
acct_01312,2,renewed,2026-04-10,1,,
acct_01313,1,activated,2026-01-09,0,,
acct_01313,2,canceled,2026-02-09,1,voluntary,
acct_01314,1,activated,2026-01-22,0,,
acct_01314,2,canceled,2026-02-22,1,voluntary,
acct_01315,1,activated,2026-03-16,0,,
acct_01315,2,tier_changed,2026-04-16,1,upgrade,medium
acct_01315,3,renewed,2026-04-16,1,,
acct_01316,1,activated,2026-03-09,0,,
acct_01316,2,paused,2026-04-09,1,,
acct_01317,1,activated,2026-01-19,0,,
acct_01317,2,renewed,2026-02-19,1,,
acct_01317,3,renewed,2026-03-19,2,,
acct_01317,4,paused,2026-04-19,3,,
acct_01318,1,activated,2026-03-21,0,,
acct_01318,2,renewed,2026-04-21,1,,
acct_01319,1,activated,2026-03-30,0,,
acct_01319,2,renewed,2026-04-30,1,,
acct_01320,1,activated,2026-03-05,0,,
acct_01320,2,renewed,2026-04-05,1,,
acct_01321,1,activated,2026-03-04,0,,
acct_01321,2,renewed,2026-04-04,1,,
acct_01322,1,activated,2026-01-10,0,,
acct_01322,2,renewed,2026-02-10,1,,
acct_01322,3,renewed,2026-03-10,2,,
acct_01322,4,renewed,2026-04-10,3,,
acct_01323,1,activated,2026-03-24,0,,
acct_01323,2,renewed,2026-04-24,1,,
acct_01324,1,activated,2026-02-23,0,,
acct_01324,2,canceled,2026-03-23,1,voluntary,
acct_01325,1,activated,2026-04-02,0,,
acct_01325,2,renewed,2026-05-02,1,,
acct_01326,1,activated,2026-02-26,0,,
acct_01326,2,canceled,2026-03-26,1,never_activated,
acct_01327,1,activated,2026-03-09,0,,
acct_01327,2,canceled,2026-04-09,1,never_activated,
acct_01328,1,activated,2026-02-19,0,,
acct_01328,2,renewed,2026-03-19,1,,
acct_01328,3,renewed,2026-04-19,2,,
acct_01329,1,activated,2026-02-10,0,,
acct_01329,2,paused,2026-03-10,1,,
acct_01329,3,resumed,2026-04-10,2,,
acct_01329,4,renewed,2026-04-10,2,,
acct_01330,1,activated,2026-03-23,0,,
acct_01330,2,renewed,2026-04-23,1,,
acct_01331,1,activated,2026-03-05,0,,
acct_01331,2,renewed,2026-04-05,1,,
acct_01332,1,activated,2026-03-08,0,,
acct_01332,2,renewed,2026-04-08,1,,
acct_01333,1,activated,2026-04-18,0,,
acct_01334,1,activated,2026-04-17,0,,
acct_01335,1,activated,2026-03-31,0,,
acct_01335,2,canceled,2026-04-30,1,voluntary,
acct_01336,1,activated,2026-02-13,0,,
acct_01336,2,renewed,2026-03-13,1,,
acct_01336,3,renewed,2026-04-13,2,,
acct_01337,1,activated,2026-03-11,0,,
acct_01337,2,renewed,2026-04-11,1,,
acct_01338,1,activated,2026-04-02,0,,
acct_01338,2,renewed,2026-05-02,1,,
acct_01339,1,activated,2026-02-26,0,,
acct_01339,2,tier_changed,2026-03-26,1,downgrade,small
acct_01339,3,renewed,2026-03-26,1,,
acct_01339,4,renewed,2026-04-26,2,,
acct_01340,1,activated,2026-02-03,0,,
acct_01340,2,renewed,2026-03-03,1,,
acct_01340,3,renewed,2026-04-03,2,,
acct_01340,4,canceled,2026-05-03,3,voluntary,
acct_01341,1,activated,2026-03-26,0,,
acct_01341,2,canceled,2026-04-26,1,voluntary,
acct_01342,1,activated,2026-03-04,0,,
acct_01342,2,renewed,2026-04-04,1,,
acct_01343,1,activated,2026-03-09,0,,
acct_01343,2,renewed,2026-04-09,1,,
acct_01344,1,activated,2026-04-23,0,,
acct_01345,1,activated,2026-03-12,0,,
acct_01345,2,renewed,2026-04-12,1,,
acct_01346,1,activated,2026-03-01,0,,
acct_01346,2,renewed,2026-04-01,1,,
acct_01346,3,renewed,2026-05-01,2,,
acct_01347,1,activated,2026-02-26,0,,
acct_01347,2,paused,2026-03-26,1,,
acct_01348,1,activated,2026-03-01,0,,
acct_01348,2,renewed,2026-04-01,1,,
acct_01348,3,renewed,2026-05-01,2,,
acct_01349,1,activated,2026-02-05,0,,
acct_01349,2,renewed,2026-03-05,1,,
acct_01349,3,canceled,2026-04-05,2,voluntary,
acct_01350,1,activated,2026-03-25,0,,
acct_01350,2,canceled,2026-04-25,1,never_activated,
acct_01351,1,activated,2026-03-29,0,,
acct_01351,2,renewed,2026-04-29,1,,
acct_01352,1,activated,2026-02-20,0,,
acct_01352,2,renewed,2026-03-20,1,,
acct_01352,3,renewed,2026-04-20,2,,
acct_01353,1,activated,2026-02-22,0,,
acct_01353,2,renewed,2026-03-22,1,,
acct_01353,3,renewed,2026-04-22,2,,
acct_01354,1,activated,2026-04-02,0,,
acct_01354,2,renewed,2026-05-02,1,,
acct_01355,1,activated,2026-01-18,0,,
acct_01355,2,renewed,2026-02-18,1,,
acct_01355,3,canceled,2026-03-18,2,voluntary,
acct_01356,1,activated,2026-03-07,0,,
acct_01356,2,canceled,2026-04-07,1,voluntary,
acct_01357,1,activated,2026-03-03,0,,
acct_01357,2,canceled,2026-03-03,0,day_zero,
acct_01358,1,activated,2026-03-17,0,,
acct_01358,2,renewed,2026-04-17,1,,
acct_01359,1,activated,2026-02-10,0,,
acct_01359,2,renewed,2026-03-10,1,,
acct_01359,3,renewed,2026-04-10,2,,
acct_01360,1,activated,2026-03-16,0,,
acct_01360,2,renewed,2026-04-16,1,,
acct_01361,1,activated,2026-02-26,0,,
acct_01361,2,renewed,2026-03-26,1,,
acct_01361,3,renewed,2026-04-26,2,,
acct_01362,1,activated,2026-03-12,0,,
acct_01362,2,renewed,2026-04-12,1,,
acct_01363,1,activated,2026-01-23,0,,
acct_01363,2,renewed,2026-02-23,1,,
acct_01363,3,canceled,2026-03-23,2,voluntary,
acct_01364,1,activated,2026-03-03,0,,
acct_01364,2,renewed,2026-04-03,1,,
acct_01364,3,canceled,2026-05-03,2,voluntary,
acct_01365,1,activated,2026-03-07,0,,
acct_01365,2,renewed,2026-04-07,1,,
acct_01366,1,activated,2026-02-15,0,,
acct_01366,2,renewed,2026-03-15,1,,
acct_01366,3,skipped,2026-04-15,2,,
acct_01367,1,activated,2026-02-08,0,,
acct_01367,2,renewed,2026-03-08,1,,
acct_01367,3,renewed,2026-04-08,2,,
acct_01368,1,activated,2026-02-13,0,,
acct_01368,2,renewed,2026-03-13,1,,
acct_01368,3,renewed,2026-04-13,2,,
acct_01369,1,activated,2026-02-24,0,,
acct_01369,2,canceled,2026-03-24,1,voluntary,
acct_01370,1,activated,2026-02-03,0,,
acct_01370,2,renewed,2026-03-03,1,,
acct_01370,3,renewed,2026-04-03,2,,
acct_01370,4,renewed,2026-05-03,3,,
acct_01371,1,activated,2026-04-13,0,,
acct_01372,1,activated,2026-02-28,0,,
acct_01372,2,canceled,2026-03-28,1,never_activated,
acct_01373,1,activated,2026-03-26,0,,
acct_01373,2,renewed,2026-04-26,1,,
acct_01374,1,activated,2026-04-20,0,,
acct_01374,2,canceled,2026-04-20,0,day_zero,
acct_01375,1,activated,2026-01-31,0,,
acct_01375,2,renewed,2026-02-28,1,,
acct_01375,3,renewed,2026-03-31,2,,
acct_01375,4,renewed,2026-04-30,3,,
acct_01376,1,activated,2026-03-14,0,,
acct_01376,2,skipped,2026-04-14,1,,
acct_01377,1,activated,2026-04-01,0,,
acct_01377,2,renewed,2026-05-01,1,,
acct_01378,1,activated,2026-03-13,0,,
acct_01378,2,canceled,2026-04-13,1,voluntary,
acct_01379,1,activated,2026-03-01,0,,
acct_01379,2,canceled,2026-04-01,1,voluntary,
acct_01380,1,activated,2026-03-02,0,,
acct_01380,2,renewed,2026-04-02,1,,
acct_01380,3,renewed,2026-05-02,2,,
acct_01381,1,activated,2026-01-22,0,,
acct_01381,2,paused,2026-02-22,1,,
acct_01381,3,resumed,2026-03-22,2,,
acct_01381,4,renewed,2026-03-22,2,,
acct_01381,5,renewed,2026-04-22,3,,
acct_01382,1,activated,2026-03-07,0,,
acct_01382,2,canceled,2026-04-07,1,never_activated,
acct_01383,1,activated,2026-04-29,0,,
acct_01384,1,activated,2026-04-16,0,,
acct_01385,1,activated,2026-01-23,0,,
acct_01385,2,renewed,2026-02-23,1,,
acct_01385,3,renewed,2026-03-23,2,,
acct_01385,4,paused,2026-04-23,3,,
acct_01386,1,activated,2026-03-18,0,,
acct_01386,2,renewed,2026-04-18,1,,
acct_01387,1,activated,2026-02-21,0,,
acct_01387,2,skipped,2026-03-21,1,,
acct_01387,3,renewed,2026-04-21,2,,
acct_01388,1,activated,2026-04-05,0,,
acct_01389,1,activated,2026-01-24,0,,
acct_01389,2,renewed,2026-02-24,1,,
acct_01389,3,renewed,2026-03-24,2,,
acct_01389,4,skipped,2026-04-24,3,,
acct_01390,1,activated,2026-04-11,0,,
acct_01391,1,activated,2026-03-29,0,,
acct_01391,2,canceled,2026-04-29,1,voluntary,
acct_01392,1,activated,2026-02-05,0,,
acct_01392,2,renewed,2026-03-05,1,,
acct_01392,3,renewed,2026-04-05,2,,
acct_01393,1,activated,2026-01-27,0,,
acct_01393,2,renewed,2026-02-27,1,,
acct_01393,3,renewed,2026-03-27,2,,
acct_01393,4,renewed,2026-04-27,3,,
acct_01394,1,activated,2026-03-28,0,,
acct_01394,2,skipped,2026-04-28,1,,
acct_01395,1,activated,2026-02-10,0,,
acct_01395,2,renewed,2026-03-10,1,,
acct_01395,3,renewed,2026-04-10,2,,
acct_01396,1,activated,2026-03-08,0,,
acct_01396,2,renewed,2026-04-08,1,,
acct_01397,1,activated,2026-04-07,0,,
acct_01398,1,activated,2026-03-09,0,,
acct_01398,2,canceled,2026-04-09,1,voluntary,
acct_01399,1,activated,2026-02-28,0,,
acct_01399,2,renewed,2026-03-28,1,,
acct_01399,3,canceled,2026-04-28,2,never_activated,
acct_01400,1,activated,2026-03-02,0,,
acct_01400,2,renewed,2026-04-02,1,,
acct_01400,3,skipped,2026-05-02,2,,
acct_01401,1,activated,2026-01-28,0,,
acct_01401,2,skipped,2026-02-28,1,,
acct_01401,3,renewed,2026-03-28,2,,
acct_01401,4,canceled,2026-04-28,3,voluntary,
acct_01402,1,activated,2026-04-19,0,,
acct_01403,1,activated,2026-02-22,0,,
acct_01403,2,renewed,2026-03-22,1,,
acct_01403,3,paused,2026-04-22,2,,
acct_01404,1,activated,2026-02-13,0,,
acct_01404,2,renewed,2026-03-13,1,,
acct_01404,3,renewed,2026-04-13,2,,
acct_01405,1,activated,2026-02-20,0,,
acct_01405,2,renewed,2026-03-20,1,,
acct_01405,3,renewed,2026-04-20,2,,
acct_01406,1,activated,2026-04-17,0,,
acct_01407,1,activated,2026-02-02,0,,
acct_01407,2,renewed,2026-03-02,1,,
acct_01407,3,renewed,2026-04-02,2,,
acct_01407,4,renewed,2026-05-02,3,,
acct_01408,1,activated,2026-04-01,0,,
acct_01408,2,renewed,2026-05-01,1,,
acct_01409,1,activated,2026-03-18,0,,
acct_01409,2,canceled,2026-04-18,1,never_activated,
acct_01410,1,activated,2026-03-28,0,,
acct_01410,2,canceled,2026-04-28,1,voluntary,
acct_01411,1,activated,2026-04-21,0,,
acct_01412,1,activated,2026-03-29,0,,
acct_01412,2,renewed,2026-04-29,1,,
acct_01413,1,activated,2026-04-12,0,,
acct_01414,1,activated,2026-02-07,0,,
acct_01414,2,canceled,2026-03-07,1,voluntary,
acct_01415,1,activated,2026-03-25,0,,
acct_01415,2,renewed,2026-04-25,1,,
acct_01416,1,activated,2026-03-08,0,,
acct_01416,2,canceled,2026-04-08,1,never_activated,
acct_01417,1,activated,2026-03-08,0,,
acct_01417,2,renewed,2026-04-08,1,,
acct_01418,1,activated,2026-04-05,0,,
acct_01419,1,activated,2026-04-20,0,,
acct_01420,1,activated,2026-03-18,0,,
acct_01420,2,renewed,2026-04-18,1,,
acct_01421,1,activated,2026-03-05,0,,
acct_01421,2,renewed,2026-04-05,1,,
acct_01422,1,activated,2026-03-03,0,,
acct_01422,2,renewed,2026-04-03,1,,
acct_01422,3,renewed,2026-05-03,2,,
acct_01423,1,activated,2026-02-27,0,,
acct_01423,2,renewed,2026-03-27,1,,
acct_01423,3,skipped,2026-04-27,2,,
acct_01424,1,activated,2026-02-25,0,,
acct_01424,2,canceled,2026-03-25,1,voluntary,
acct_01425,1,activated,2026-02-27,0,,
acct_01425,2,renewed,2026-03-27,1,,
acct_01425,3,renewed,2026-04-27,2,,
acct_01426,1,activated,2026-02-02,0,,
acct_01426,2,renewed,2026-03-02,1,,
acct_01426,3,renewed,2026-04-02,2,,
acct_01426,4,canceled,2026-05-02,3,never_activated,
acct_01427,1,activated,2026-01-31,0,,
acct_01427,2,renewed,2026-02-28,1,,
acct_01427,3,renewed,2026-03-31,2,,
acct_01427,4,renewed,2026-04-30,3,,
acct_01428,1,activated,2026-03-24,0,,
acct_01428,2,skipped,2026-04-24,1,,
acct_01429,1,activated,2026-03-02,0,,
acct_01429,2,renewed,2026-04-02,1,,
acct_01429,3,paused,2026-05-02,2,,
acct_01430,1,activated,2026-04-10,0,,
acct_01431,1,activated,2026-03-12,0,,
acct_01431,2,canceled,2026-04-12,1,voluntary,
acct_01432,1,activated,2026-01-21,0,,
acct_01432,2,canceled,2026-02-21,1,voluntary,
acct_01433,1,activated,2026-02-10,0,,
acct_01433,2,renewed,2026-03-10,1,,
acct_01433,3,renewed,2026-04-10,2,,
acct_01434,1,activated,2026-02-14,0,,
acct_01434,2,renewed,2026-03-14,1,,
acct_01434,3,renewed,2026-04-14,2,,
acct_01435,1,activated,2026-04-21,0,,
acct_01436,1,activated,2026-02-15,0,,
acct_01436,2,canceled,2026-03-15,1,voluntary,
acct_01437,1,activated,2026-03-06,0,,
acct_01437,2,canceled,2026-04-06,1,never_activated,
acct_01438,1,activated,2026-04-11,0,,
acct_01439,1,activated,2026-04-21,0,,
acct_01440,1,activated,2026-02-17,0,,
acct_01440,2,canceled,2026-03-17,1,voluntary,
acct_01441,1,activated,2026-01-25,0,,
acct_01441,2,canceled,2026-02-25,1,voluntary,
acct_01442,1,activated,2026-02-09,0,,
acct_01442,2,canceled,2026-03-09,1,voluntary,
acct_01443,1,activated,2026-01-28,0,,
acct_01443,2,renewed,2026-02-28,1,,
acct_01443,3,renewed,2026-03-28,2,,
acct_01443,4,renewed,2026-04-28,3,,
acct_01444,1,activated,2026-02-13,0,,
acct_01444,2,renewed,2026-03-13,1,,
acct_01444,3,renewed,2026-04-13,2,,
acct_01445,1,activated,2026-03-09,0,,
acct_01445,2,renewed,2026-04-09,1,,
acct_01446,1,activated,2026-04-07,0,,
acct_01447,1,activated,2026-03-08,0,,
acct_01447,2,renewed,2026-04-08,1,,
acct_01448,1,activated,2026-03-13,0,,
acct_01448,2,renewed,2026-04-13,1,,
acct_01449,1,activated,2026-02-14,0,,
acct_01449,2,renewed,2026-03-14,1,,
acct_01449,3,canceled,2026-04-14,2,voluntary,
acct_01450,1,activated,2026-03-25,0,,
acct_01450,2,renewed,2026-04-25,1,,
acct_01451,1,activated,2026-03-12,0,,
acct_01451,2,renewed,2026-04-12,1,,
acct_01452,1,activated,2026-03-31,0,,
acct_01452,2,renewed,2026-04-30,1,,
acct_01453,1,activated,2026-04-14,0,,
acct_01454,1,activated,2026-02-24,0,,
acct_01454,2,renewed,2026-03-24,1,,
acct_01454,3,renewed,2026-04-24,2,,
acct_01455,1,activated,2026-02-02,0,,
acct_01455,2,paused,2026-03-02,1,,
acct_01455,3,resumed,2026-04-02,2,,
acct_01455,4,renewed,2026-04-02,2,,
acct_01455,5,renewed,2026-05-02,3,,
acct_01456,1,activated,2026-02-16,0,,
acct_01456,2,renewed,2026-03-16,1,,
acct_01456,3,canceled,2026-04-16,2,voluntary,
acct_01457,1,activated,2026-03-02,0,,
acct_01457,2,tier_changed,2026-04-02,1,upgrade,medium
acct_01457,3,renewed,2026-04-02,1,,
acct_01457,4,renewed,2026-05-02,2,,
acct_01458,1,activated,2026-04-13,0,,
acct_01459,1,activated,2026-02-26,0,,
acct_01459,2,renewed,2026-03-26,1,,
acct_01459,3,renewed,2026-04-26,2,,
acct_01460,1,activated,2026-03-23,0,,
acct_01460,2,renewed,2026-04-23,1,,
acct_01461,1,activated,2026-03-08,0,,
acct_01461,2,tier_changed,2026-04-08,1,upgrade,large
acct_01461,3,renewed,2026-04-08,1,,
acct_01462,1,activated,2026-02-12,0,,
acct_01462,2,renewed,2026-03-12,1,,
acct_01462,3,renewed,2026-04-12,2,,
acct_01463,1,activated,2026-02-23,0,,
acct_01463,2,renewed,2026-03-23,1,,
acct_01463,3,renewed,2026-04-23,2,,
acct_01464,1,activated,2026-03-15,0,,
acct_01464,2,canceled,2026-04-15,1,voluntary,
acct_01465,1,activated,2026-03-16,0,,
acct_01465,2,renewed,2026-04-16,1,,
acct_01466,1,activated,2026-03-02,0,,
acct_01466,2,renewed,2026-04-02,1,,
acct_01466,3,renewed,2026-05-02,2,,
acct_01467,1,activated,2026-02-16,0,,
acct_01467,2,renewed,2026-03-16,1,,
acct_01467,3,canceled,2026-04-16,2,voluntary,
acct_01468,1,activated,2026-03-19,0,,
acct_01468,2,renewed,2026-04-19,1,,
acct_01469,1,activated,2026-02-11,0,,
acct_01469,2,renewed,2026-03-11,1,,
acct_01469,3,renewed,2026-04-11,2,,
acct_01470,1,activated,2026-04-11,0,,
acct_01471,1,activated,2026-02-13,0,,
acct_01471,2,renewed,2026-03-13,1,,
acct_01471,3,renewed,2026-04-13,2,,
acct_01472,1,activated,2026-02-04,0,,
acct_01472,2,renewed,2026-03-04,1,,
acct_01472,3,renewed,2026-04-04,2,,
acct_01473,1,activated,2026-03-05,0,,
acct_01473,2,canceled,2026-04-05,1,never_activated,
acct_01474,1,activated,2026-03-07,0,,
acct_01474,2,renewed,2026-04-07,1,,
acct_01475,1,activated,2026-03-06,0,,
acct_01475,2,renewed,2026-04-06,1,,
acct_01476,1,activated,2026-03-02,0,,
acct_01476,2,renewed,2026-04-02,1,,
acct_01476,3,canceled,2026-05-02,2,voluntary,
acct_01477,1,activated,2026-04-29,0,,
acct_01478,1,activated,2026-03-05,0,,
acct_01478,2,canceled,2026-04-05,1,never_activated,
acct_01479,1,activated,2026-03-04,0,,
acct_01479,2,canceled,2026-04-04,1,voluntary,
acct_01480,1,activated,2026-03-01,0,,
acct_01480,2,renewed,2026-04-01,1,,
acct_01480,3,renewed,2026-05-01,2,,
acct_01481,1,activated,2026-01-29,0,,
acct_01481,2,renewed,2026-02-28,1,,
acct_01481,3,renewed,2026-03-29,2,,
acct_01481,4,renewed,2026-04-29,3,,
acct_01482,1,activated,2026-03-11,0,,
acct_01482,2,paused,2026-04-11,1,,
acct_01483,1,activated,2026-02-16,0,,
acct_01483,2,renewed,2026-03-16,1,,
acct_01483,3,renewed,2026-04-16,2,,
acct_01484,1,activated,2026-03-14,0,,
acct_01484,2,canceled,2026-04-14,1,voluntary,
acct_01485,1,activated,2026-01-25,0,,
acct_01485,2,renewed,2026-02-25,1,,
acct_01485,3,canceled,2026-03-25,2,never_activated,
acct_01486,1,activated,2026-04-23,0,,
acct_01487,1,activated,2026-03-04,0,,
acct_01487,2,renewed,2026-04-04,1,,
acct_01488,1,activated,2026-04-05,0,,
acct_01489,1,activated,2026-03-04,0,,
acct_01489,2,renewed,2026-04-04,1,,
acct_01490,1,activated,2026-01-27,0,,
acct_01490,2,renewed,2026-02-27,1,,
acct_01490,3,renewed,2026-03-27,2,,
acct_01490,4,renewed,2026-04-27,3,,
acct_01491,1,activated,2026-03-27,0,,
acct_01491,2,renewed,2026-04-27,1,,
acct_01492,1,activated,2026-03-14,0,,
acct_01492,2,canceled,2026-04-14,1,voluntary,
acct_01493,1,activated,2026-03-24,0,,
acct_01493,2,renewed,2026-04-24,1,,
acct_01494,1,activated,2026-03-01,0,,
acct_01494,2,skipped,2026-04-01,1,,
acct_01494,3,renewed,2026-05-01,2,,
acct_01495,1,activated,2026-03-14,0,,
acct_01495,2,skipped,2026-04-14,1,,
acct_01496,1,activated,2026-03-31,0,,
acct_01496,2,skipped,2026-04-30,1,,
acct_01497,1,activated,2026-03-13,0,,
acct_01497,2,renewed,2026-04-13,1,,
acct_01498,1,activated,2026-02-24,0,,
acct_01498,2,skipped,2026-03-24,1,,
acct_01498,3,renewed,2026-04-24,2,,
acct_01499,1,activated,2026-03-15,0,,
acct_01499,2,renewed,2026-04-15,1,,
acct_01500,1,activated,2026-03-16,0,,
acct_01500,2,renewed,2026-04-16,1,,
acct_01501,1,activated,2026-04-16,0,,
acct_01502,1,activated,2026-02-26,0,,
acct_01502,2,renewed,2026-03-26,1,,
acct_01502,3,renewed,2026-04-26,2,,
acct_01503,1,activated,2026-03-01,0,,
acct_01503,2,canceled,2026-04-01,1,voluntary,
acct_01504,1,activated,2026-03-26,0,,
acct_01504,2,canceled,2026-04-26,1,never_activated,
acct_01505,1,activated,2026-03-06,0,,
acct_01505,2,renewed,2026-04-06,1,,
acct_01506,1,activated,2026-03-20,0,,
acct_01506,2,canceled,2026-04-20,1,never_activated,
acct_01507,1,activated,2026-03-03,0,,
acct_01507,2,renewed,2026-04-03,1,,
acct_01507,3,renewed,2026-05-03,2,,
acct_01508,1,activated,2026-02-15,0,,
acct_01508,2,renewed,2026-03-15,1,,
acct_01508,3,renewed,2026-04-15,2,,
acct_01509,1,activated,2026-03-21,0,,
acct_01509,2,canceled,2026-04-21,1,voluntary,
acct_01510,1,activated,2026-02-07,0,,
acct_01510,2,canceled,2026-03-07,1,voluntary,
acct_01511,1,activated,2026-02-14,0,,
acct_01511,2,renewed,2026-03-14,1,,
acct_01511,3,renewed,2026-04-14,2,,
acct_01512,1,activated,2026-03-13,0,,
acct_01512,2,renewed,2026-04-13,1,,
acct_01513,1,activated,2026-03-21,0,,
acct_01513,2,paused,2026-04-21,1,,
acct_01514,1,activated,2026-04-04,0,,
acct_01515,1,activated,2026-02-19,0,,
acct_01515,2,renewed,2026-03-19,1,,
acct_01515,3,renewed,2026-04-19,2,,
acct_01516,1,activated,2026-02-04,0,,
acct_01516,2,renewed,2026-03-04,1,,
acct_01516,3,renewed,2026-04-04,2,,
acct_01517,1,activated,2026-04-15,0,,
acct_01518,1,activated,2026-02-10,0,,
acct_01518,2,renewed,2026-03-10,1,,
acct_01518,3,renewed,2026-04-10,2,,
acct_01519,1,activated,2026-02-14,0,,
acct_01519,2,renewed,2026-03-14,1,,
acct_01519,3,renewed,2026-04-14,2,,
acct_01520,1,activated,2026-02-21,0,,
acct_01520,2,renewed,2026-03-21,1,,
acct_01520,3,renewed,2026-04-21,2,,
acct_01521,1,activated,2026-03-07,0,,
acct_01521,2,canceled,2026-04-07,1,voluntary,
acct_01522,1,activated,2026-04-03,0,,
acct_01522,2,renewed,2026-05-03,1,,
acct_01523,1,activated,2026-03-22,0,,
acct_01523,2,renewed,2026-04-22,1,,
acct_01524,1,activated,2026-03-18,0,,
acct_01524,2,canceled,2026-04-18,1,voluntary,
acct_01525,1,activated,2026-02-12,0,,
acct_01525,2,renewed,2026-03-12,1,,
acct_01525,3,renewed,2026-04-12,2,,
acct_01526,1,activated,2026-02-25,0,,
acct_01526,2,canceled,2026-03-25,1,voluntary,
acct_01527,1,activated,2026-03-04,0,,
acct_01527,2,canceled,2026-04-04,1,voluntary,
acct_01528,1,activated,2026-02-09,0,,
acct_01528,2,canceled,2026-03-09,1,voluntary,
acct_01529,1,activated,2026-02-20,0,,
acct_01529,2,renewed,2026-03-20,1,,
acct_01529,3,renewed,2026-04-20,2,,
acct_01530,1,activated,2026-02-22,0,,
acct_01530,2,renewed,2026-03-22,1,,
acct_01530,3,renewed,2026-04-22,2,,
acct_01531,1,activated,2026-02-07,0,,
acct_01531,2,renewed,2026-03-07,1,,
acct_01531,3,canceled,2026-04-07,2,voluntary,
acct_01532,1,activated,2026-03-08,0,,
acct_01532,2,renewed,2026-04-08,1,,
acct_01533,1,activated,2026-03-18,0,,
acct_01533,2,paused,2026-04-18,1,,
acct_01534,1,activated,2026-01-29,0,,
acct_01534,2,canceled,2026-02-28,1,voluntary,
acct_01535,1,activated,2026-03-04,0,,
acct_01535,2,canceled,2026-04-04,1,voluntary,
acct_01536,1,activated,2026-03-24,0,,
acct_01536,2,canceled,2026-04-24,1,voluntary,
acct_01537,1,activated,2026-03-21,0,,
acct_01537,2,renewed,2026-04-21,1,,
acct_01538,1,activated,2026-03-27,0,,
acct_01538,2,renewed,2026-04-27,1,,
acct_01539,1,activated,2026-03-03,0,,
acct_01539,2,renewed,2026-04-03,1,,
acct_01539,3,skipped,2026-05-03,2,,
acct_01540,1,activated,2026-03-27,0,,
acct_01540,2,renewed,2026-04-27,1,,
acct_01541,1,activated,2026-02-17,0,,
acct_01541,2,renewed,2026-03-17,1,,
acct_01541,3,renewed,2026-04-17,2,,
acct_01542,1,activated,2026-02-25,0,,
acct_01542,2,renewed,2026-03-25,1,,
acct_01542,3,renewed,2026-04-25,2,,
acct_01543,1,activated,2026-02-12,0,,
acct_01543,2,canceled,2026-03-12,1,voluntary,
acct_01544,1,activated,2026-03-04,0,,
acct_01544,2,renewed,2026-04-04,1,,
acct_01545,1,activated,2026-02-27,0,,
acct_01545,2,renewed,2026-03-27,1,,
acct_01545,3,renewed,2026-04-27,2,,
acct_01546,1,activated,2026-02-17,0,,
acct_01546,2,skipped,2026-03-17,1,,
acct_01546,3,renewed,2026-04-17,2,,
acct_01547,1,activated,2026-03-21,0,,
acct_01547,2,paused,2026-04-21,1,,
acct_01548,1,activated,2026-02-22,0,,
acct_01548,2,renewed,2026-03-22,1,,
acct_01548,3,renewed,2026-04-22,2,,
acct_01549,1,activated,2026-02-19,0,,
acct_01549,2,canceled,2026-03-19,1,voluntary,
acct_01550,1,activated,2026-02-07,0,,
acct_01550,2,tier_changed,2026-03-07,1,upgrade,medium
acct_01550,3,renewed,2026-03-07,1,,
acct_01550,4,canceled,2026-04-07,2,never_activated,
acct_01551,1,activated,2026-03-02,0,,
acct_01551,2,renewed,2026-04-02,1,,
acct_01551,3,renewed,2026-05-02,2,,
acct_01552,1,activated,2026-02-22,0,,
acct_01552,2,renewed,2026-03-22,1,,
acct_01552,3,renewed,2026-04-22,2,,
acct_01553,1,activated,2026-02-26,0,,
acct_01553,2,renewed,2026-03-26,1,,
acct_01553,3,renewed,2026-04-26,2,,
acct_01554,1,activated,2026-02-17,0,,
acct_01554,2,renewed,2026-03-17,1,,
acct_01554,3,renewed,2026-04-17,2,,
acct_01555,1,activated,2026-03-22,0,,
acct_01555,2,renewed,2026-04-22,1,,
acct_01556,1,activated,2026-04-10,0,,
acct_01557,1,activated,2026-03-05,0,,
acct_01557,2,skipped,2026-04-05,1,,
acct_01558,1,activated,2026-03-14,0,,
acct_01558,2,renewed,2026-04-14,1,,
acct_01559,1,activated,2026-04-01,0,,
acct_01559,2,renewed,2026-05-01,1,,
acct_01560,1,activated,2026-05-02,0,,
acct_01561,1,activated,2026-03-12,0,,
acct_01561,2,renewed,2026-04-12,1,,
acct_01562,1,activated,2026-04-04,0,,
acct_01563,1,activated,2026-04-06,0,,
acct_01564,1,activated,2026-03-24,0,,
acct_01564,2,renewed,2026-04-24,1,,
acct_01565,1,activated,2026-03-03,0,,
acct_01565,2,renewed,2026-04-03,1,,
acct_01565,3,renewed,2026-05-03,2,,
acct_01566,1,activated,2026-01-31,0,,
acct_01566,2,canceled,2026-02-28,1,voluntary,
acct_01567,1,activated,2026-01-15,0,,
acct_01567,2,skipped,2026-02-15,1,,
acct_01567,3,renewed,2026-03-15,2,,
acct_01567,4,renewed,2026-04-15,3,,
acct_01568,1,activated,2026-03-04,0,,
acct_01568,2,canceled,2026-04-04,1,voluntary,
acct_01569,1,activated,2026-03-05,0,,
acct_01569,2,canceled,2026-04-05,1,voluntary,
acct_01570,1,activated,2026-02-28,0,,
acct_01570,2,renewed,2026-03-28,1,,
acct_01570,3,renewed,2026-04-28,2,,
acct_01571,1,activated,2026-03-09,0,,
acct_01571,2,renewed,2026-04-09,1,,
acct_01572,1,activated,2026-03-09,0,,
acct_01572,2,canceled,2026-04-09,1,never_activated,
acct_01573,1,activated,2026-03-29,0,,
acct_01573,2,renewed,2026-04-29,1,,
acct_01574,1,activated,2026-02-04,0,,
acct_01574,2,renewed,2026-03-04,1,,
acct_01574,3,skipped,2026-04-04,2,,
acct_01575,1,activated,2026-02-16,0,,
acct_01575,2,renewed,2026-03-16,1,,
acct_01575,3,renewed,2026-04-16,2,,
acct_01576,1,activated,2026-03-25,0,,
acct_01576,2,canceled,2026-04-25,1,never_activated,
acct_01577,1,activated,2026-03-30,0,,
acct_01577,2,renewed,2026-04-30,1,,
acct_01578,1,activated,2026-04-29,0,,
acct_01579,1,activated,2026-04-01,0,,
acct_01579,2,renewed,2026-05-01,1,,
acct_01580,1,activated,2026-04-04,0,,
acct_01581,1,activated,2026-02-22,0,,
acct_01581,2,canceled,2026-03-22,1,voluntary,
acct_01582,1,activated,2026-02-28,0,,
acct_01582,2,canceled,2026-03-28,1,never_activated,
acct_01583,1,activated,2026-02-19,0,,
acct_01583,2,canceled,2026-03-19,1,never_activated,
acct_01584,1,activated,2026-03-12,0,,
acct_01584,2,renewed,2026-04-12,1,,
acct_01585,1,activated,2026-04-11,0,,
acct_01586,1,activated,2026-02-24,0,,
acct_01586,2,canceled,2026-03-24,1,voluntary,
acct_01587,1,activated,2026-03-09,0,,
acct_01587,2,canceled,2026-04-09,1,never_activated,
acct_01588,1,activated,2026-02-21,0,,
acct_01588,2,canceled,2026-03-21,1,voluntary,
acct_01589,1,activated,2026-02-11,0,,
acct_01589,2,renewed,2026-03-11,1,,
acct_01589,3,renewed,2026-04-11,2,,
acct_01590,1,activated,2026-02-13,0,,
acct_01590,2,canceled,2026-02-13,0,day_zero,
acct_01591,1,activated,2026-01-27,0,,
acct_01591,2,renewed,2026-02-27,1,,
acct_01591,3,renewed,2026-03-27,2,,
acct_01591,4,renewed,2026-04-27,3,,
acct_01592,1,activated,2026-04-14,0,,
acct_01593,1,activated,2026-02-28,0,,
acct_01593,2,renewed,2026-03-28,1,,
acct_01593,3,renewed,2026-04-28,2,,
acct_01594,1,activated,2026-03-28,0,,
acct_01594,2,renewed,2026-04-28,1,,
acct_01595,1,activated,2026-03-16,0,,
acct_01595,2,canceled,2026-04-16,1,voluntary,
acct_01596,1,activated,2026-02-13,0,,
acct_01596,2,renewed,2026-03-13,1,,
acct_01596,3,tier_changed,2026-04-13,2,upgrade,large
acct_01596,4,renewed,2026-04-13,2,,
acct_01597,1,activated,2026-02-12,0,,
acct_01597,2,canceled,2026-03-12,1,voluntary,
acct_01598,1,activated,2026-03-26,0,,
acct_01598,2,renewed,2026-04-26,1,,
acct_01599,1,activated,2026-02-19,0,,
acct_01599,2,renewed,2026-03-19,1,,
acct_01599,3,renewed,2026-04-19,2,,
acct_01600,1,activated,2026-04-07,0,,
acct_01601,1,activated,2026-02-08,0,,
acct_01601,2,canceled,2026-03-08,1,voluntary,
acct_01602,1,activated,2026-03-16,0,,
acct_01602,2,canceled,2026-04-16,1,never_activated,
acct_01603,1,activated,2026-03-26,0,,
acct_01603,2,paused,2026-04-26,1,,
acct_01604,1,activated,2026-02-17,0,,
acct_01604,2,canceled,2026-03-17,1,voluntary,
acct_01605,1,activated,2026-02-20,0,,
acct_01605,2,renewed,2026-03-20,1,,
acct_01605,3,renewed,2026-04-20,2,,
acct_01606,1,activated,2026-04-17,0,,
acct_01607,1,activated,2026-02-19,0,,
acct_01607,2,skipped,2026-03-19,1,,
acct_01607,3,renewed,2026-04-19,2,,
acct_01608,1,activated,2026-03-01,0,,
acct_01608,2,renewed,2026-04-01,1,,
acct_01608,3,renewed,2026-05-01,2,,
acct_01609,1,activated,2026-03-02,0,,
acct_01609,2,renewed,2026-04-02,1,,
acct_01609,3,renewed,2026-05-02,2,,
acct_01610,1,activated,2026-02-18,0,,
acct_01610,2,renewed,2026-03-18,1,,
acct_01610,3,renewed,2026-04-18,2,,
acct_01611,1,activated,2026-03-23,0,,
acct_01611,2,renewed,2026-04-23,1,,
acct_01612,1,activated,2026-03-23,0,,
acct_01612,2,renewed,2026-04-23,1,,
acct_01613,1,activated,2026-02-26,0,,
acct_01613,2,canceled,2026-03-26,1,voluntary,
acct_01614,1,activated,2026-03-28,0,,
acct_01614,2,canceled,2026-04-28,1,voluntary,
acct_01615,1,activated,2026-02-15,0,,
acct_01615,2,renewed,2026-03-15,1,,
acct_01615,3,renewed,2026-04-15,2,,
acct_01616,1,activated,2026-01-09,0,,
acct_01616,2,canceled,2026-02-09,1,never_activated,
acct_01617,1,activated,2026-03-10,0,,
acct_01617,2,renewed,2026-04-10,1,,
acct_01618,1,activated,2026-04-29,0,,
acct_01619,1,activated,2026-01-22,0,,
acct_01619,2,skipped,2026-02-22,1,,
acct_01619,3,skipped,2026-03-22,2,,
acct_01619,4,renewed,2026-04-22,3,,
acct_01620,1,activated,2026-02-14,0,,
acct_01620,2,tier_changed,2026-03-14,1,upgrade,medium
acct_01620,3,renewed,2026-03-14,1,,
acct_01620,4,skipped,2026-04-14,2,,
acct_01621,1,activated,2026-03-07,0,,
acct_01621,2,renewed,2026-04-07,1,,
acct_01622,1,activated,2026-03-26,0,,
acct_01622,2,renewed,2026-04-26,1,,
acct_01623,1,activated,2026-02-01,0,,
acct_01623,2,canceled,2026-03-01,1,voluntary,
acct_01624,1,activated,2026-02-27,0,,
acct_01624,2,renewed,2026-03-27,1,,
acct_01624,3,renewed,2026-04-27,2,,
acct_01625,1,activated,2026-03-21,0,,
acct_01625,2,canceled,2026-04-21,1,voluntary,
acct_01626,1,activated,2026-02-26,0,,
acct_01626,2,tier_changed,2026-03-26,1,upgrade,large
acct_01626,3,renewed,2026-03-26,1,,
acct_01626,4,renewed,2026-04-26,2,,
acct_01627,1,activated,2026-02-13,0,,
acct_01627,2,renewed,2026-03-13,1,,
acct_01627,3,renewed,2026-04-13,2,,
acct_01628,1,activated,2026-02-13,0,,
acct_01628,2,skipped,2026-03-13,1,,
acct_01628,3,renewed,2026-04-13,2,,
acct_01629,1,activated,2026-02-28,0,,
acct_01629,2,canceled,2026-03-28,1,voluntary,
acct_01630,1,activated,2026-03-04,0,,
acct_01630,2,renewed,2026-04-04,1,,
acct_01631,1,activated,2026-03-31,0,,
acct_01631,2,renewed,2026-04-30,1,,
acct_01632,1,activated,2026-03-14,0,,
acct_01632,2,skipped,2026-04-14,1,,
acct_01633,1,activated,2026-03-17,0,,
acct_01633,2,renewed,2026-04-17,1,,
acct_01634,1,activated,2026-04-24,0,,
acct_01635,1,activated,2026-02-28,0,,
acct_01635,2,renewed,2026-03-28,1,,
acct_01635,3,renewed,2026-04-28,2,,
acct_01636,1,activated,2026-02-28,0,,
acct_01636,2,renewed,2026-03-28,1,,
acct_01636,3,skipped,2026-04-28,2,,
acct_01637,1,activated,2026-04-09,0,,
acct_01638,1,activated,2026-02-18,0,,
acct_01638,2,paused,2026-03-18,1,,
acct_01639,1,activated,2026-03-20,0,,
acct_01639,2,renewed,2026-04-20,1,,
acct_01640,1,activated,2026-03-22,0,,
acct_01640,2,renewed,2026-04-22,1,,
acct_01641,1,activated,2026-02-03,0,,
acct_01641,2,renewed,2026-03-03,1,,
acct_01641,3,paused,2026-04-03,2,,
acct_01642,1,activated,2026-03-04,0,,
acct_01642,2,canceled,2026-04-04,1,voluntary,
acct_01643,1,activated,2026-02-14,0,,
acct_01643,2,renewed,2026-03-14,1,,
acct_01643,3,renewed,2026-04-14,2,,
acct_01644,1,activated,2026-02-13,0,,
acct_01644,2,renewed,2026-03-13,1,,
acct_01644,3,renewed,2026-04-13,2,,
acct_01645,1,activated,2026-03-03,0,,
acct_01645,2,renewed,2026-04-03,1,,
acct_01645,3,tier_changed,2026-05-03,2,downgrade,medium
acct_01645,4,renewed,2026-05-03,2,,
acct_01646,1,activated,2026-02-21,0,,
acct_01646,2,renewed,2026-03-21,1,,
acct_01646,3,renewed,2026-04-21,2,,
acct_01647,1,activated,2026-03-25,0,,
acct_01647,2,renewed,2026-04-25,1,,
acct_01648,1,activated,2026-04-06,0,,
acct_01649,1,activated,2026-03-25,0,,
acct_01649,2,renewed,2026-04-25,1,,
acct_01650,1,activated,2026-02-19,0,,
acct_01650,2,renewed,2026-03-19,1,,
acct_01650,3,renewed,2026-04-19,2,,
acct_01651,1,activated,2026-02-20,0,,
acct_01651,2,renewed,2026-03-20,1,,
acct_01651,3,canceled,2026-04-20,2,never_activated,
acct_01652,1,activated,2026-02-18,0,,
acct_01652,2,renewed,2026-03-18,1,,
acct_01652,3,paused,2026-04-18,2,,
acct_01653,1,activated,2026-02-07,0,,
acct_01653,2,renewed,2026-03-07,1,,
acct_01653,3,renewed,2026-04-07,2,,
acct_01654,1,activated,2026-04-12,0,,
acct_01655,1,activated,2026-02-28,0,,
acct_01655,2,canceled,2026-03-28,1,voluntary,
acct_01656,1,activated,2026-02-16,0,,
acct_01656,2,renewed,2026-03-16,1,,
acct_01656,3,renewed,2026-04-16,2,,
acct_01657,1,activated,2026-03-30,0,,
acct_01657,2,renewed,2026-04-30,1,,
acct_01658,1,activated,2026-02-28,0,,
acct_01658,2,renewed,2026-03-28,1,,
acct_01658,3,renewed,2026-04-28,2,,
acct_01659,1,activated,2026-01-21,0,,
acct_01659,2,renewed,2026-02-21,1,,
acct_01659,3,renewed,2026-03-21,2,,
acct_01659,4,canceled,2026-04-21,3,voluntary,
acct_01660,1,activated,2026-02-10,0,,
acct_01660,2,skipped,2026-03-10,1,,
acct_01660,3,skipped,2026-04-10,2,,
acct_01661,1,activated,2026-03-14,0,,
acct_01661,2,renewed,2026-04-14,1,,
acct_01662,1,activated,2026-03-24,0,,
acct_01662,2,canceled,2026-04-24,1,voluntary,
acct_01663,1,activated,2026-02-15,0,,
acct_01663,2,renewed,2026-03-15,1,,
acct_01663,3,canceled,2026-04-15,2,never_activated,
acct_01664,1,activated,2026-04-08,0,,
acct_01665,1,activated,2026-03-30,0,,
acct_01665,2,canceled,2026-04-30,1,voluntary,
acct_01666,1,activated,2026-03-30,0,,
acct_01666,2,renewed,2026-04-30,1,,
acct_01667,1,activated,2026-02-16,0,,
acct_01667,2,canceled,2026-03-16,1,voluntary,
acct_01668,1,activated,2026-01-25,0,,
acct_01668,2,canceled,2026-02-25,1,voluntary,
acct_01669,1,activated,2026-04-01,0,,
acct_01669,2,canceled,2026-05-01,1,voluntary,
acct_01670,1,activated,2026-02-22,0,,
acct_01670,2,renewed,2026-03-22,1,,
acct_01670,3,canceled,2026-04-22,2,voluntary,
acct_01671,1,activated,2026-03-12,0,,
acct_01671,2,renewed,2026-04-12,1,,
acct_01672,1,activated,2026-03-22,0,,
acct_01672,2,renewed,2026-04-22,1,,
acct_01673,1,activated,2026-02-07,0,,
acct_01673,2,renewed,2026-03-07,1,,
acct_01673,3,canceled,2026-04-07,2,voluntary,
acct_01674,1,activated,2026-03-24,0,,
acct_01674,2,renewed,2026-04-24,1,,
acct_01675,1,activated,2026-04-11,0,,
acct_01676,1,activated,2026-03-20,0,,
acct_01676,2,canceled,2026-04-20,1,voluntary,
acct_01677,1,activated,2026-03-02,0,,
acct_01677,2,renewed,2026-04-02,1,,
acct_01677,3,skipped,2026-05-02,2,,
acct_01678,1,activated,2026-04-02,0,,
acct_01678,2,renewed,2026-05-02,1,,
acct_01679,1,activated,2026-03-07,0,,
acct_01679,2,renewed,2026-04-07,1,,
acct_01680,1,activated,2026-03-21,0,,
acct_01680,2,renewed,2026-04-21,1,,
acct_01681,1,activated,2026-03-27,0,,
acct_01681,2,renewed,2026-04-27,1,,
acct_01682,1,activated,2026-03-21,0,,
acct_01682,2,canceled,2026-04-21,1,voluntary,
acct_01683,1,activated,2026-02-21,0,,
acct_01683,2,renewed,2026-03-21,1,,
acct_01683,3,renewed,2026-04-21,2,,
acct_01684,1,activated,2026-02-05,0,,
acct_01684,2,renewed,2026-03-05,1,,
acct_01684,3,renewed,2026-04-05,2,,
acct_01685,1,activated,2026-02-17,0,,
acct_01685,2,renewed,2026-03-17,1,,
acct_01685,3,renewed,2026-04-17,2,,
acct_01686,1,activated,2026-03-06,0,,
acct_01686,2,renewed,2026-04-06,1,,
acct_01687,1,activated,2026-03-06,0,,
acct_01687,2,renewed,2026-04-06,1,,
acct_01688,1,activated,2026-03-10,0,,
acct_01688,2,renewed,2026-04-10,1,,
acct_01689,1,activated,2026-02-27,0,,
acct_01689,2,renewed,2026-03-27,1,,
acct_01689,3,renewed,2026-04-27,2,,
acct_01690,1,activated,2026-03-24,0,,
acct_01690,2,renewed,2026-04-24,1,,
acct_01691,1,activated,2026-04-07,0,,
acct_01692,1,activated,2026-02-18,0,,
acct_01692,2,renewed,2026-03-18,1,,
acct_01692,3,renewed,2026-04-18,2,,
acct_01693,1,activated,2026-03-20,0,,
acct_01693,2,renewed,2026-04-20,1,,
acct_01694,1,activated,2026-03-16,0,,
acct_01694,2,canceled,2026-04-16,1,voluntary,
acct_01695,1,activated,2026-03-07,0,,
acct_01695,2,renewed,2026-04-07,1,,
acct_01696,1,activated,2026-02-13,0,,
acct_01696,2,canceled,2026-03-13,1,voluntary,
acct_01697,1,activated,2026-03-25,0,,
acct_01697,2,canceled,2026-04-25,1,voluntary,
acct_01698,1,activated,2026-04-16,0,,
acct_01699,1,activated,2026-03-19,0,,
acct_01699,2,renewed,2026-04-19,1,,
acct_01700,1,activated,2026-04-08,0,,
acct_01701,1,activated,2026-04-24,0,,
acct_01702,1,activated,2026-02-25,0,,
acct_01702,2,renewed,2026-03-25,1,,
acct_01702,3,renewed,2026-04-25,2,,
acct_01703,1,activated,2026-03-14,0,,
acct_01703,2,canceled,2026-04-14,1,voluntary,
acct_01704,1,activated,2026-03-04,0,,
acct_01704,2,canceled,2026-04-04,1,voluntary,
acct_01705,1,activated,2026-04-25,0,,
acct_01706,1,activated,2026-02-02,0,,
acct_01706,2,renewed,2026-03-02,1,,
acct_01706,3,renewed,2026-04-02,2,,
acct_01706,4,renewed,2026-05-02,3,,
acct_01707,1,activated,2026-02-28,0,,
acct_01707,2,renewed,2026-03-28,1,,
acct_01707,3,renewed,2026-04-28,2,,
acct_01708,1,activated,2026-04-02,0,,
acct_01708,2,paused,2026-05-02,1,,
acct_01709,1,activated,2026-02-20,0,,
acct_01709,2,renewed,2026-03-20,1,,
acct_01709,3,tier_changed,2026-04-20,2,upgrade,large
acct_01709,4,renewed,2026-04-20,2,,
acct_01710,1,activated,2026-03-24,0,,
acct_01710,2,renewed,2026-04-24,1,,
acct_01711,1,activated,2026-02-27,0,,
acct_01711,2,canceled,2026-03-27,1,never_activated,
acct_01712,1,activated,2026-04-22,0,,
acct_01713,1,activated,2026-04-03,0,,
acct_01713,2,skipped,2026-05-03,1,,
acct_01714,1,activated,2026-02-21,0,,
acct_01714,2,renewed,2026-03-21,1,,
acct_01714,3,renewed,2026-04-21,2,,
acct_01715,1,activated,2026-03-23,0,,
acct_01715,2,renewed,2026-04-23,1,,
acct_01716,1,activated,2026-02-24,0,,
acct_01716,2,renewed,2026-03-24,1,,
acct_01716,3,renewed,2026-04-24,2,,
acct_01717,1,activated,2026-03-12,0,,
acct_01717,2,renewed,2026-04-12,1,,
acct_01718,1,activated,2026-03-15,0,,
acct_01718,2,renewed,2026-04-15,1,,
acct_01719,1,activated,2026-03-28,0,,
acct_01719,2,renewed,2026-04-28,1,,
acct_01720,1,activated,2026-01-18,0,,
acct_01720,2,renewed,2026-02-18,1,,
acct_01720,3,renewed,2026-03-18,2,,
acct_01720,4,renewed,2026-04-18,3,,
acct_01721,1,activated,2026-02-15,0,,
acct_01721,2,renewed,2026-03-15,1,,
acct_01721,3,renewed,2026-04-15,2,,
acct_01722,1,activated,2026-03-18,0,,
acct_01722,2,canceled,2026-04-18,1,never_activated,
acct_01723,1,activated,2026-03-09,0,,
acct_01723,2,renewed,2026-04-09,1,,
acct_01724,1,activated,2026-03-05,0,,
acct_01724,2,canceled,2026-04-05,1,voluntary,
acct_01725,1,activated,2026-01-26,0,,
acct_01725,2,canceled,2026-02-26,1,never_activated,
acct_01726,1,activated,2026-02-25,0,,
acct_01726,2,renewed,2026-03-25,1,,
acct_01726,3,renewed,2026-04-25,2,,
acct_01727,1,activated,2026-04-01,0,,
acct_01727,2,renewed,2026-05-01,1,,
acct_01728,1,activated,2026-01-20,0,,
acct_01728,2,renewed,2026-02-20,1,,
acct_01728,3,skipped,2026-03-20,2,,
acct_01728,4,renewed,2026-04-20,3,,
acct_01729,1,activated,2026-02-27,0,,
acct_01729,2,canceled,2026-03-27,1,voluntary,
acct_01730,1,activated,2026-04-13,0,,
acct_01731,1,activated,2026-01-25,0,,
acct_01731,2,renewed,2026-02-25,1,,
acct_01731,3,renewed,2026-03-25,2,,
acct_01731,4,renewed,2026-04-25,3,,
acct_01732,1,activated,2026-03-21,0,,
acct_01732,2,renewed,2026-04-21,1,,
acct_01733,1,activated,2026-02-18,0,,
acct_01733,2,canceled,2026-03-18,1,voluntary,
acct_01734,1,activated,2026-04-01,0,,
acct_01734,2,skipped,2026-05-01,1,,
acct_01735,1,activated,2026-03-21,0,,
acct_01735,2,renewed,2026-04-21,1,,
acct_01736,1,activated,2026-04-03,0,,
acct_01736,2,canceled,2026-05-03,1,never_activated,
acct_01737,1,activated,2026-02-15,0,,
acct_01737,2,renewed,2026-03-15,1,,
acct_01737,3,renewed,2026-04-15,2,,
acct_01738,1,activated,2026-03-07,0,,
acct_01738,2,canceled,2026-04-07,1,never_activated,
acct_01739,1,activated,2026-03-23,0,,
acct_01739,2,skipped,2026-04-23,1,,
acct_01740,1,activated,2026-02-17,0,,
acct_01740,2,renewed,2026-03-17,1,,
acct_01740,3,renewed,2026-04-17,2,,
acct_01741,1,activated,2026-02-16,0,,
acct_01741,2,renewed,2026-03-16,1,,
acct_01741,3,renewed,2026-04-16,2,,
acct_01742,1,activated,2026-01-19,0,,
acct_01742,2,skipped,2026-02-19,1,,
acct_01742,3,renewed,2026-03-19,2,,
acct_01742,4,renewed,2026-04-19,3,,
acct_01743,1,activated,2026-04-16,0,,
acct_01744,1,activated,2026-03-18,0,,
acct_01744,2,renewed,2026-04-18,1,,
acct_01745,1,activated,2026-03-13,0,,
acct_01745,2,canceled,2026-04-13,1,voluntary,
acct_01746,1,activated,2026-03-21,0,,
acct_01746,2,renewed,2026-04-21,1,,
acct_01747,1,activated,2026-03-07,0,,
acct_01747,2,tier_changed,2026-04-07,1,upgrade,large
acct_01747,3,renewed,2026-04-07,1,,
acct_01748,1,activated,2026-03-04,0,,
acct_01748,2,renewed,2026-04-04,1,,
acct_01749,1,activated,2026-03-03,0,,
acct_01749,2,renewed,2026-04-03,1,,
acct_01749,3,renewed,2026-05-03,2,,
acct_01750,1,activated,2026-03-14,0,,
acct_01750,2,renewed,2026-04-14,1,,
acct_01751,1,activated,2026-02-14,0,,
acct_01751,2,canceled,2026-03-14,1,voluntary,
acct_01752,1,activated,2026-04-03,0,,
acct_01752,2,canceled,2026-05-03,1,voluntary,
acct_01753,1,activated,2026-03-26,0,,
acct_01753,2,renewed,2026-04-26,1,,
acct_01754,1,activated,2026-02-25,0,,
acct_01754,2,canceled,2026-03-25,1,voluntary,
acct_01755,1,activated,2026-03-10,0,,
acct_01755,2,canceled,2026-04-10,1,voluntary,
acct_01756,1,activated,2026-02-08,0,,
acct_01756,2,canceled,2026-03-08,1,voluntary,
acct_01757,1,activated,2026-04-20,0,,
acct_01758,1,activated,2026-04-05,0,,
acct_01759,1,activated,2026-04-08,0,,
acct_01760,1,activated,2026-02-23,0,,
acct_01760,2,renewed,2026-03-23,1,,
acct_01760,3,renewed,2026-04-23,2,,
acct_01761,1,activated,2026-02-11,0,,
acct_01761,2,renewed,2026-03-11,1,,
acct_01761,3,renewed,2026-04-11,2,,
acct_01762,1,activated,2026-02-15,0,,
acct_01762,2,renewed,2026-03-15,1,,
acct_01762,3,canceled,2026-04-15,2,voluntary,
acct_01763,1,activated,2026-02-02,0,,
acct_01763,2,renewed,2026-03-02,1,,
acct_01763,3,renewed,2026-04-02,2,,
acct_01763,4,renewed,2026-05-02,3,,
acct_01764,1,activated,2026-02-06,0,,
acct_01764,2,renewed,2026-03-06,1,,
acct_01764,3,renewed,2026-04-06,2,,
acct_01765,1,activated,2026-01-30,0,,
acct_01765,2,renewed,2026-02-28,1,,
acct_01765,3,renewed,2026-03-30,2,,
acct_01765,4,renewed,2026-04-30,3,,
acct_01766,1,activated,2026-04-27,0,,
acct_01767,1,activated,2026-01-30,0,,
acct_01767,2,canceled,2026-02-28,1,voluntary,
acct_01768,1,activated,2026-02-07,0,,
acct_01768,2,canceled,2026-03-07,1,voluntary,
acct_01769,1,activated,2026-03-28,0,,
acct_01769,2,renewed,2026-04-28,1,,
acct_01770,1,activated,2026-03-10,0,,
acct_01770,2,renewed,2026-04-10,1,,
acct_01771,1,activated,2026-03-23,0,,
acct_01771,2,renewed,2026-04-23,1,,
acct_01772,1,activated,2026-03-13,0,,
acct_01772,2,canceled,2026-04-13,1,voluntary,
acct_01773,1,activated,2026-04-03,0,,
acct_01773,2,canceled,2026-05-03,1,voluntary,
acct_01774,1,activated,2026-03-14,0,,
acct_01774,2,renewed,2026-04-14,1,,
acct_01775,1,activated,2026-03-07,0,,
acct_01775,2,canceled,2026-04-07,1,voluntary,
acct_01776,1,activated,2026-03-19,0,,
acct_01776,2,renewed,2026-04-19,1,,
acct_01777,1,activated,2026-03-02,0,,
acct_01777,2,renewed,2026-04-02,1,,
acct_01777,3,renewed,2026-05-02,2,,
acct_01778,1,activated,2026-02-24,0,,
acct_01778,2,renewed,2026-03-24,1,,
acct_01778,3,renewed,2026-04-24,2,,
acct_01779,1,activated,2026-03-04,0,,
acct_01779,2,renewed,2026-04-04,1,,
acct_01780,1,activated,2026-02-11,0,,
acct_01780,2,renewed,2026-03-11,1,,
acct_01780,3,renewed,2026-04-11,2,,
acct_01781,1,activated,2026-03-25,0,,
acct_01781,2,renewed,2026-04-25,1,,
acct_01782,1,activated,2026-02-19,0,,
acct_01782,2,skipped,2026-03-19,1,,
acct_01782,3,skipped,2026-04-19,2,,
acct_01783,1,activated,2026-02-09,0,,
acct_01783,2,canceled,2026-03-09,1,never_activated,
acct_01784,1,activated,2026-02-18,0,,
acct_01784,2,renewed,2026-03-18,1,,
acct_01784,3,renewed,2026-04-18,2,,
acct_01785,1,activated,2026-03-29,0,,
acct_01785,2,renewed,2026-04-29,1,,
acct_01786,1,activated,2026-02-23,0,,
acct_01786,2,renewed,2026-03-23,1,,
acct_01786,3,renewed,2026-04-23,2,,
acct_01787,1,activated,2026-03-17,0,,
acct_01787,2,canceled,2026-04-17,1,voluntary,
acct_01788,1,activated,2026-03-31,0,,
acct_01788,2,renewed,2026-04-30,1,,
acct_01789,1,activated,2026-01-31,0,,
acct_01789,2,canceled,2026-02-28,1,never_activated,
acct_01790,1,activated,2026-03-22,0,,
acct_01790,2,renewed,2026-04-22,1,,
acct_01791,1,activated,2026-02-22,0,,
acct_01791,2,renewed,2026-03-22,1,,
acct_01791,3,renewed,2026-04-22,2,,
acct_01792,1,activated,2026-02-15,0,,
acct_01792,2,canceled,2026-03-15,1,never_activated,
acct_01793,1,activated,2026-03-17,0,,
acct_01793,2,renewed,2026-04-17,1,,
acct_01794,1,activated,2026-04-06,0,,
acct_01795,1,activated,2026-02-21,0,,
acct_01795,2,renewed,2026-03-21,1,,
acct_01795,3,renewed,2026-04-21,2,,
acct_01796,1,activated,2026-03-09,0,,
acct_01796,2,renewed,2026-04-09,1,,
acct_01797,1,activated,2026-02-21,0,,
acct_01797,2,renewed,2026-03-21,1,,
acct_01797,3,renewed,2026-04-21,2,,
acct_01798,1,activated,2026-03-09,0,,
acct_01798,2,canceled,2026-04-09,1,voluntary,
acct_01799,1,activated,2026-03-13,0,,
acct_01799,2,renewed,2026-04-13,1,,
acct_01800,1,activated,2026-03-12,0,,
acct_01800,2,canceled,2026-04-12,1,voluntary,
acct_01801,1,activated,2026-03-13,0,,
acct_01801,2,renewed,2026-04-13,1,,
acct_01802,1,activated,2026-02-07,0,,
acct_01802,2,canceled,2026-03-07,1,voluntary,
acct_01803,1,activated,2026-03-17,0,,
acct_01803,2,canceled,2026-04-17,1,voluntary,
acct_01804,1,activated,2026-03-16,0,,
acct_01804,2,renewed,2026-04-16,1,,
acct_01805,1,activated,2026-03-16,0,,
acct_01805,2,renewed,2026-04-16,1,,
acct_01806,1,activated,2026-01-30,0,,
acct_01806,2,renewed,2026-02-28,1,,
acct_01806,3,renewed,2026-03-30,2,,
acct_01806,4,renewed,2026-04-30,3,,
acct_01807,1,activated,2026-03-02,0,,
acct_01807,2,canceled,2026-04-02,1,never_activated,
acct_01808,1,activated,2026-02-28,0,,
acct_01808,2,renewed,2026-03-28,1,,
acct_01808,3,renewed,2026-04-28,2,,
acct_01809,1,activated,2026-02-01,0,,
acct_01809,2,renewed,2026-03-01,1,,
acct_01809,3,renewed,2026-04-01,2,,
acct_01809,4,renewed,2026-05-01,3,,
acct_01810,1,activated,2026-02-16,0,,
acct_01810,2,renewed,2026-03-16,1,,
acct_01810,3,renewed,2026-04-16,2,,
acct_01811,1,activated,2026-03-02,0,,
acct_01811,2,canceled,2026-04-02,1,voluntary,
acct_01812,1,activated,2026-03-21,0,,
acct_01812,2,renewed,2026-04-21,1,,
acct_01813,1,activated,2026-02-17,0,,
acct_01813,2,canceled,2026-03-17,1,voluntary,
acct_01814,1,activated,2026-03-28,0,,
acct_01814,2,paused,2026-04-28,1,,
acct_01815,1,activated,2026-03-08,0,,
acct_01815,2,renewed,2026-04-08,1,,
acct_01816,1,activated,2026-03-22,0,,
acct_01816,2,renewed,2026-04-22,1,,
acct_01817,1,activated,2026-03-04,0,,
acct_01817,2,renewed,2026-04-04,1,,
acct_01818,1,activated,2026-03-05,0,,
acct_01818,2,renewed,2026-04-05,1,,
acct_01819,1,activated,2026-03-13,0,,
acct_01819,2,renewed,2026-04-13,1,,
acct_01820,1,activated,2026-04-09,0,,
acct_01821,1,activated,2026-03-05,0,,
acct_01821,2,renewed,2026-04-05,1,,
acct_01822,1,activated,2026-03-07,0,,
acct_01822,2,paused,2026-04-07,1,,
acct_01823,1,activated,2026-03-11,0,,
acct_01823,2,canceled,2026-04-11,1,voluntary,
acct_01824,1,activated,2026-03-20,0,,
acct_01824,2,renewed,2026-04-20,1,,
acct_01825,1,activated,2026-01-30,0,,
acct_01825,2,skipped,2026-02-28,1,,
acct_01825,3,renewed,2026-03-30,2,,
acct_01825,4,renewed,2026-04-30,3,,
acct_01826,1,activated,2026-03-06,0,,
acct_01826,2,renewed,2026-04-06,1,,
acct_01827,1,activated,2026-03-04,0,,
acct_01827,2,skipped,2026-04-04,1,,
acct_01828,1,activated,2026-04-08,0,,
acct_01829,1,activated,2026-03-05,0,,
acct_01829,2,canceled,2026-04-05,1,never_activated,
acct_01830,1,activated,2026-03-04,0,,
acct_01830,2,canceled,2026-04-04,1,voluntary,
acct_01831,1,activated,2026-04-17,0,,
acct_01832,1,activated,2026-03-03,0,,
acct_01832,2,renewed,2026-04-03,1,,
acct_01832,3,renewed,2026-05-03,2,,
acct_01833,1,activated,2026-02-12,0,,
acct_01833,2,renewed,2026-03-12,1,,
acct_01833,3,renewed,2026-04-12,2,,
acct_01834,1,activated,2026-02-15,0,,
acct_01834,2,canceled,2026-02-15,0,day_zero,
acct_01835,1,activated,2026-02-02,0,,
acct_01835,2,renewed,2026-03-02,1,,
acct_01835,3,renewed,2026-04-02,2,,
acct_01835,4,renewed,2026-05-02,3,,
acct_01836,1,activated,2026-01-07,0,,
acct_01836,2,canceled,2026-02-07,1,voluntary,
acct_01837,1,activated,2026-03-02,0,,
acct_01837,2,renewed,2026-04-02,1,,
acct_01837,3,renewed,2026-05-02,2,,
acct_01838,1,activated,2026-03-23,0,,
acct_01838,2,renewed,2026-04-23,1,,
acct_01839,1,activated,2026-03-20,0,,
acct_01839,2,renewed,2026-04-20,1,,
acct_01840,1,activated,2026-01-21,0,,
acct_01840,2,canceled,2026-02-21,1,voluntary,
acct_01841,1,activated,2026-03-10,0,,
acct_01841,2,renewed,2026-04-10,1,,
acct_01842,1,activated,2026-02-10,0,,
acct_01842,2,renewed,2026-03-10,1,,
acct_01842,3,renewed,2026-04-10,2,,
acct_01843,1,activated,2026-04-12,0,,
acct_01844,1,activated,2026-02-11,0,,
acct_01844,2,canceled,2026-03-11,1,voluntary,
acct_01845,1,activated,2026-03-13,0,,
acct_01845,2,canceled,2026-04-13,1,voluntary,
acct_01846,1,activated,2026-02-23,0,,
acct_01846,2,renewed,2026-03-23,1,,
acct_01846,3,renewed,2026-04-23,2,,
acct_01847,1,activated,2026-03-14,0,,
acct_01847,2,renewed,2026-04-14,1,,
acct_01848,1,activated,2026-02-28,0,,
acct_01848,2,canceled,2026-03-28,1,voluntary,
acct_01849,1,activated,2026-03-22,0,,
acct_01849,2,canceled,2026-04-22,1,voluntary,
acct_01850,1,activated,2026-02-16,0,,
acct_01850,2,canceled,2026-03-16,1,never_activated,
acct_01851,1,activated,2026-04-06,0,,
acct_01852,1,activated,2026-03-06,0,,
acct_01852,2,canceled,2026-04-06,1,never_activated,
acct_01853,1,activated,2026-03-22,0,,
acct_01853,2,renewed,2026-04-22,1,,
acct_01854,1,activated,2026-03-30,0,,
acct_01854,2,renewed,2026-04-30,1,,
acct_01855,1,activated,2026-05-02,0,,
acct_01856,1,activated,2026-02-16,0,,
acct_01856,2,renewed,2026-03-16,1,,
acct_01856,3,renewed,2026-04-16,2,,
acct_01857,1,activated,2026-02-20,0,,
acct_01857,2,renewed,2026-03-20,1,,
acct_01857,3,renewed,2026-04-20,2,,
acct_01858,1,activated,2026-02-18,0,,
acct_01858,2,canceled,2026-03-18,1,voluntary,
acct_01859,1,activated,2026-02-19,0,,
acct_01859,2,renewed,2026-03-19,1,,
acct_01859,3,renewed,2026-04-19,2,,
acct_01860,1,activated,2026-03-10,0,,
acct_01860,2,renewed,2026-04-10,1,,
acct_01861,1,activated,2026-04-29,0,,
acct_01862,1,activated,2026-04-27,0,,
acct_01863,1,activated,2026-03-07,0,,
acct_01863,2,tier_changed,2026-04-07,1,downgrade,small
acct_01863,3,renewed,2026-04-07,1,,
acct_01864,1,activated,2026-03-14,0,,
acct_01864,2,renewed,2026-04-14,1,,
acct_01865,1,activated,2026-03-31,0,,
acct_01865,2,renewed,2026-04-30,1,,
acct_01866,1,activated,2026-04-10,0,,
acct_01867,1,activated,2026-02-14,0,,
acct_01867,2,renewed,2026-03-14,1,,
acct_01867,3,renewed,2026-04-14,2,,
acct_01868,1,activated,2026-03-07,0,,
acct_01868,2,renewed,2026-04-07,1,,
acct_01869,1,activated,2026-03-28,0,,
acct_01869,2,canceled,2026-04-28,1,voluntary,
acct_01870,1,activated,2026-02-22,0,,
acct_01870,2,renewed,2026-03-22,1,,
acct_01870,3,renewed,2026-04-22,2,,
acct_01871,1,activated,2026-03-02,0,,
acct_01871,2,renewed,2026-04-02,1,,
acct_01871,3,renewed,2026-05-02,2,,
acct_01872,1,activated,2026-04-25,0,,
acct_01873,1,activated,2026-04-25,0,,
acct_01874,1,activated,2026-04-06,0,,
acct_01875,1,activated,2026-03-25,0,,
acct_01875,2,renewed,2026-04-25,1,,
acct_01876,1,activated,2026-02-19,0,,
acct_01876,2,renewed,2026-03-19,1,,
acct_01876,3,skipped,2026-04-19,2,,
acct_01877,1,activated,2026-02-23,0,,
acct_01877,2,canceled,2026-03-23,1,never_activated,
acct_01878,1,activated,2026-03-08,0,,
acct_01878,2,renewed,2026-04-08,1,,
acct_01879,1,activated,2026-03-09,0,,
acct_01879,2,renewed,2026-04-09,1,,
acct_01880,1,activated,2026-03-06,0,,
acct_01880,2,renewed,2026-04-06,1,,
acct_01881,1,activated,2026-03-14,0,,
acct_01881,2,canceled,2026-04-14,1,voluntary,
acct_01882,1,activated,2026-02-28,0,,
acct_01882,2,renewed,2026-03-28,1,,
acct_01882,3,renewed,2026-04-28,2,,
acct_01883,1,activated,2026-03-21,0,,
acct_01883,2,renewed,2026-04-21,1,,
acct_01884,1,activated,2026-02-24,0,,
acct_01884,2,renewed,2026-03-24,1,,
acct_01884,3,renewed,2026-04-24,2,,
acct_01885,1,activated,2026-02-23,0,,
acct_01885,2,skipped,2026-03-23,1,,
acct_01885,3,renewed,2026-04-23,2,,
acct_01886,1,activated,2026-02-07,0,,
acct_01886,2,tier_changed,2026-03-07,1,downgrade,small
acct_01886,3,renewed,2026-03-07,1,,
acct_01886,4,renewed,2026-04-07,2,,
acct_01887,1,activated,2026-02-13,0,,
acct_01887,2,canceled,2026-03-13,1,voluntary,
acct_01888,1,activated,2026-03-30,0,,
acct_01888,2,renewed,2026-04-30,1,,
acct_01889,1,activated,2026-03-02,0,,
acct_01889,2,renewed,2026-04-02,1,,
acct_01889,3,renewed,2026-05-02,2,,
acct_01890,1,activated,2026-02-16,0,,
acct_01890,2,renewed,2026-03-16,1,,
acct_01890,3,renewed,2026-04-16,2,,
acct_01891,1,activated,2026-03-22,0,,
acct_01891,2,renewed,2026-04-22,1,,
acct_01892,1,activated,2026-03-09,0,,
acct_01892,2,renewed,2026-04-09,1,,
acct_01893,1,activated,2026-01-17,0,,
acct_01893,2,renewed,2026-02-17,1,,
acct_01893,3,renewed,2026-03-17,2,,
acct_01893,4,renewed,2026-04-17,3,,
acct_01894,1,activated,2026-02-22,0,,
acct_01894,2,renewed,2026-03-22,1,,
acct_01894,3,renewed,2026-04-22,2,,
acct_01895,1,activated,2026-02-12,0,,
acct_01895,2,canceled,2026-03-12,1,voluntary,
acct_01896,1,activated,2026-03-15,0,,
acct_01896,2,canceled,2026-04-15,1,never_activated,
acct_01897,1,activated,2026-02-20,0,,
acct_01897,2,renewed,2026-03-20,1,,
acct_01897,3,canceled,2026-04-20,2,voluntary,
acct_01898,1,activated,2026-01-28,0,,
acct_01898,2,renewed,2026-02-28,1,,
acct_01898,3,renewed,2026-03-28,2,,
acct_01898,4,renewed,2026-04-28,3,,
acct_01899,1,activated,2026-01-26,0,,
acct_01899,2,skipped,2026-02-26,1,,
acct_01899,3,renewed,2026-03-26,2,,
acct_01899,4,skipped,2026-04-26,3,,
acct_01900,1,activated,2026-03-10,0,,
acct_01900,2,renewed,2026-04-10,1,,
acct_01901,1,activated,2026-01-17,0,,
acct_01901,2,canceled,2026-02-17,1,voluntary,
acct_01902,1,activated,2026-03-30,0,,
acct_01902,2,skipped,2026-04-30,1,,
acct_01903,1,activated,2026-02-10,0,,
acct_01903,2,renewed,2026-03-10,1,,
acct_01903,3,renewed,2026-04-10,2,,
acct_01904,1,activated,2026-03-12,0,,
acct_01904,2,renewed,2026-04-12,1,,
acct_01905,1,activated,2026-03-02,0,,
acct_01905,2,renewed,2026-04-02,1,,
acct_01905,3,renewed,2026-05-02,2,,
acct_01906,1,activated,2026-03-02,0,,
acct_01906,2,renewed,2026-04-02,1,,
acct_01906,3,renewed,2026-05-02,2,,
acct_01907,1,activated,2026-01-30,0,,
acct_01907,2,skipped,2026-02-28,1,,
acct_01907,3,renewed,2026-03-30,2,,
acct_01907,4,renewed,2026-04-30,3,,
acct_01908,1,activated,2026-03-25,0,,
acct_01908,2,canceled,2026-04-25,1,voluntary,
acct_01909,1,activated,2026-04-04,0,,
acct_01910,1,activated,2026-01-13,0,,
acct_01910,2,renewed,2026-02-13,1,,
acct_01910,3,renewed,2026-03-13,2,,
acct_01910,4,renewed,2026-04-13,3,,
acct_01911,1,activated,2026-02-12,0,,
acct_01911,2,renewed,2026-03-12,1,,
acct_01911,3,renewed,2026-04-12,2,,
acct_01912,1,activated,2026-04-06,0,,
acct_01913,1,activated,2026-03-08,0,,
acct_01913,2,renewed,2026-04-08,1,,
acct_01914,1,activated,2026-02-09,0,,
acct_01914,2,canceled,2026-03-09,1,voluntary,
acct_01915,1,activated,2026-02-14,0,,
acct_01915,2,renewed,2026-03-14,1,,
acct_01915,3,canceled,2026-04-14,2,voluntary,
acct_01916,1,activated,2026-03-15,0,,
acct_01916,2,renewed,2026-04-15,1,,
acct_01917,1,activated,2026-03-19,0,,
acct_01917,2,canceled,2026-04-19,1,voluntary,
acct_01918,1,activated,2026-03-11,0,,
acct_01918,2,renewed,2026-04-11,1,,
acct_01919,1,activated,2026-04-14,0,,
acct_01920,1,activated,2026-03-05,0,,
acct_01920,2,canceled,2026-04-05,1,voluntary,
acct_01921,1,activated,2026-02-21,0,,
acct_01921,2,skipped,2026-03-21,1,,
acct_01921,3,renewed,2026-04-21,2,,
acct_01922,1,activated,2026-03-04,0,,
acct_01922,2,renewed,2026-04-04,1,,
acct_01923,1,activated,2026-02-25,0,,
acct_01923,2,renewed,2026-03-25,1,,
acct_01923,3,renewed,2026-04-25,2,,
acct_01924,1,activated,2026-02-16,0,,
acct_01924,2,canceled,2026-03-16,1,voluntary,
acct_01925,1,activated,2026-01-24,0,,
acct_01925,2,renewed,2026-02-24,1,,
acct_01925,3,renewed,2026-03-24,2,,
acct_01925,4,renewed,2026-04-24,3,,
acct_01926,1,activated,2026-02-25,0,,
acct_01926,2,renewed,2026-03-25,1,,
acct_01926,3,renewed,2026-04-25,2,,
acct_01927,1,activated,2026-03-18,0,,
acct_01927,2,renewed,2026-04-18,1,,
acct_01928,1,activated,2026-01-16,0,,
acct_01928,2,renewed,2026-02-16,1,,
acct_01928,3,renewed,2026-03-16,2,,
acct_01928,4,renewed,2026-04-16,3,,
acct_01929,1,activated,2026-03-02,0,,
acct_01929,2,renewed,2026-04-02,1,,
acct_01929,3,tier_changed,2026-05-02,2,upgrade,large
acct_01929,4,renewed,2026-05-02,2,,
acct_01930,1,activated,2026-03-14,0,,
acct_01930,2,canceled,2026-03-14,0,day_zero,
acct_01931,1,activated,2026-03-12,0,,
acct_01931,2,renewed,2026-04-12,1,,
acct_01932,1,activated,2026-03-23,0,,
acct_01932,2,renewed,2026-04-23,1,,
acct_01933,1,activated,2026-03-26,0,,
acct_01933,2,renewed,2026-04-26,1,,
acct_01934,1,activated,2026-03-18,0,,
acct_01934,2,renewed,2026-04-18,1,,
acct_01935,1,activated,2026-02-03,0,,
acct_01935,2,renewed,2026-03-03,1,,
acct_01935,3,renewed,2026-04-03,2,,
acct_01935,4,renewed,2026-05-03,3,,
acct_01936,1,activated,2026-03-04,0,,
acct_01936,2,renewed,2026-04-04,1,,
acct_01937,1,activated,2026-03-12,0,,
acct_01937,2,renewed,2026-04-12,1,,
acct_01938,1,activated,2026-02-17,0,,
acct_01938,2,renewed,2026-03-17,1,,
acct_01938,3,renewed,2026-04-17,2,,
acct_01939,1,activated,2026-01-23,0,,
acct_01939,2,canceled,2026-02-23,1,voluntary,
acct_01940,1,activated,2026-02-16,0,,
acct_01940,2,renewed,2026-03-16,1,,
acct_01940,3,renewed,2026-04-16,2,,
acct_01941,1,activated,2026-03-03,0,,
acct_01941,2,renewed,2026-04-03,1,,
acct_01941,3,canceled,2026-05-03,2,voluntary,
acct_01942,1,activated,2026-02-28,0,,
acct_01942,2,renewed,2026-03-28,1,,
acct_01942,3,renewed,2026-04-28,2,,
acct_01943,1,activated,2026-02-12,0,,
acct_01943,2,renewed,2026-03-12,1,,
acct_01943,3,renewed,2026-04-12,2,,
acct_01944,1,activated,2026-03-27,0,,
acct_01944,2,canceled,2026-04-27,1,voluntary,
acct_01945,1,activated,2026-04-09,0,,
acct_01946,1,activated,2026-02-14,0,,
acct_01946,2,canceled,2026-03-14,1,voluntary,
acct_01947,1,activated,2026-04-10,0,,
acct_01948,1,activated,2026-01-16,0,,
acct_01948,2,renewed,2026-02-16,1,,
acct_01948,3,renewed,2026-03-16,2,,
acct_01948,4,renewed,2026-04-16,3,,
acct_01949,1,activated,2026-04-09,0,,
acct_01950,1,activated,2026-04-14,0,,
acct_01951,1,activated,2026-01-13,0,,
acct_01951,2,renewed,2026-02-13,1,,
acct_01951,3,skipped,2026-03-13,2,,
acct_01951,4,renewed,2026-04-13,3,,
acct_01952,1,activated,2026-03-22,0,,
acct_01952,2,canceled,2026-04-22,1,never_activated,
acct_01953,1,activated,2026-04-19,0,,
acct_01954,1,activated,2026-04-06,0,,
acct_01955,1,activated,2026-04-19,0,,
acct_01956,1,activated,2026-03-08,0,,
acct_01956,2,renewed,2026-04-08,1,,
acct_01957,1,activated,2026-01-31,0,,
acct_01957,2,skipped,2026-02-28,1,,
acct_01957,3,tier_changed,2026-03-31,2,downgrade,small
acct_01957,4,renewed,2026-03-31,2,,
acct_01957,5,renewed,2026-04-30,3,,
acct_01958,1,activated,2026-03-30,0,,
acct_01958,2,canceled,2026-04-30,1,voluntary,
acct_01959,1,activated,2026-03-12,0,,
acct_01959,2,renewed,2026-04-12,1,,
acct_01960,1,activated,2026-03-12,0,,
acct_01960,2,renewed,2026-04-12,1,,
acct_01961,1,activated,2026-03-01,0,,
acct_01961,2,skipped,2026-04-01,1,,
acct_01961,3,renewed,2026-05-01,2,,
acct_01962,1,activated,2026-03-10,0,,
acct_01962,2,canceled,2026-04-10,1,voluntary,
acct_01963,1,activated,2026-02-09,0,,
acct_01963,2,renewed,2026-03-09,1,,
acct_01963,3,renewed,2026-04-09,2,,
acct_01964,1,activated,2026-03-20,0,,
acct_01964,2,renewed,2026-04-20,1,,
acct_01965,1,activated,2026-01-30,0,,
acct_01965,2,renewed,2026-02-28,1,,
acct_01965,3,renewed,2026-03-30,2,,
acct_01965,4,renewed,2026-04-30,3,,
acct_01966,1,activated,2026-03-20,0,,
acct_01966,2,canceled,2026-04-20,1,voluntary,
acct_01967,1,activated,2026-03-30,0,,
acct_01967,2,renewed,2026-04-30,1,,
acct_01968,1,activated,2026-03-04,0,,
acct_01968,2,renewed,2026-04-04,1,,
acct_01969,1,activated,2026-03-06,0,,
acct_01969,2,renewed,2026-04-06,1,,
acct_01970,1,activated,2026-02-22,0,,
acct_01970,2,canceled,2026-03-22,1,voluntary,
acct_01971,1,activated,2026-04-19,0,,
acct_01972,1,activated,2026-03-20,0,,
acct_01972,2,renewed,2026-04-20,1,,
acct_01973,1,activated,2026-02-26,0,,
acct_01973,2,renewed,2026-03-26,1,,
acct_01973,3,renewed,2026-04-26,2,,
acct_01974,1,activated,2026-02-12,0,,
acct_01974,2,renewed,2026-03-12,1,,
acct_01974,3,renewed,2026-04-12,2,,
acct_01975,1,activated,2026-02-15,0,,
acct_01975,2,canceled,2026-03-15,1,voluntary,
acct_01976,1,activated,2026-03-03,0,,
acct_01976,2,skipped,2026-04-03,1,,
acct_01976,3,renewed,2026-05-03,2,,
acct_01977,1,activated,2026-04-12,0,,
acct_01978,1,activated,2026-03-20,0,,
acct_01978,2,renewed,2026-04-20,1,,
acct_01979,1,activated,2026-02-15,0,,
acct_01979,2,renewed,2026-03-15,1,,
acct_01979,3,renewed,2026-04-15,2,,
acct_01980,1,activated,2026-03-31,0,,
acct_01980,2,renewed,2026-04-30,1,,
acct_01981,1,activated,2026-02-26,0,,
acct_01981,2,paused,2026-03-26,1,,
acct_01982,1,activated,2026-03-30,0,,
acct_01982,2,renewed,2026-04-30,1,,
acct_01983,1,activated,2026-02-17,0,,
acct_01983,2,renewed,2026-03-17,1,,
acct_01983,3,renewed,2026-04-17,2,,
acct_01984,1,activated,2026-03-12,0,,
acct_01984,2,renewed,2026-04-12,1,,
acct_01985,1,activated,2026-04-09,0,,
acct_01986,1,activated,2026-02-18,0,,
acct_01986,2,renewed,2026-03-18,1,,
acct_01986,3,tier_changed,2026-04-18,2,upgrade,medium
acct_01986,4,renewed,2026-04-18,2,,
acct_01987,1,activated,2026-03-17,0,,
acct_01987,2,renewed,2026-04-17,1,,
acct_01988,1,activated,2026-04-26,0,,
acct_01989,1,activated,2026-02-09,0,,
acct_01989,2,tier_changed,2026-03-09,1,upgrade,medium
acct_01989,3,renewed,2026-03-09,1,,
acct_01989,4,canceled,2026-04-09,2,voluntary,
acct_01990,1,activated,2026-02-01,0,,
acct_01990,2,renewed,2026-03-01,1,,
acct_01990,3,paused,2026-04-01,2,,
acct_01991,1,activated,2026-03-16,0,,
acct_01991,2,renewed,2026-04-16,1,,
acct_01992,1,activated,2026-02-24,0,,
acct_01992,2,renewed,2026-03-24,1,,
acct_01992,3,renewed,2026-04-24,2,,
acct_01993,1,activated,2026-01-29,0,,
acct_01993,2,canceled,2026-02-28,1,voluntary,
acct_01994,1,activated,2026-03-04,0,,
acct_01994,2,renewed,2026-04-04,1,,
acct_01995,1,activated,2026-03-21,0,,
acct_01995,2,canceled,2026-04-21,1,voluntary,
acct_01996,1,activated,2026-02-20,0,,
acct_01996,2,canceled,2026-03-20,1,voluntary,
acct_01997,1,activated,2026-02-24,0,,
acct_01997,2,renewed,2026-03-24,1,,
acct_01997,3,renewed,2026-04-24,2,,
acct_01998,1,activated,2026-03-29,0,,
acct_01998,2,renewed,2026-04-29,1,,
acct_01999,1,activated,2026-03-07,0,,
acct_01999,2,renewed,2026-04-07,1,,
acct_02000,1,activated,2026-03-29,0,,
acct_02000,2,renewed,2026-04-29,1,,
acct_02001,1,activated,2026-03-02,0,,
acct_02001,2,renewed,2026-04-02,1,,
acct_02001,3,renewed,2026-05-02,2,,
acct_02002,1,activated,2026-04-14,0,,
acct_02003,1,activated,2026-03-14,0,,
acct_02003,2,renewed,2026-04-14,1,,
acct_02004,1,activated,2026-02-05,0,,
acct_02004,2,renewed,2026-03-05,1,,
acct_02004,3,paused,2026-04-05,2,,
acct_02005,1,activated,2026-04-03,0,,
acct_02005,2,paused,2026-05-03,1,,
acct_02006,1,activated,2026-03-05,0,,
acct_02006,2,renewed,2026-04-05,1,,
acct_02007,1,activated,2026-02-08,0,,
acct_02007,2,renewed,2026-03-08,1,,
acct_02007,3,paused,2026-04-08,2,,
acct_02008,1,activated,2026-02-09,0,,
acct_02008,2,renewed,2026-03-09,1,,
acct_02008,3,renewed,2026-04-09,2,,
acct_02009,1,activated,2026-03-17,0,,
acct_02009,2,renewed,2026-04-17,1,,
acct_02010,1,activated,2026-01-25,0,,
acct_02010,2,canceled,2026-02-25,1,voluntary,
acct_02011,1,activated,2026-02-20,0,,
acct_02011,2,renewed,2026-03-20,1,,
acct_02011,3,renewed,2026-04-20,2,,
acct_02012,1,activated,2026-02-08,0,,
acct_02012,2,renewed,2026-03-08,1,,
acct_02012,3,renewed,2026-04-08,2,,
acct_02013,1,activated,2026-03-02,0,,
acct_02013,2,renewed,2026-04-02,1,,
acct_02013,3,renewed,2026-05-02,2,,
acct_02014,1,activated,2026-03-01,0,,
acct_02014,2,renewed,2026-04-01,1,,
acct_02014,3,renewed,2026-05-01,2,,
acct_02015,1,activated,2026-03-07,0,,
acct_02015,2,renewed,2026-04-07,1,,
acct_02016,1,activated,2026-02-20,0,,
acct_02016,2,skipped,2026-03-20,1,,
acct_02016,3,renewed,2026-04-20,2,,
acct_02017,1,activated,2026-01-21,0,,
acct_02017,2,canceled,2026-02-21,1,never_activated,
acct_02018,1,activated,2026-03-12,0,,
acct_02018,2,canceled,2026-04-12,1,voluntary,
acct_02019,1,activated,2026-02-26,0,,
acct_02019,2,renewed,2026-03-26,1,,
acct_02019,3,renewed,2026-04-26,2,,
acct_02020,1,activated,2026-03-14,0,,
acct_02020,2,renewed,2026-04-14,1,,
acct_02021,1,activated,2026-02-04,0,,
acct_02021,2,renewed,2026-03-04,1,,
acct_02021,3,renewed,2026-04-04,2,,
acct_02022,1,activated,2026-01-14,0,,
acct_02022,2,renewed,2026-02-14,1,,
acct_02022,3,renewed,2026-03-14,2,,
acct_02022,4,renewed,2026-04-14,3,,
acct_02023,1,activated,2026-02-18,0,,
acct_02023,2,skipped,2026-03-18,1,,
acct_02023,3,renewed,2026-04-18,2,,
acct_02024,1,activated,2026-03-03,0,,
acct_02024,2,renewed,2026-04-03,1,,
acct_02024,3,skipped,2026-05-03,2,,
acct_02025,1,activated,2026-02-27,0,,
acct_02025,2,renewed,2026-03-27,1,,
acct_02025,3,renewed,2026-04-27,2,,
acct_02026,1,activated,2026-03-26,0,,
acct_02026,2,renewed,2026-04-26,1,,
acct_02027,1,activated,2026-02-26,0,,
acct_02027,2,canceled,2026-03-26,1,voluntary,
acct_02028,1,activated,2026-03-07,0,,
acct_02028,2,renewed,2026-04-07,1,,
acct_02029,1,activated,2026-03-11,0,,
acct_02029,2,canceled,2026-04-11,1,voluntary,
acct_02030,1,activated,2026-01-17,0,,
acct_02030,2,renewed,2026-02-17,1,,
acct_02030,3,skipped,2026-03-17,2,,
acct_02030,4,renewed,2026-04-17,3,,
acct_02031,1,activated,2026-03-06,0,,
acct_02031,2,canceled,2026-04-06,1,voluntary,
acct_02032,1,activated,2026-02-24,0,,
acct_02032,2,renewed,2026-03-24,1,,
acct_02032,3,renewed,2026-04-24,2,,
acct_02033,1,activated,2026-03-01,0,,
acct_02033,2,renewed,2026-04-01,1,,
acct_02033,3,canceled,2026-05-01,2,voluntary,
acct_02034,1,activated,2026-02-03,0,,
acct_02034,2,renewed,2026-03-03,1,,
acct_02034,3,renewed,2026-04-03,2,,
acct_02034,4,paused,2026-05-03,3,,
acct_02035,1,activated,2026-03-24,0,,
acct_02035,2,renewed,2026-04-24,1,,
acct_02036,1,activated,2026-04-12,0,,
acct_02036,2,canceled,2026-04-12,0,day_zero,
acct_02037,1,activated,2026-01-17,0,,
acct_02037,2,renewed,2026-02-17,1,,
acct_02037,3,renewed,2026-03-17,2,,
acct_02037,4,renewed,2026-04-17,3,,
acct_02038,1,activated,2026-03-11,0,,
acct_02038,2,tier_changed,2026-04-11,1,downgrade,medium
acct_02038,3,renewed,2026-04-11,1,,
acct_02039,1,activated,2026-03-22,0,,
acct_02039,2,renewed,2026-04-22,1,,
acct_02040,1,activated,2026-02-20,0,,
acct_02040,2,renewed,2026-03-20,1,,
acct_02040,3,renewed,2026-04-20,2,,
acct_02041,1,activated,2026-03-24,0,,
acct_02041,2,renewed,2026-04-24,1,,
acct_02042,1,activated,2026-03-13,0,,
acct_02042,2,renewed,2026-04-13,1,,
acct_02043,1,activated,2026-04-10,0,,
acct_02044,1,activated,2026-04-23,0,,
acct_02045,1,activated,2026-01-23,0,,
acct_02045,2,tier_changed,2026-02-23,1,downgrade,medium
acct_02045,3,renewed,2026-02-23,1,,
acct_02045,4,skipped,2026-03-23,2,,
acct_02045,5,renewed,2026-04-23,3,,
acct_02046,1,activated,2026-03-02,0,,
acct_02046,2,renewed,2026-04-02,1,,
acct_02046,3,canceled,2026-05-02,2,voluntary,
acct_02047,1,activated,2026-03-08,0,,
acct_02047,2,canceled,2026-04-08,1,voluntary,
acct_02048,1,activated,2026-02-09,0,,
acct_02048,2,skipped,2026-03-09,1,,
acct_02048,3,renewed,2026-04-09,2,,
acct_02049,1,activated,2026-02-24,0,,
acct_02049,2,renewed,2026-03-24,1,,
acct_02049,3,renewed,2026-04-24,2,,
acct_02050,1,activated,2026-04-26,0,,
acct_02051,1,activated,2026-01-15,0,,
acct_02051,2,renewed,2026-02-15,1,,
acct_02051,3,canceled,2026-03-15,2,never_activated,
acct_02052,1,activated,2026-03-03,0,,
acct_02052,2,canceled,2026-04-03,1,voluntary,
acct_02053,1,activated,2026-03-29,0,,
acct_02053,2,renewed,2026-04-29,1,,
acct_02054,1,activated,2026-02-23,0,,
acct_02054,2,renewed,2026-03-23,1,,
acct_02054,3,tier_changed,2026-04-23,2,upgrade,large
acct_02054,4,renewed,2026-04-23,2,,
acct_02055,1,activated,2026-03-04,0,,
acct_02055,2,skipped,2026-04-04,1,,
acct_02056,1,activated,2026-04-22,0,,
acct_02057,1,activated,2026-03-04,0,,
acct_02057,2,skipped,2026-04-04,1,,
acct_02058,1,activated,2026-02-07,0,,
acct_02058,2,canceled,2026-03-07,1,voluntary,
acct_02059,1,activated,2026-01-26,0,,
acct_02059,2,renewed,2026-02-26,1,,
acct_02059,3,renewed,2026-03-26,2,,
acct_02059,4,renewed,2026-04-26,3,,
acct_02060,1,activated,2026-04-13,0,,
acct_02061,1,activated,2026-02-19,0,,
acct_02061,2,renewed,2026-03-19,1,,
acct_02061,3,renewed,2026-04-19,2,,
acct_02062,1,activated,2026-03-06,0,,
acct_02062,2,tier_changed,2026-04-06,1,upgrade,medium
acct_02062,3,renewed,2026-04-06,1,,
acct_02063,1,activated,2026-02-02,0,,
acct_02063,2,paused,2026-03-02,1,,
acct_02063,3,resumed,2026-04-02,2,,
acct_02063,4,renewed,2026-04-02,2,,
acct_02063,5,canceled,2026-05-02,3,never_activated,
acct_02064,1,activated,2026-03-01,0,,
acct_02064,2,canceled,2026-04-01,1,voluntary,
acct_02065,1,activated,2026-04-10,0,,
acct_02066,1,activated,2026-03-06,0,,
acct_02066,2,renewed,2026-04-06,1,,
acct_02067,1,activated,2026-04-19,0,,
acct_02068,1,activated,2026-02-18,0,,
acct_02068,2,renewed,2026-03-18,1,,
acct_02068,3,skipped,2026-04-18,2,,
acct_02069,1,activated,2026-03-06,0,,
acct_02069,2,renewed,2026-04-06,1,,
acct_02070,1,activated,2026-03-31,0,,
acct_02070,2,canceled,2026-04-30,1,never_activated,
acct_02071,1,activated,2026-03-03,0,,
acct_02071,2,renewed,2026-04-03,1,,
acct_02071,3,renewed,2026-05-03,2,,
acct_02072,1,activated,2026-02-20,0,,
acct_02072,2,canceled,2026-02-20,0,day_zero,
acct_02073,1,activated,2026-03-31,0,,
acct_02073,2,canceled,2026-04-30,1,voluntary,
acct_02074,1,activated,2026-02-27,0,,
acct_02074,2,skipped,2026-03-27,1,,
acct_02074,3,renewed,2026-04-27,2,,
acct_02075,1,activated,2026-03-07,0,,
acct_02075,2,tier_changed,2026-04-07,1,upgrade,medium
acct_02075,3,renewed,2026-04-07,1,,
acct_02076,1,activated,2026-04-21,0,,
acct_02077,1,activated,2026-02-13,0,,
acct_02077,2,renewed,2026-03-13,1,,
acct_02077,3,renewed,2026-04-13,2,,
acct_02078,1,activated,2026-02-21,0,,
acct_02078,2,renewed,2026-03-21,1,,
acct_02078,3,renewed,2026-04-21,2,,
acct_02079,1,activated,2026-01-20,0,,
acct_02079,2,renewed,2026-02-20,1,,
acct_02079,3,renewed,2026-03-20,2,,
acct_02079,4,canceled,2026-04-20,3,voluntary,
acct_02080,1,activated,2026-02-27,0,,
acct_02080,2,canceled,2026-03-27,1,voluntary,
acct_02081,1,activated,2026-02-14,0,,
acct_02081,2,paused,2026-03-14,1,,
acct_02082,1,activated,2026-03-16,0,,
acct_02082,2,canceled,2026-04-16,1,voluntary,
acct_02083,1,activated,2026-02-12,0,,
acct_02083,2,canceled,2026-03-12,1,voluntary,
acct_02084,1,activated,2026-03-16,0,,
acct_02084,2,renewed,2026-04-16,1,,
acct_02085,1,activated,2026-02-19,0,,
acct_02085,2,renewed,2026-03-19,1,,
acct_02085,3,renewed,2026-04-19,2,,
acct_02086,1,activated,2026-02-25,0,,
acct_02086,2,renewed,2026-03-25,1,,
acct_02086,3,renewed,2026-04-25,2,,
acct_02087,1,activated,2026-02-25,0,,
acct_02087,2,renewed,2026-03-25,1,,
acct_02087,3,paused,2026-04-25,2,,
acct_02088,1,activated,2026-03-19,0,,
acct_02088,2,renewed,2026-04-19,1,,
acct_02089,1,activated,2026-03-04,0,,
acct_02089,2,renewed,2026-04-04,1,,
acct_02090,1,activated,2026-02-25,0,,
acct_02090,2,renewed,2026-03-25,1,,
acct_02090,3,renewed,2026-04-25,2,,
acct_02091,1,activated,2026-03-30,0,,
acct_02091,2,canceled,2026-03-30,0,day_zero,
acct_02092,1,activated,2026-03-10,0,,
acct_02092,2,skipped,2026-04-10,1,,
acct_02093,1,activated,2026-02-15,0,,
acct_02093,2,renewed,2026-03-15,1,,
acct_02093,3,renewed,2026-04-15,2,,
acct_02094,1,activated,2026-04-05,0,,
acct_02095,1,activated,2026-02-24,0,,
acct_02095,2,renewed,2026-03-24,1,,
acct_02095,3,renewed,2026-04-24,2,,
acct_02096,1,activated,2026-01-23,0,,
acct_02096,2,canceled,2026-02-23,1,voluntary,
acct_02097,1,activated,2026-03-05,0,,
acct_02097,2,renewed,2026-04-05,1,,
acct_02098,1,activated,2026-02-06,0,,
acct_02098,2,renewed,2026-03-06,1,,
acct_02098,3,renewed,2026-04-06,2,,
acct_02099,1,activated,2026-02-17,0,,
acct_02099,2,canceled,2026-03-17,1,voluntary,
acct_02100,1,activated,2026-03-21,0,,
acct_02100,2,renewed,2026-04-21,1,,
acct_02101,1,activated,2026-02-07,0,,
acct_02101,2,renewed,2026-03-07,1,,
acct_02101,3,renewed,2026-04-07,2,,
acct_02102,1,activated,2026-03-26,0,,
acct_02102,2,skipped,2026-04-26,1,,
acct_02103,1,activated,2026-04-11,0,,
acct_02104,1,activated,2026-03-12,0,,
acct_02104,2,renewed,2026-04-12,1,,
acct_02105,1,activated,2026-03-18,0,,
acct_02105,2,skipped,2026-04-18,1,,
acct_02106,1,activated,2026-03-19,0,,
acct_02106,2,canceled,2026-04-19,1,voluntary,
acct_02107,1,activated,2026-04-28,0,,
acct_02108,1,activated,2026-02-24,0,,
acct_02108,2,renewed,2026-03-24,1,,
acct_02108,3,renewed,2026-04-24,2,,
acct_02109,1,activated,2026-02-10,0,,
acct_02109,2,renewed,2026-03-10,1,,
acct_02109,3,renewed,2026-04-10,2,,
acct_02110,1,activated,2026-03-07,0,,
acct_02110,2,renewed,2026-04-07,1,,
acct_02111,1,activated,2026-03-07,0,,
acct_02111,2,renewed,2026-04-07,1,,
acct_02112,1,activated,2026-02-12,0,,
acct_02112,2,canceled,2026-03-12,1,voluntary,
acct_02113,1,activated,2026-03-12,0,,
acct_02113,2,canceled,2026-04-12,1,voluntary,
acct_02114,1,activated,2026-01-14,0,,
acct_02114,2,renewed,2026-02-14,1,,
acct_02114,3,canceled,2026-03-14,2,never_activated,
acct_02115,1,activated,2026-04-09,0,,
acct_02116,1,activated,2026-02-19,0,,
acct_02116,2,renewed,2026-03-19,1,,
acct_02116,3,renewed,2026-04-19,2,,
acct_02117,1,activated,2026-01-23,0,,
acct_02117,2,renewed,2026-02-23,1,,
acct_02117,3,renewed,2026-03-23,2,,
acct_02117,4,renewed,2026-04-23,3,,
acct_02118,1,activated,2026-02-04,0,,
acct_02118,2,renewed,2026-03-04,1,,
acct_02118,3,canceled,2026-04-04,2,voluntary,
acct_02119,1,activated,2026-02-17,0,,
acct_02119,2,renewed,2026-03-17,1,,
acct_02119,3,renewed,2026-04-17,2,,
acct_02120,1,activated,2026-02-20,0,,
acct_02120,2,renewed,2026-03-20,1,,
acct_02120,3,renewed,2026-04-20,2,,
acct_02121,1,activated,2026-01-21,0,,
acct_02121,2,renewed,2026-02-21,1,,
acct_02121,3,canceled,2026-03-21,2,voluntary,
acct_02122,1,activated,2026-02-20,0,,
acct_02122,2,renewed,2026-03-20,1,,
acct_02122,3,renewed,2026-04-20,2,,
acct_02123,1,activated,2026-02-13,0,,
acct_02123,2,renewed,2026-03-13,1,,
acct_02123,3,renewed,2026-04-13,2,,
acct_02124,1,activated,2026-02-26,0,,
acct_02124,2,canceled,2026-03-26,1,never_activated,
acct_02125,1,activated,2026-02-27,0,,
acct_02125,2,tier_changed,2026-03-27,1,upgrade,medium
acct_02125,3,renewed,2026-03-27,1,,
acct_02125,4,renewed,2026-04-27,2,,
acct_02126,1,activated,2026-02-24,0,,
acct_02126,2,renewed,2026-03-24,1,,
acct_02126,3,renewed,2026-04-24,2,,
acct_02127,1,activated,2026-02-23,0,,
acct_02127,2,renewed,2026-03-23,1,,
acct_02127,3,renewed,2026-04-23,2,,
acct_02128,1,activated,2026-02-02,0,,
acct_02128,2,renewed,2026-03-02,1,,
acct_02128,3,renewed,2026-04-02,2,,
acct_02128,4,renewed,2026-05-02,3,,
acct_02129,1,activated,2026-01-18,0,,
acct_02129,2,renewed,2026-02-18,1,,
acct_02129,3,renewed,2026-03-18,2,,
acct_02129,4,paused,2026-04-18,3,,
acct_02130,1,activated,2026-02-14,0,,
acct_02130,2,renewed,2026-03-14,1,,
acct_02130,3,renewed,2026-04-14,2,,
acct_02131,1,activated,2026-03-22,0,,
acct_02131,2,renewed,2026-04-22,1,,
acct_02132,1,activated,2026-04-27,0,,
acct_02133,1,activated,2026-04-09,0,,
acct_02134,1,activated,2026-03-06,0,,
acct_02134,2,renewed,2026-04-06,1,,
acct_02135,1,activated,2026-03-07,0,,
acct_02135,2,renewed,2026-04-07,1,,
acct_02136,1,activated,2026-02-22,0,,
acct_02136,2,renewed,2026-03-22,1,,
acct_02136,3,renewed,2026-04-22,2,,
acct_02137,1,activated,2026-03-23,0,,
acct_02137,2,renewed,2026-04-23,1,,
acct_02138,1,activated,2026-03-22,0,,
acct_02138,2,renewed,2026-04-22,1,,
acct_02139,1,activated,2026-03-29,0,,
acct_02139,2,renewed,2026-04-29,1,,
acct_02140,1,activated,2026-04-04,0,,
acct_02141,1,activated,2026-03-02,0,,
acct_02141,2,renewed,2026-04-02,1,,
acct_02141,3,canceled,2026-05-02,2,voluntary,
acct_02142,1,activated,2026-03-22,0,,
acct_02142,2,renewed,2026-04-22,1,,
acct_02143,1,activated,2026-03-26,0,,
acct_02143,2,renewed,2026-04-26,1,,
acct_02144,1,activated,2026-02-22,0,,
acct_02144,2,canceled,2026-03-22,1,voluntary,
acct_02145,1,activated,2026-04-10,0,,
acct_02146,1,activated,2026-02-02,0,,
acct_02146,2,canceled,2026-03-02,1,voluntary,
acct_02147,1,activated,2026-04-29,0,,
acct_02148,1,activated,2026-03-23,0,,
acct_02148,2,skipped,2026-04-23,1,,
acct_02149,1,activated,2026-02-02,0,,
acct_02149,2,renewed,2026-03-02,1,,
acct_02149,3,renewed,2026-04-02,2,,
acct_02149,4,renewed,2026-05-02,3,,
acct_02150,1,activated,2026-03-15,0,,
acct_02150,2,renewed,2026-04-15,1,,
acct_02151,1,activated,2026-01-21,0,,
acct_02151,2,tier_changed,2026-02-21,1,upgrade,medium
acct_02151,3,renewed,2026-02-21,1,,
acct_02151,4,renewed,2026-03-21,2,,
acct_02151,5,renewed,2026-04-21,3,,
acct_02152,1,activated,2026-03-23,0,,
acct_02152,2,canceled,2026-04-23,1,never_activated,
acct_02153,1,activated,2026-03-25,0,,
acct_02153,2,canceled,2026-04-25,1,never_activated,
acct_02154,1,activated,2026-03-11,0,,
acct_02154,2,tier_changed,2026-04-11,1,upgrade,large
acct_02154,3,renewed,2026-04-11,1,,
acct_02155,1,activated,2026-03-31,0,,
acct_02155,2,renewed,2026-04-30,1,,
acct_02156,1,activated,2026-02-03,0,,
acct_02156,2,renewed,2026-03-03,1,,
acct_02156,3,renewed,2026-04-03,2,,
acct_02156,4,renewed,2026-05-03,3,,
acct_02157,1,activated,2026-02-20,0,,
acct_02157,2,renewed,2026-03-20,1,,
acct_02157,3,renewed,2026-04-20,2,,
acct_02158,1,activated,2026-03-01,0,,
acct_02158,2,canceled,2026-04-01,1,voluntary,
acct_02159,1,activated,2026-01-23,0,,
acct_02159,2,renewed,2026-02-23,1,,
acct_02159,3,renewed,2026-03-23,2,,
acct_02159,4,canceled,2026-04-23,3,voluntary,
acct_02160,1,activated,2026-03-03,0,,
acct_02160,2,canceled,2026-04-03,1,voluntary,
acct_02161,1,activated,2026-02-19,0,,
acct_02161,2,canceled,2026-02-19,0,day_zero,
acct_02162,1,activated,2026-02-27,0,,
acct_02162,2,renewed,2026-03-27,1,,
acct_02162,3,renewed,2026-04-27,2,,
acct_02163,1,activated,2026-03-01,0,,
acct_02163,2,canceled,2026-04-01,1,never_activated,
acct_02164,1,activated,2026-04-02,0,,
acct_02164,2,renewed,2026-05-02,1,,
acct_02165,1,activated,2026-02-19,0,,
acct_02165,2,renewed,2026-03-19,1,,
acct_02165,3,renewed,2026-04-19,2,,
acct_02166,1,activated,2026-04-04,0,,
acct_02167,1,activated,2026-03-01,0,,
acct_02167,2,skipped,2026-04-01,1,,
acct_02167,3,renewed,2026-05-01,2,,
acct_02168,1,activated,2026-02-23,0,,
acct_02168,2,renewed,2026-03-23,1,,
acct_02168,3,renewed,2026-04-23,2,,
acct_02169,1,activated,2026-03-06,0,,
acct_02169,2,renewed,2026-04-06,1,,
acct_02170,1,activated,2026-03-01,0,,
acct_02170,2,canceled,2026-04-01,1,never_activated,
acct_02171,1,activated,2026-02-18,0,,
acct_02171,2,renewed,2026-03-18,1,,
acct_02171,3,renewed,2026-04-18,2,,
acct_02172,1,activated,2026-03-06,0,,
acct_02172,2,renewed,2026-04-06,1,,
acct_02173,1,activated,2026-02-09,0,,
acct_02173,2,renewed,2026-03-09,1,,
acct_02173,3,renewed,2026-04-09,2,,
acct_02174,1,activated,2026-02-25,0,,
acct_02174,2,renewed,2026-03-25,1,,
acct_02174,3,renewed,2026-04-25,2,,
acct_02175,1,activated,2026-03-09,0,,
acct_02175,2,renewed,2026-04-09,1,,
acct_02176,1,activated,2026-02-28,0,,
acct_02176,2,renewed,2026-03-28,1,,
acct_02176,3,renewed,2026-04-28,2,,
acct_02177,1,activated,2026-03-27,0,,
acct_02177,2,renewed,2026-04-27,1,,
acct_02178,1,activated,2026-02-18,0,,
acct_02178,2,canceled,2026-03-18,1,voluntary,
acct_02179,1,activated,2026-04-19,0,,
acct_02180,1,activated,2026-03-24,0,,
acct_02180,2,paused,2026-04-24,1,,
acct_02181,1,activated,2026-04-18,0,,
acct_02182,1,activated,2026-03-29,0,,
acct_02182,2,renewed,2026-04-29,1,,
acct_02183,1,activated,2026-02-08,0,,
acct_02183,2,renewed,2026-03-08,1,,
acct_02183,3,renewed,2026-04-08,2,,
acct_02184,1,activated,2026-03-07,0,,
acct_02184,2,canceled,2026-04-07,1,voluntary,
acct_02185,1,activated,2026-02-11,0,,
acct_02185,2,renewed,2026-03-11,1,,
acct_02185,3,renewed,2026-04-11,2,,
acct_02186,1,activated,2026-03-27,0,,
acct_02186,2,renewed,2026-04-27,1,,
acct_02187,1,activated,2026-03-10,0,,
acct_02187,2,skipped,2026-04-10,1,,
acct_02188,1,activated,2026-02-19,0,,
acct_02188,2,skipped,2026-03-19,1,,
acct_02188,3,canceled,2026-04-19,2,voluntary,
acct_02189,1,activated,2026-04-10,0,,
acct_02190,1,activated,2026-02-05,0,,
acct_02190,2,canceled,2026-03-05,1,never_activated,
acct_02191,1,activated,2026-03-09,0,,
acct_02191,2,renewed,2026-04-09,1,,
acct_02192,1,activated,2026-03-19,0,,
acct_02192,2,renewed,2026-04-19,1,,
acct_02193,1,activated,2026-01-27,0,,
acct_02193,2,renewed,2026-02-27,1,,
acct_02193,3,renewed,2026-03-27,2,,
acct_02193,4,renewed,2026-04-27,3,,
acct_02194,1,activated,2026-03-11,0,,
acct_02194,2,renewed,2026-04-11,1,,
acct_02195,1,activated,2026-03-27,0,,
acct_02195,2,renewed,2026-04-27,1,,
acct_02196,1,activated,2026-01-29,0,,
acct_02196,2,renewed,2026-02-28,1,,
acct_02196,3,renewed,2026-03-29,2,,
acct_02196,4,renewed,2026-04-29,3,,
acct_02197,1,activated,2026-03-06,0,,
acct_02197,2,renewed,2026-04-06,1,,
acct_02198,1,activated,2026-02-18,0,,
acct_02198,2,renewed,2026-03-18,1,,
acct_02198,3,renewed,2026-04-18,2,,
acct_02199,1,activated,2026-03-15,0,,
acct_02199,2,paused,2026-04-15,1,,
acct_02200,1,activated,2026-02-06,0,,
acct_02200,2,renewed,2026-03-06,1,,
acct_02200,3,renewed,2026-04-06,2,,
acct_02201,1,activated,2026-04-11,0,,
acct_02202,1,activated,2026-04-04,0,,
acct_02203,1,activated,2026-02-13,0,,
acct_02203,2,renewed,2026-03-13,1,,
acct_02203,3,renewed,2026-04-13,2,,
acct_02204,1,activated,2026-02-23,0,,
acct_02204,2,renewed,2026-03-23,1,,
acct_02204,3,canceled,2026-04-23,2,never_activated,
acct_02205,1,activated,2026-03-11,0,,
acct_02205,2,canceled,2026-04-11,1,voluntary,
acct_02206,1,activated,2026-03-19,0,,
acct_02206,2,renewed,2026-04-19,1,,
acct_02207,1,activated,2026-03-02,0,,
acct_02207,2,renewed,2026-04-02,1,,
acct_02207,3,renewed,2026-05-02,2,,
acct_02208,1,activated,2026-02-10,0,,
acct_02208,2,renewed,2026-03-10,1,,
acct_02208,3,renewed,2026-04-10,2,,
acct_02209,1,activated,2026-02-04,0,,
acct_02209,2,canceled,2026-03-04,1,voluntary,
acct_02210,1,activated,2026-05-03,0,,
acct_02211,1,activated,2026-03-03,0,,
acct_02211,2,renewed,2026-04-03,1,,
acct_02211,3,renewed,2026-05-03,2,,
acct_02212,1,activated,2026-04-01,0,,
acct_02212,2,canceled,2026-05-01,1,voluntary,
acct_02213,1,activated,2026-03-04,0,,
acct_02213,2,renewed,2026-04-04,1,,
acct_02214,1,activated,2026-04-08,0,,
acct_02215,1,activated,2026-02-01,0,,
acct_02215,2,canceled,2026-03-01,1,voluntary,
acct_02216,1,activated,2026-02-05,0,,
acct_02216,2,renewed,2026-03-05,1,,
acct_02216,3,renewed,2026-04-05,2,,
acct_02217,1,activated,2026-04-10,0,,
acct_02218,1,activated,2026-04-13,0,,
acct_02219,1,activated,2026-02-22,0,,
acct_02219,2,canceled,2026-03-22,1,never_activated,
acct_02220,1,activated,2026-02-25,0,,
acct_02220,2,renewed,2026-03-25,1,,
acct_02220,3,renewed,2026-04-25,2,,
acct_02221,1,activated,2026-03-03,0,,
acct_02221,2,renewed,2026-04-03,1,,
acct_02221,3,canceled,2026-05-03,2,voluntary,
acct_02222,1,activated,2026-03-01,0,,
acct_02222,2,canceled,2026-03-01,0,day_zero,
acct_02223,1,activated,2026-02-13,0,,
acct_02223,2,renewed,2026-03-13,1,,
acct_02223,3,tier_changed,2026-04-13,2,upgrade,medium
acct_02223,4,renewed,2026-04-13,2,,
acct_02224,1,activated,2026-04-05,0,,
acct_02225,1,activated,2026-02-18,0,,
acct_02225,2,canceled,2026-03-18,1,voluntary,
acct_02226,1,activated,2026-03-18,0,,
acct_02226,2,renewed,2026-04-18,1,,
acct_02227,1,activated,2026-01-29,0,,
acct_02227,2,renewed,2026-02-28,1,,
acct_02227,3,tier_changed,2026-03-29,2,upgrade,large
acct_02227,4,renewed,2026-03-29,2,,
acct_02227,5,canceled,2026-04-29,3,voluntary,
acct_02228,1,activated,2026-01-22,0,,
acct_02228,2,renewed,2026-02-22,1,,
acct_02228,3,renewed,2026-03-22,2,,
acct_02228,4,paused,2026-04-22,3,,
acct_02229,1,activated,2026-03-15,0,,
acct_02229,2,renewed,2026-04-15,1,,
acct_02230,1,activated,2026-02-24,0,,
acct_02230,2,renewed,2026-03-24,1,,
acct_02230,3,skipped,2026-04-24,2,,
acct_02231,1,activated,2026-03-15,0,,
acct_02231,2,renewed,2026-04-15,1,,
acct_02232,1,activated,2026-02-02,0,,
acct_02232,2,renewed,2026-03-02,1,,
acct_02232,3,renewed,2026-04-02,2,,
acct_02232,4,renewed,2026-05-02,3,,
acct_02233,1,activated,2026-04-14,0,,
acct_02234,1,activated,2026-03-21,0,,
acct_02234,2,renewed,2026-04-21,1,,
acct_02235,1,activated,2026-04-02,0,,
acct_02235,2,renewed,2026-05-02,1,,
acct_02236,1,activated,2026-02-08,0,,
acct_02236,2,canceled,2026-03-08,1,never_activated,
acct_02237,1,activated,2026-02-23,0,,
acct_02237,2,canceled,2026-03-23,1,never_activated,
acct_02238,1,activated,2026-02-26,0,,
acct_02238,2,canceled,2026-03-26,1,voluntary,
acct_02239,1,activated,2026-03-08,0,,
acct_02239,2,renewed,2026-04-08,1,,
acct_02240,1,activated,2026-02-21,0,,
acct_02240,2,paused,2026-03-21,1,,
acct_02241,1,activated,2026-01-27,0,,
acct_02241,2,renewed,2026-02-27,1,,
acct_02241,3,renewed,2026-03-27,2,,
acct_02241,4,renewed,2026-04-27,3,,
acct_02242,1,activated,2026-02-26,0,,
acct_02242,2,renewed,2026-03-26,1,,
acct_02242,3,renewed,2026-04-26,2,,
acct_02243,1,activated,2026-02-18,0,,
acct_02243,2,renewed,2026-03-18,1,,
acct_02243,3,renewed,2026-04-18,2,,
acct_02244,1,activated,2026-02-27,0,,
acct_02244,2,renewed,2026-03-27,1,,
acct_02244,3,renewed,2026-04-27,2,,
acct_02245,1,activated,2026-02-14,0,,
acct_02245,2,skipped,2026-03-14,1,,
acct_02245,3,canceled,2026-04-14,2,voluntary,
acct_02246,1,activated,2026-02-19,0,,
acct_02246,2,renewed,2026-03-19,1,,
acct_02246,3,renewed,2026-04-19,2,,
acct_02247,1,activated,2026-03-13,0,,
acct_02247,2,skipped,2026-04-13,1,,
acct_02248,1,activated,2026-02-27,0,,
acct_02248,2,skipped,2026-03-27,1,,
acct_02248,3,renewed,2026-04-27,2,,
acct_02249,1,activated,2026-02-24,0,,
acct_02249,2,renewed,2026-03-24,1,,
acct_02249,3,paused,2026-04-24,2,,
acct_02250,1,activated,2026-03-07,0,,
acct_02250,2,renewed,2026-04-07,1,,
acct_02251,1,activated,2026-03-23,0,,
acct_02251,2,paused,2026-04-23,1,,
acct_02252,1,activated,2026-02-26,0,,
acct_02252,2,renewed,2026-03-26,1,,
acct_02252,3,tier_changed,2026-04-26,2,upgrade,medium
acct_02252,4,renewed,2026-04-26,2,,
acct_02253,1,activated,2026-03-11,0,,
acct_02253,2,canceled,2026-04-11,1,voluntary,
acct_02254,1,activated,2026-04-18,0,,
acct_02255,1,activated,2026-03-07,0,,
acct_02255,2,renewed,2026-04-07,1,,
acct_02256,1,activated,2026-04-06,0,,
acct_02257,1,activated,2026-03-25,0,,
acct_02257,2,renewed,2026-04-25,1,,
acct_02258,1,activated,2026-01-27,0,,
acct_02258,2,tier_changed,2026-02-27,1,upgrade,medium
acct_02258,3,renewed,2026-02-27,1,,
acct_02258,4,renewed,2026-03-27,2,,
acct_02258,5,renewed,2026-04-27,3,,
acct_02259,1,activated,2026-03-01,0,,
acct_02259,2,renewed,2026-04-01,1,,
acct_02259,3,renewed,2026-05-01,2,,
acct_02260,1,activated,2026-03-18,0,,
acct_02260,2,skipped,2026-04-18,1,,
acct_02261,1,activated,2026-04-25,0,,
acct_02262,1,activated,2026-03-03,0,,
acct_02262,2,paused,2026-04-03,1,,
acct_02263,1,activated,2026-02-02,0,,
acct_02263,2,canceled,2026-03-02,1,never_activated,
acct_02264,1,activated,2026-03-09,0,,
acct_02264,2,renewed,2026-04-09,1,,
acct_02265,1,activated,2026-02-06,0,,
acct_02265,2,renewed,2026-03-06,1,,
acct_02265,3,renewed,2026-04-06,2,,
acct_02266,1,activated,2026-03-21,0,,
acct_02266,2,renewed,2026-04-21,1,,
acct_02267,1,activated,2026-03-06,0,,
acct_02267,2,renewed,2026-04-06,1,,
acct_02268,1,activated,2026-03-19,0,,
acct_02268,2,renewed,2026-04-19,1,,
acct_02269,1,activated,2026-04-01,0,,
acct_02269,2,canceled,2026-05-01,1,never_activated,
acct_02270,1,activated,2026-03-13,0,,
acct_02270,2,renewed,2026-04-13,1,,
acct_02271,1,activated,2026-03-12,0,,
acct_02271,2,renewed,2026-04-12,1,,
acct_02272,1,activated,2026-03-22,0,,
acct_02272,2,renewed,2026-04-22,1,,
acct_02273,1,activated,2026-03-29,0,,
acct_02273,2,renewed,2026-04-29,1,,
acct_02274,1,activated,2026-04-01,0,,
acct_02274,2,canceled,2026-05-01,1,never_activated,
acct_02275,1,activated,2026-01-22,0,,
acct_02275,2,canceled,2026-02-22,1,voluntary,
acct_02276,1,activated,2026-03-09,0,,
acct_02276,2,renewed,2026-04-09,1,,
acct_02277,1,activated,2026-02-15,0,,
acct_02277,2,canceled,2026-03-15,1,voluntary,
acct_02278,1,activated,2026-03-31,0,,
acct_02278,2,renewed,2026-04-30,1,,
acct_02279,1,activated,2026-03-14,0,,
acct_02279,2,renewed,2026-04-14,1,,
acct_02280,1,activated,2026-03-01,0,,
acct_02280,2,canceled,2026-04-01,1,voluntary,
acct_02281,1,activated,2026-02-13,0,,
acct_02281,2,renewed,2026-03-13,1,,
acct_02281,3,renewed,2026-04-13,2,,
acct_02282,1,activated,2026-02-24,0,,
acct_02282,2,renewed,2026-03-24,1,,
acct_02282,3,renewed,2026-04-24,2,,
acct_02283,1,activated,2026-03-18,0,,
acct_02283,2,renewed,2026-04-18,1,,
acct_02284,1,activated,2026-02-14,0,,
acct_02284,2,renewed,2026-03-14,1,,
acct_02284,3,renewed,2026-04-14,2,,
acct_02285,1,activated,2026-02-02,0,,
acct_02285,2,renewed,2026-03-02,1,,
acct_02285,3,renewed,2026-04-02,2,,
acct_02285,4,tier_changed,2026-05-02,3,upgrade,medium
acct_02285,5,renewed,2026-05-02,3,,
acct_02286,1,activated,2026-04-03,0,,
acct_02286,2,canceled,2026-05-03,1,never_activated,
acct_02287,1,activated,2026-03-22,0,,
acct_02287,2,renewed,2026-04-22,1,,
acct_02288,1,activated,2026-02-14,0,,
acct_02288,2,renewed,2026-03-14,1,,
acct_02288,3,renewed,2026-04-14,2,,
acct_02289,1,activated,2026-02-21,0,,
acct_02289,2,renewed,2026-03-21,1,,
acct_02289,3,renewed,2026-04-21,2,,
acct_02290,1,activated,2026-04-20,0,,
acct_02291,1,activated,2026-03-18,0,,
acct_02291,2,canceled,2026-04-18,1,voluntary,
acct_02292,1,activated,2026-03-12,0,,
acct_02292,2,renewed,2026-04-12,1,,
acct_02293,1,activated,2026-02-22,0,,
acct_02293,2,tier_changed,2026-03-22,1,upgrade,large
acct_02293,3,renewed,2026-03-22,1,,
acct_02293,4,renewed,2026-04-22,2,,
acct_02294,1,activated,2026-02-21,0,,
acct_02294,2,renewed,2026-03-21,1,,
acct_02294,3,renewed,2026-04-21,2,,
acct_02295,1,activated,2026-01-23,0,,
acct_02295,2,renewed,2026-02-23,1,,
acct_02295,3,renewed,2026-03-23,2,,
acct_02295,4,renewed,2026-04-23,3,,
acct_02296,1,activated,2026-03-20,0,,
acct_02296,2,paused,2026-04-20,1,,
acct_02297,1,activated,2026-01-24,0,,
acct_02297,2,renewed,2026-02-24,1,,
acct_02297,3,renewed,2026-03-24,2,,
acct_02297,4,skipped,2026-04-24,3,,
acct_02298,1,activated,2026-01-09,0,,
acct_02298,2,renewed,2026-02-09,1,,
acct_02298,3,renewed,2026-03-09,2,,
acct_02298,4,renewed,2026-04-09,3,,
acct_02299,1,activated,2026-03-20,0,,
acct_02299,2,renewed,2026-04-20,1,,
acct_02300,1,activated,2026-04-14,0,,
acct_02301,1,activated,2026-03-22,0,,
acct_02301,2,renewed,2026-04-22,1,,
acct_02302,1,activated,2026-03-04,0,,
acct_02302,2,renewed,2026-04-04,1,,
acct_02303,1,activated,2026-03-05,0,,
acct_02303,2,renewed,2026-04-05,1,,
acct_02304,1,activated,2026-03-02,0,,
acct_02304,2,renewed,2026-04-02,1,,
acct_02304,3,canceled,2026-05-02,2,voluntary,
acct_02305,1,activated,2026-02-23,0,,
acct_02305,2,renewed,2026-03-23,1,,
acct_02305,3,renewed,2026-04-23,2,,
acct_02306,1,activated,2026-03-07,0,,
acct_02306,2,skipped,2026-04-07,1,,
acct_02307,1,activated,2026-03-02,0,,
acct_02307,2,canceled,2026-04-02,1,never_activated,
acct_02308,1,activated,2026-03-11,0,,
acct_02308,2,renewed,2026-04-11,1,,
acct_02309,1,activated,2026-04-05,0,,
acct_02310,1,activated,2026-04-30,0,,
acct_02311,1,activated,2026-01-31,0,,
acct_02311,2,renewed,2026-02-28,1,,
acct_02311,3,renewed,2026-03-31,2,,
acct_02311,4,renewed,2026-04-30,3,,
acct_02312,1,activated,2026-02-27,0,,
acct_02312,2,renewed,2026-03-27,1,,
acct_02312,3,renewed,2026-04-27,2,,
acct_02313,1,activated,2026-02-12,0,,
acct_02313,2,renewed,2026-03-12,1,,
acct_02313,3,renewed,2026-04-12,2,,
acct_02314,1,activated,2026-02-25,0,,
acct_02314,2,renewed,2026-03-25,1,,
acct_02314,3,skipped,2026-04-25,2,,
acct_02315,1,activated,2026-02-21,0,,
acct_02315,2,canceled,2026-03-21,1,voluntary,
acct_02316,1,activated,2026-02-12,0,,
acct_02316,2,canceled,2026-03-12,1,never_activated,
acct_02317,1,activated,2026-03-22,0,,
acct_02317,2,canceled,2026-04-22,1,voluntary,
acct_02318,1,activated,2026-03-05,0,,
acct_02318,2,renewed,2026-04-05,1,,
acct_02319,1,activated,2026-04-08,0,,
acct_02320,1,activated,2026-01-21,0,,
acct_02320,2,skipped,2026-02-21,1,,
acct_02320,3,renewed,2026-03-21,2,,
acct_02320,4,renewed,2026-04-21,3,,
acct_02321,1,activated,2026-01-29,0,,
acct_02321,2,renewed,2026-02-28,1,,
acct_02321,3,tier_changed,2026-03-29,2,downgrade,medium
acct_02321,4,renewed,2026-03-29,2,,
acct_02321,5,renewed,2026-04-29,3,,
acct_02322,1,activated,2026-02-28,0,,
acct_02322,2,renewed,2026-03-28,1,,
acct_02322,3,renewed,2026-04-28,2,,
acct_02323,1,activated,2026-01-31,0,,
acct_02323,2,canceled,2026-02-28,1,never_activated,
acct_02324,1,activated,2026-02-19,0,,
acct_02324,2,paused,2026-03-19,1,,
acct_02325,1,activated,2026-04-25,0,,
acct_02326,1,activated,2026-02-15,0,,
acct_02326,2,renewed,2026-03-15,1,,
acct_02326,3,renewed,2026-04-15,2,,
acct_02327,1,activated,2026-02-14,0,,
acct_02327,2,canceled,2026-03-14,1,voluntary,
acct_02328,1,activated,2026-03-10,0,,
acct_02328,2,renewed,2026-04-10,1,,
acct_02329,1,activated,2026-03-05,0,,
acct_02329,2,renewed,2026-04-05,1,,
acct_02330,1,activated,2026-03-10,0,,
acct_02330,2,canceled,2026-04-10,1,voluntary,
acct_02331,1,activated,2026-02-26,0,,
acct_02331,2,renewed,2026-03-26,1,,
acct_02331,3,renewed,2026-04-26,2,,
acct_02332,1,activated,2026-03-28,0,,
acct_02332,2,renewed,2026-04-28,1,,
acct_02333,1,activated,2026-02-08,0,,
acct_02333,2,canceled,2026-03-08,1,voluntary,
acct_02334,1,activated,2026-03-01,0,,
acct_02334,2,canceled,2026-04-01,1,voluntary,
acct_02335,1,activated,2026-03-17,0,,
acct_02335,2,renewed,2026-04-17,1,,
acct_02336,1,activated,2026-04-01,0,,
acct_02336,2,canceled,2026-05-01,1,voluntary,
acct_02337,1,activated,2026-02-26,0,,
acct_02337,2,renewed,2026-03-26,1,,
acct_02337,3,renewed,2026-04-26,2,,
acct_02338,1,activated,2026-03-09,0,,
acct_02338,2,canceled,2026-04-09,1,voluntary,
acct_02339,1,activated,2026-01-29,0,,
acct_02339,2,canceled,2026-02-28,1,never_activated,
acct_02340,1,activated,2026-02-11,0,,
acct_02340,2,renewed,2026-03-11,1,,
acct_02340,3,renewed,2026-04-11,2,,
acct_02341,1,activated,2026-01-29,0,,
acct_02341,2,canceled,2026-01-29,0,day_zero,
acct_02342,1,activated,2026-03-20,0,,
acct_02342,2,renewed,2026-04-20,1,,
acct_02343,1,activated,2026-02-21,0,,
acct_02343,2,canceled,2026-03-21,1,voluntary,
acct_02344,1,activated,2026-03-19,0,,
acct_02344,2,canceled,2026-04-19,1,never_activated,
acct_02345,1,activated,2026-01-29,0,,
acct_02345,2,renewed,2026-02-28,1,,
acct_02345,3,renewed,2026-03-29,2,,
acct_02345,4,renewed,2026-04-29,3,,
acct_02346,1,activated,2026-03-31,0,,
acct_02346,2,canceled,2026-04-30,1,voluntary,
acct_02347,1,activated,2026-03-28,0,,
acct_02347,2,canceled,2026-04-28,1,never_activated,
acct_02348,1,activated,2026-02-01,0,,
acct_02348,2,renewed,2026-03-01,1,,
acct_02348,3,renewed,2026-04-01,2,,
acct_02348,4,renewed,2026-05-01,3,,
acct_02349,1,activated,2026-01-18,0,,
acct_02349,2,renewed,2026-02-18,1,,
acct_02349,3,renewed,2026-03-18,2,,
acct_02349,4,tier_changed,2026-04-18,3,downgrade,small
acct_02349,5,renewed,2026-04-18,3,,
acct_02350,1,activated,2026-01-27,0,,
acct_02350,2,renewed,2026-02-27,1,,
acct_02350,3,renewed,2026-03-27,2,,
acct_02350,4,renewed,2026-04-27,3,,
acct_02351,1,activated,2026-03-30,0,,
acct_02351,2,renewed,2026-04-30,1,,
acct_02352,1,activated,2026-02-17,0,,
acct_02352,2,renewed,2026-03-17,1,,
acct_02352,3,renewed,2026-04-17,2,,
acct_02353,1,activated,2026-03-08,0,,
acct_02353,2,renewed,2026-04-08,1,,
acct_02354,1,activated,2026-03-01,0,,
acct_02354,2,renewed,2026-04-01,1,,
acct_02354,3,canceled,2026-05-01,2,voluntary,
acct_02355,1,activated,2026-03-25,0,,
acct_02355,2,renewed,2026-04-25,1,,
acct_02356,1,activated,2026-03-05,0,,
acct_02356,2,canceled,2026-04-05,1,never_activated,
acct_02357,1,activated,2026-03-06,0,,
acct_02357,2,canceled,2026-04-06,1,voluntary,
acct_02358,1,activated,2026-04-26,0,,
acct_02359,1,activated,2026-02-09,0,,
acct_02359,2,renewed,2026-03-09,1,,
acct_02359,3,renewed,2026-04-09,2,,
acct_02360,1,activated,2026-03-28,0,,
acct_02360,2,paused,2026-04-28,1,,
acct_02361,1,activated,2026-01-26,0,,
acct_02361,2,renewed,2026-02-26,1,,
acct_02361,3,canceled,2026-03-26,2,voluntary,
acct_02362,1,activated,2026-03-04,0,,
acct_02362,2,renewed,2026-04-04,1,,
acct_02363,1,activated,2026-04-03,0,,
acct_02363,2,canceled,2026-05-03,1,voluntary,
acct_02364,1,activated,2026-03-15,0,,
acct_02364,2,renewed,2026-04-15,1,,
acct_02365,1,activated,2026-03-17,0,,
acct_02365,2,canceled,2026-04-17,1,voluntary,
acct_02366,1,activated,2026-02-19,0,,
acct_02366,2,renewed,2026-03-19,1,,
acct_02366,3,renewed,2026-04-19,2,,
acct_02367,1,activated,2026-03-01,0,,
acct_02367,2,renewed,2026-04-01,1,,
acct_02367,3,renewed,2026-05-01,2,,
acct_02368,1,activated,2026-02-26,0,,
acct_02368,2,paused,2026-03-26,1,,
acct_02369,1,activated,2026-03-07,0,,
acct_02369,2,canceled,2026-04-07,1,never_activated,
acct_02370,1,activated,2026-03-03,0,,
acct_02370,2,renewed,2026-04-03,1,,
acct_02370,3,renewed,2026-05-03,2,,
acct_02371,1,activated,2026-02-23,0,,
acct_02371,2,renewed,2026-03-23,1,,
acct_02371,3,renewed,2026-04-23,2,,
acct_02372,1,activated,2026-02-22,0,,
acct_02372,2,canceled,2026-03-22,1,voluntary,
acct_02373,1,activated,2026-02-18,0,,
acct_02373,2,canceled,2026-03-18,1,never_activated,
acct_02374,1,activated,2026-02-26,0,,
acct_02374,2,renewed,2026-03-26,1,,
acct_02374,3,renewed,2026-04-26,2,,
acct_02375,1,activated,2026-02-09,0,,
acct_02375,2,renewed,2026-03-09,1,,
acct_02375,3,skipped,2026-04-09,2,,
acct_02376,1,activated,2026-04-01,0,,
acct_02376,2,renewed,2026-05-01,1,,
acct_02377,1,activated,2026-03-11,0,,
acct_02377,2,skipped,2026-04-11,1,,
acct_02378,1,activated,2026-02-07,0,,
acct_02378,2,renewed,2026-03-07,1,,
acct_02378,3,canceled,2026-04-07,2,voluntary,
acct_02379,1,activated,2026-03-17,0,,
acct_02379,2,renewed,2026-04-17,1,,
acct_02380,1,activated,2026-03-30,0,,
acct_02380,2,renewed,2026-04-30,1,,
acct_02381,1,activated,2026-02-17,0,,
acct_02381,2,skipped,2026-03-17,1,,
acct_02381,3,skipped,2026-04-17,2,,
acct_02382,1,activated,2026-02-09,0,,
acct_02382,2,canceled,2026-03-09,1,voluntary,
acct_02383,1,activated,2026-01-11,0,,
acct_02383,2,renewed,2026-02-11,1,,
acct_02383,3,renewed,2026-03-11,2,,
acct_02383,4,renewed,2026-04-11,3,,
acct_02384,1,activated,2026-01-25,0,,
acct_02384,2,renewed,2026-02-25,1,,
acct_02384,3,renewed,2026-03-25,2,,
acct_02384,4,renewed,2026-04-25,3,,
acct_02385,1,activated,2026-03-22,0,,
acct_02385,2,canceled,2026-04-22,1,never_activated,
acct_02386,1,activated,2026-04-25,0,,
acct_02387,1,activated,2026-01-24,0,,
acct_02387,2,tier_changed,2026-02-24,1,downgrade,medium
acct_02387,3,renewed,2026-02-24,1,,
acct_02387,4,renewed,2026-03-24,2,,
acct_02387,5,renewed,2026-04-24,3,,
acct_02388,1,activated,2026-03-21,0,,
acct_02388,2,canceled,2026-04-21,1,voluntary,
acct_02389,1,activated,2026-01-30,0,,
acct_02389,2,renewed,2026-02-28,1,,
acct_02389,3,renewed,2026-03-30,2,,
acct_02389,4,renewed,2026-04-30,3,,
acct_02390,1,activated,2026-03-11,0,,
acct_02390,2,renewed,2026-04-11,1,,
acct_02391,1,activated,2026-03-22,0,,
acct_02391,2,renewed,2026-04-22,1,,
acct_02392,1,activated,2026-02-25,0,,
acct_02392,2,canceled,2026-03-25,1,voluntary,
acct_02393,1,activated,2026-01-13,0,,
acct_02393,2,renewed,2026-02-13,1,,
acct_02393,3,renewed,2026-03-13,2,,
acct_02393,4,renewed,2026-04-13,3,,
acct_02394,1,activated,2026-03-11,0,,
acct_02394,2,canceled,2026-04-11,1,never_activated,
acct_02395,1,activated,2026-04-27,0,,
acct_02396,1,activated,2026-02-18,0,,
acct_02396,2,renewed,2026-03-18,1,,
acct_02396,3,canceled,2026-04-18,2,never_activated,
acct_02397,1,activated,2026-02-13,0,,
acct_02397,2,paused,2026-03-13,1,,
acct_02398,1,activated,2026-02-06,0,,
acct_02398,2,renewed,2026-03-06,1,,
acct_02398,3,skipped,2026-04-06,2,,
acct_02399,1,activated,2026-03-09,0,,
acct_02399,2,tier_changed,2026-04-09,1,upgrade,large
acct_02399,3,renewed,2026-04-09,1,,
acct_02400,1,activated,2026-03-11,0,,
acct_02400,2,renewed,2026-04-11,1,,
acct_02401,1,activated,2026-03-25,0,,
acct_02401,2,renewed,2026-04-25,1,,
acct_02402,1,activated,2026-03-21,0,,
acct_02402,2,renewed,2026-04-21,1,,
acct_02403,1,activated,2026-04-04,0,,
acct_02404,1,activated,2026-03-26,0,,
acct_02404,2,canceled,2026-04-26,1,voluntary,
acct_02405,1,activated,2026-02-18,0,,
acct_02405,2,canceled,2026-03-18,1,never_activated,
acct_02406,1,activated,2026-03-09,0,,
acct_02406,2,tier_changed,2026-04-09,1,upgrade,large
acct_02406,3,renewed,2026-04-09,1,,
acct_02407,1,activated,2026-02-21,0,,
acct_02407,2,renewed,2026-03-21,1,,
acct_02407,3,renewed,2026-04-21,2,,
acct_02408,1,activated,2026-02-23,0,,
acct_02408,2,canceled,2026-03-23,1,voluntary,
acct_02409,1,activated,2026-04-10,0,,
acct_02410,1,activated,2026-03-16,0,,
acct_02410,2,renewed,2026-04-16,1,,
acct_02411,1,activated,2026-04-21,0,,
acct_02412,1,activated,2026-03-01,0,,
acct_02412,2,renewed,2026-04-01,1,,
acct_02412,3,renewed,2026-05-01,2,,
acct_02413,1,activated,2026-03-08,0,,
acct_02413,2,renewed,2026-04-08,1,,
acct_02414,1,activated,2026-03-05,0,,
acct_02414,2,canceled,2026-04-05,1,voluntary,
acct_02415,1,activated,2026-02-04,0,,
acct_02415,2,tier_changed,2026-03-04,1,downgrade,small
acct_02415,3,renewed,2026-03-04,1,,
acct_02415,4,renewed,2026-04-04,2,,
acct_02416,1,activated,2026-02-17,0,,
acct_02416,2,renewed,2026-03-17,1,,
acct_02416,3,renewed,2026-04-17,2,,
acct_02417,1,activated,2026-03-07,0,,
acct_02417,2,canceled,2026-03-07,0,day_zero,
acct_02418,1,activated,2026-01-29,0,,
acct_02418,2,renewed,2026-02-28,1,,
acct_02418,3,renewed,2026-03-29,2,,
acct_02418,4,renewed,2026-04-29,3,,
acct_02419,1,activated,2026-04-10,0,,
acct_02420,1,activated,2026-02-06,0,,
acct_02420,2,canceled,2026-03-06,1,voluntary,
acct_02421,1,activated,2026-02-14,0,,
acct_02421,2,renewed,2026-03-14,1,,
acct_02421,3,renewed,2026-04-14,2,,
acct_02422,1,activated,2026-03-22,0,,
acct_02422,2,skipped,2026-04-22,1,,
acct_02423,1,activated,2026-02-03,0,,
acct_02423,2,renewed,2026-03-03,1,,
acct_02423,3,renewed,2026-04-03,2,,
acct_02423,4,renewed,2026-05-03,3,,
acct_02424,1,activated,2026-04-05,0,,
acct_02425,1,activated,2026-03-19,0,,
acct_02425,2,renewed,2026-04-19,1,,
acct_02426,1,activated,2026-01-29,0,,
acct_02426,2,renewed,2026-02-28,1,,
acct_02426,3,renewed,2026-03-29,2,,
acct_02426,4,renewed,2026-04-29,3,,
acct_02427,1,activated,2026-03-17,0,,
acct_02427,2,skipped,2026-04-17,1,,
acct_02428,1,activated,2026-03-13,0,,
acct_02428,2,skipped,2026-04-13,1,,
acct_02429,1,activated,2026-03-22,0,,
acct_02429,2,renewed,2026-04-22,1,,
acct_02430,1,activated,2026-03-28,0,,
acct_02430,2,canceled,2026-04-28,1,voluntary,
acct_02431,1,activated,2026-03-19,0,,
acct_02431,2,renewed,2026-04-19,1,,
acct_02432,1,activated,2026-03-11,0,,
acct_02432,2,renewed,2026-04-11,1,,
acct_02433,1,activated,2026-02-23,0,,
acct_02433,2,renewed,2026-03-23,1,,
acct_02433,3,renewed,2026-04-23,2,,
acct_02434,1,activated,2026-03-17,0,,
acct_02434,2,renewed,2026-04-17,1,,
acct_02435,1,activated,2026-04-15,0,,
acct_02436,1,activated,2026-03-11,0,,
acct_02436,2,canceled,2026-04-11,1,voluntary,
acct_02437,1,activated,2026-03-15,0,,
acct_02437,2,renewed,2026-04-15,1,,
acct_02438,1,activated,2026-03-02,0,,
acct_02438,2,canceled,2026-04-02,1,voluntary,
acct_02439,1,activated,2026-03-22,0,,
acct_02439,2,renewed,2026-04-22,1,,
acct_02440,1,activated,2026-05-01,0,,
acct_02441,1,activated,2026-02-10,0,,
acct_02441,2,renewed,2026-03-10,1,,
acct_02441,3,canceled,2026-04-10,2,voluntary,
acct_02442,1,activated,2026-02-14,0,,
acct_02442,2,canceled,2026-03-14,1,never_activated,
acct_02443,1,activated,2026-03-08,0,,
acct_02443,2,canceled,2026-04-08,1,never_activated,
acct_02444,1,activated,2026-03-04,0,,
acct_02444,2,renewed,2026-04-04,1,,
acct_02445,1,activated,2026-03-10,0,,
acct_02445,2,renewed,2026-04-10,1,,
acct_02446,1,activated,2026-01-25,0,,
acct_02446,2,canceled,2026-02-25,1,never_activated,
acct_02447,1,activated,2026-02-28,0,,
acct_02447,2,canceled,2026-03-28,1,voluntary,
acct_02448,1,activated,2026-03-10,0,,
acct_02448,2,canceled,2026-04-10,1,never_activated,
acct_02449,1,activated,2026-03-10,0,,
acct_02449,2,paused,2026-04-10,1,,
acct_02450,1,activated,2026-03-15,0,,
acct_02450,2,renewed,2026-04-15,1,,
acct_02451,1,activated,2026-03-19,0,,
acct_02451,2,canceled,2026-04-19,1,voluntary,
acct_02452,1,activated,2026-03-14,0,,
acct_02452,2,canceled,2026-04-14,1,voluntary,
acct_02453,1,activated,2026-03-24,0,,
acct_02453,2,renewed,2026-04-24,1,,
acct_02454,1,activated,2026-03-13,0,,
acct_02454,2,renewed,2026-04-13,1,,
acct_02455,1,activated,2026-03-08,0,,
acct_02455,2,renewed,2026-04-08,1,,
acct_02456,1,activated,2026-03-12,0,,
acct_02456,2,canceled,2026-03-12,0,day_zero,
acct_02457,1,activated,2026-02-03,0,,
acct_02457,2,canceled,2026-03-03,1,never_activated,
acct_02458,1,activated,2026-02-19,0,,
acct_02458,2,renewed,2026-03-19,1,,
acct_02458,3,renewed,2026-04-19,2,,
acct_02459,1,activated,2026-03-07,0,,
acct_02459,2,canceled,2026-03-07,0,day_zero,
acct_02460,1,activated,2026-04-01,0,,
acct_02460,2,renewed,2026-05-01,1,,
acct_02461,1,activated,2026-03-16,0,,
acct_02461,2,renewed,2026-04-16,1,,
acct_02462,1,activated,2026-02-02,0,,
acct_02462,2,renewed,2026-03-02,1,,
acct_02462,3,renewed,2026-04-02,2,,
acct_02462,4,renewed,2026-05-02,3,,
acct_02463,1,activated,2026-03-11,0,,
acct_02463,2,renewed,2026-04-11,1,,
acct_02464,1,activated,2026-02-16,0,,
acct_02464,2,renewed,2026-03-16,1,,
acct_02464,3,canceled,2026-04-16,2,voluntary,
acct_02465,1,activated,2026-03-20,0,,
acct_02465,2,renewed,2026-04-20,1,,
acct_02466,1,activated,2026-03-28,0,,
acct_02466,2,renewed,2026-04-28,1,,
acct_02467,1,activated,2026-03-11,0,,
acct_02467,2,canceled,2026-04-11,1,voluntary,
acct_02468,1,activated,2026-03-11,0,,
acct_02468,2,renewed,2026-04-11,1,,
acct_02469,1,activated,2026-02-24,0,,
acct_02469,2,renewed,2026-03-24,1,,
acct_02469,3,renewed,2026-04-24,2,,
acct_02470,1,activated,2026-03-02,0,,
acct_02470,2,renewed,2026-04-02,1,,
acct_02470,3,paused,2026-05-02,2,,
acct_02471,1,activated,2026-03-31,0,,
acct_02471,2,renewed,2026-04-30,1,,
acct_02472,1,activated,2026-03-19,0,,
acct_02472,2,canceled,2026-04-19,1,never_activated,
acct_02473,1,activated,2026-03-07,0,,
acct_02473,2,renewed,2026-04-07,1,,
acct_02474,1,activated,2026-02-26,0,,
acct_02474,2,renewed,2026-03-26,1,,
acct_02474,3,renewed,2026-04-26,2,,
acct_02475,1,activated,2026-01-25,0,,
acct_02475,2,renewed,2026-02-25,1,,
acct_02475,3,renewed,2026-03-25,2,,
acct_02475,4,renewed,2026-04-25,3,,
acct_02476,1,activated,2026-02-08,0,,
acct_02476,2,renewed,2026-03-08,1,,
acct_02476,3,renewed,2026-04-08,2,,
acct_02477,1,activated,2026-02-13,0,,
acct_02477,2,skipped,2026-03-13,1,,
acct_02477,3,renewed,2026-04-13,2,,
acct_02478,1,activated,2026-02-26,0,,
acct_02478,2,canceled,2026-03-26,1,voluntary,
acct_02479,1,activated,2026-04-12,0,,
acct_02480,1,activated,2026-03-06,0,,
acct_02480,2,renewed,2026-04-06,1,,
acct_02481,1,activated,2026-02-17,0,,
acct_02481,2,renewed,2026-03-17,1,,
acct_02481,3,renewed,2026-04-17,2,,
acct_02482,1,activated,2026-02-04,0,,
acct_02482,2,skipped,2026-03-04,1,,
acct_02482,3,renewed,2026-04-04,2,,
acct_02483,1,activated,2026-02-24,0,,
acct_02483,2,renewed,2026-03-24,1,,
acct_02483,3,renewed,2026-04-24,2,,
acct_02484,1,activated,2026-03-27,0,,
acct_02484,2,renewed,2026-04-27,1,,
acct_02485,1,activated,2026-02-27,0,,
acct_02485,2,renewed,2026-03-27,1,,
acct_02485,3,renewed,2026-04-27,2,,
acct_02486,1,activated,2026-03-23,0,,
acct_02486,2,canceled,2026-04-23,1,voluntary,
acct_02487,1,activated,2026-03-25,0,,
acct_02487,2,renewed,2026-04-25,1,,
acct_02488,1,activated,2026-02-05,0,,
acct_02488,2,skipped,2026-03-05,1,,
acct_02488,3,renewed,2026-04-05,2,,
acct_02489,1,activated,2026-03-12,0,,
acct_02489,2,renewed,2026-04-12,1,,
acct_02490,1,activated,2026-04-16,0,,
acct_02491,1,activated,2026-02-28,0,,
acct_02491,2,tier_changed,2026-03-28,1,upgrade,large
acct_02491,3,renewed,2026-03-28,1,,
acct_02491,4,renewed,2026-04-28,2,,
acct_02492,1,activated,2026-01-25,0,,
acct_02492,2,tier_changed,2026-02-25,1,upgrade,medium
acct_02492,3,renewed,2026-02-25,1,,
acct_02492,4,skipped,2026-03-25,2,,
acct_02492,5,renewed,2026-04-25,3,,
acct_02493,1,activated,2026-04-09,0,,
acct_02494,1,activated,2026-04-03,0,,
acct_02494,2,canceled,2026-05-03,1,voluntary,
acct_02495,1,activated,2026-03-07,0,,
acct_02495,2,tier_changed,2026-04-07,1,upgrade,large
acct_02495,3,renewed,2026-04-07,1,,
acct_02496,1,activated,2026-03-09,0,,
acct_02496,2,renewed,2026-04-09,1,,
acct_02497,1,activated,2026-02-15,0,,
acct_02497,2,renewed,2026-03-15,1,,
acct_02497,3,renewed,2026-04-15,2,,
acct_02498,1,activated,2026-03-27,0,,
acct_02498,2,renewed,2026-04-27,1,,
acct_02499,1,activated,2026-03-05,0,,
acct_02499,2,renewed,2026-04-05,1,,
acct_02500,1,activated,2026-01-21,0,,
acct_02500,2,skipped,2026-02-21,1,,
acct_02500,3,renewed,2026-03-21,2,,
acct_02500,4,renewed,2026-04-21,3,,
acct_02501,1,activated,2026-03-17,0,,
acct_02501,2,renewed,2026-04-17,1,,
acct_02502,1,activated,2026-04-14,0,,
acct_02503,1,activated,2026-03-28,0,,
acct_02503,2,paused,2026-04-28,1,,
acct_02504,1,activated,2026-02-20,0,,
acct_02504,2,renewed,2026-03-20,1,,
acct_02504,3,renewed,2026-04-20,2,,
acct_02505,1,activated,2026-01-26,0,,
acct_02505,2,canceled,2026-02-26,1,voluntary,
acct_02506,1,activated,2026-04-12,0,,
acct_02507,1,activated,2026-04-11,0,,
acct_02508,1,activated,2026-03-07,0,,
acct_02508,2,renewed,2026-04-07,1,,
acct_02509,1,activated,2026-03-14,0,,
acct_02509,2,renewed,2026-04-14,1,,
acct_02510,1,activated,2026-03-03,0,,
acct_02510,2,paused,2026-04-03,1,,
acct_02510,3,resumed,2026-05-03,2,,
acct_02510,4,renewed,2026-05-03,2,,
acct_02511,1,activated,2026-03-01,0,,
acct_02511,2,renewed,2026-04-01,1,,
acct_02511,3,renewed,2026-05-01,2,,
acct_02512,1,activated,2026-02-06,0,,
acct_02512,2,renewed,2026-03-06,1,,
acct_02512,3,renewed,2026-04-06,2,,
acct_02513,1,activated,2026-02-03,0,,
acct_02513,2,canceled,2026-03-03,1,voluntary,
acct_02514,1,activated,2026-02-16,0,,
acct_02514,2,renewed,2026-03-16,1,,
acct_02514,3,canceled,2026-04-16,2,voluntary,
acct_02515,1,activated,2026-03-29,0,,
acct_02515,2,canceled,2026-04-29,1,voluntary,
acct_02516,1,activated,2026-02-09,0,,
acct_02516,2,renewed,2026-03-09,1,,
acct_02516,3,renewed,2026-04-09,2,,
acct_02517,1,activated,2026-02-16,0,,
acct_02517,2,canceled,2026-03-16,1,never_activated,
acct_02518,1,activated,2026-03-08,0,,
acct_02518,2,renewed,2026-04-08,1,,
acct_02519,1,activated,2026-02-15,0,,
acct_02519,2,canceled,2026-03-15,1,voluntary,
acct_02520,1,activated,2026-02-10,0,,
acct_02520,2,canceled,2026-03-10,1,voluntary,
acct_02521,1,activated,2026-03-09,0,,
acct_02521,2,renewed,2026-04-09,1,,
acct_02522,1,activated,2026-02-26,0,,
acct_02522,2,renewed,2026-03-26,1,,
acct_02522,3,canceled,2026-04-26,2,voluntary,
acct_02523,1,activated,2026-03-13,0,,
acct_02523,2,canceled,2026-04-13,1,voluntary,
acct_02524,1,activated,2026-04-07,0,,
acct_02525,1,activated,2026-02-09,0,,
acct_02525,2,renewed,2026-03-09,1,,
acct_02525,3,renewed,2026-04-09,2,,
acct_02526,1,activated,2026-04-07,0,,
acct_02527,1,activated,2026-04-05,0,,
acct_02528,1,activated,2026-03-28,0,,
acct_02528,2,renewed,2026-04-28,1,,
acct_02529,1,activated,2026-03-13,0,,
acct_02529,2,renewed,2026-04-13,1,,
acct_02530,1,activated,2026-03-13,0,,
acct_02530,2,renewed,2026-04-13,1,,
acct_02531,1,activated,2026-03-14,0,,
acct_02531,2,canceled,2026-03-14,0,day_zero,
acct_02532,1,activated,2026-03-17,0,,
acct_02532,2,renewed,2026-04-17,1,,
acct_02533,1,activated,2026-01-15,0,,
acct_02533,2,renewed,2026-02-15,1,,
acct_02533,3,renewed,2026-03-15,2,,
acct_02533,4,renewed,2026-04-15,3,,
acct_02534,1,activated,2026-04-16,0,,
acct_02535,1,activated,2026-03-10,0,,
acct_02535,2,renewed,2026-04-10,1,,
acct_02536,1,activated,2026-03-24,0,,
acct_02536,2,renewed,2026-04-24,1,,
acct_02537,1,activated,2026-02-26,0,,
acct_02537,2,renewed,2026-03-26,1,,
acct_02537,3,renewed,2026-04-26,2,,
acct_02538,1,activated,2026-01-13,0,,
acct_02538,2,renewed,2026-02-13,1,,
acct_02538,3,tier_changed,2026-03-13,2,upgrade,large
acct_02538,4,renewed,2026-03-13,2,,
acct_02538,5,renewed,2026-04-13,3,,
acct_02539,1,activated,2026-03-06,0,,
acct_02539,2,canceled,2026-04-06,1,voluntary,
acct_02540,1,activated,2026-03-06,0,,
acct_02540,2,renewed,2026-04-06,1,,
acct_02541,1,activated,2026-03-02,0,,
acct_02541,2,canceled,2026-04-02,1,never_activated,
acct_02542,1,activated,2026-02-24,0,,
acct_02542,2,renewed,2026-03-24,1,,
acct_02542,3,paused,2026-04-24,2,,
acct_02543,1,activated,2026-02-18,0,,
acct_02543,2,renewed,2026-03-18,1,,
acct_02543,3,renewed,2026-04-18,2,,
acct_02544,1,activated,2026-03-07,0,,
acct_02544,2,renewed,2026-04-07,1,,
acct_02545,1,activated,2026-02-26,0,,
acct_02545,2,renewed,2026-03-26,1,,
acct_02545,3,renewed,2026-04-26,2,,
acct_02546,1,activated,2026-04-19,0,,
acct_02547,1,activated,2026-02-11,0,,
acct_02547,2,renewed,2026-03-11,1,,
acct_02547,3,renewed,2026-04-11,2,,
acct_02548,1,activated,2026-02-23,0,,
acct_02548,2,canceled,2026-03-23,1,never_activated,
acct_02549,1,activated,2026-02-21,0,,
acct_02549,2,canceled,2026-03-21,1,voluntary,
acct_02550,1,activated,2026-03-08,0,,
acct_02550,2,renewed,2026-04-08,1,,
acct_02551,1,activated,2026-03-05,0,,
acct_02551,2,renewed,2026-04-05,1,,
acct_02552,1,activated,2026-03-14,0,,
acct_02552,2,canceled,2026-04-14,1,voluntary,
acct_02553,1,activated,2026-04-14,0,,
acct_02554,1,activated,2026-02-20,0,,
acct_02554,2,renewed,2026-03-20,1,,
acct_02554,3,renewed,2026-04-20,2,,
acct_02555,1,activated,2026-03-17,0,,
acct_02555,2,renewed,2026-04-17,1,,
acct_02556,1,activated,2026-01-18,0,,
acct_02556,2,skipped,2026-02-18,1,,
acct_02556,3,renewed,2026-03-18,2,,
acct_02556,4,renewed,2026-04-18,3,,
acct_02557,1,activated,2026-02-19,0,,
acct_02557,2,renewed,2026-03-19,1,,
acct_02557,3,renewed,2026-04-19,2,,
acct_02558,1,activated,2026-03-03,0,,
acct_02558,2,renewed,2026-04-03,1,,
acct_02558,3,renewed,2026-05-03,2,,
acct_02559,1,activated,2026-01-20,0,,
acct_02559,2,renewed,2026-02-20,1,,
acct_02559,3,renewed,2026-03-20,2,,
acct_02559,4,renewed,2026-04-20,3,,
acct_02560,1,activated,2026-03-12,0,,
acct_02560,2,canceled,2026-04-12,1,voluntary,
acct_02561,1,activated,2026-03-16,0,,
acct_02561,2,canceled,2026-04-16,1,voluntary,
acct_02562,1,activated,2026-03-21,0,,
acct_02562,2,renewed,2026-04-21,1,,
acct_02563,1,activated,2026-03-06,0,,
acct_02563,2,canceled,2026-04-06,1,voluntary,
acct_02564,1,activated,2026-03-12,0,,
acct_02564,2,paused,2026-04-12,1,,
acct_02565,1,activated,2026-02-27,0,,
acct_02565,2,renewed,2026-03-27,1,,
acct_02565,3,renewed,2026-04-27,2,,
acct_02566,1,activated,2026-01-23,0,,
acct_02566,2,renewed,2026-02-23,1,,
acct_02566,3,renewed,2026-03-23,2,,
acct_02566,4,renewed,2026-04-23,3,,
acct_02567,1,activated,2026-02-03,0,,
acct_02567,2,renewed,2026-03-03,1,,
acct_02567,3,renewed,2026-04-03,2,,
acct_02567,4,skipped,2026-05-03,3,,
acct_02568,1,activated,2026-03-15,0,,
acct_02568,2,renewed,2026-04-15,1,,
acct_02569,1,activated,2026-04-30,0,,
acct_02570,1,activated,2026-01-15,0,,
acct_02570,2,renewed,2026-02-15,1,,
acct_02570,3,renewed,2026-03-15,2,,
acct_02570,4,renewed,2026-04-15,3,,
acct_02571,1,activated,2026-03-09,0,,
acct_02571,2,renewed,2026-04-09,1,,
acct_02572,1,activated,2026-03-21,0,,
acct_02572,2,renewed,2026-04-21,1,,
acct_02573,1,activated,2026-03-28,0,,
acct_02573,2,skipped,2026-04-28,1,,
acct_02574,1,activated,2026-03-08,0,,
acct_02574,2,canceled,2026-04-08,1,never_activated,
acct_02575,1,activated,2026-03-13,0,,
acct_02575,2,paused,2026-04-13,1,,
acct_02576,1,activated,2026-03-17,0,,
acct_02576,2,canceled,2026-04-17,1,voluntary,
acct_02577,1,activated,2026-03-31,0,,
acct_02577,2,renewed,2026-04-30,1,,
acct_02578,1,activated,2026-02-06,0,,
acct_02578,2,renewed,2026-03-06,1,,
acct_02578,3,renewed,2026-04-06,2,,
acct_02579,1,activated,2026-04-09,0,,
acct_02580,1,activated,2026-01-19,0,,
acct_02580,2,renewed,2026-02-19,1,,
acct_02580,3,renewed,2026-03-19,2,,
acct_02580,4,renewed,2026-04-19,3,,
acct_02581,1,activated,2026-03-29,0,,
acct_02581,2,renewed,2026-04-29,1,,
acct_02582,1,activated,2026-01-30,0,,
acct_02582,2,canceled,2026-02-28,1,never_activated,
acct_02583,1,activated,2026-02-13,0,,
acct_02583,2,renewed,2026-03-13,1,,
acct_02583,3,renewed,2026-04-13,2,,
acct_02584,1,activated,2026-01-09,0,,
acct_02584,2,renewed,2026-02-09,1,,
acct_02584,3,renewed,2026-03-09,2,,
acct_02584,4,skipped,2026-04-09,3,,
acct_02585,1,activated,2026-03-02,0,,
acct_02585,2,renewed,2026-04-02,1,,
acct_02585,3,canceled,2026-05-02,2,never_activated,
acct_02586,1,activated,2026-02-24,0,,
acct_02586,2,renewed,2026-03-24,1,,
acct_02586,3,renewed,2026-04-24,2,,
acct_02587,1,activated,2026-02-11,0,,
acct_02587,2,renewed,2026-03-11,1,,
acct_02587,3,renewed,2026-04-11,2,,
acct_02588,1,activated,2026-03-03,0,,
acct_02588,2,renewed,2026-04-03,1,,
acct_02588,3,renewed,2026-05-03,2,,
acct_02589,1,activated,2026-02-28,0,,
acct_02589,2,renewed,2026-03-28,1,,
acct_02589,3,renewed,2026-04-28,2,,
acct_02590,1,activated,2026-03-23,0,,
acct_02590,2,renewed,2026-04-23,1,,
acct_02591,1,activated,2026-04-04,0,,
acct_02592,1,activated,2026-03-15,0,,
acct_02592,2,renewed,2026-04-15,1,,
acct_02593,1,activated,2026-02-06,0,,
acct_02593,2,canceled,2026-03-06,1,voluntary,
acct_02594,1,activated,2026-02-21,0,,
acct_02594,2,renewed,2026-03-21,1,,
acct_02594,3,renewed,2026-04-21,2,,
acct_02595,1,activated,2026-04-07,0,,
acct_02596,1,activated,2026-02-01,0,,
acct_02596,2,paused,2026-03-01,1,,
acct_02597,1,activated,2026-02-28,0,,
acct_02597,2,canceled,2026-03-28,1,never_activated,
acct_02598,1,activated,2026-04-12,0,,
acct_02599,1,activated,2026-04-14,0,,
acct_02600,1,activated,2026-02-28,0,,
acct_02600,2,renewed,2026-03-28,1,,
acct_02600,3,skipped,2026-04-28,2,,
acct_02601,1,activated,2026-03-15,0,,
acct_02601,2,renewed,2026-04-15,1,,
acct_02602,1,activated,2026-03-03,0,,
acct_02602,2,renewed,2026-04-03,1,,
acct_02602,3,renewed,2026-05-03,2,,
acct_02603,1,activated,2026-03-21,0,,
acct_02603,2,canceled,2026-04-21,1,voluntary,
acct_02604,1,activated,2026-01-20,0,,
acct_02604,2,renewed,2026-02-20,1,,
acct_02604,3,renewed,2026-03-20,2,,
acct_02604,4,renewed,2026-04-20,3,,
acct_02605,1,activated,2026-02-08,0,,
acct_02605,2,renewed,2026-03-08,1,,
acct_02605,3,renewed,2026-04-08,2,,
acct_02606,1,activated,2026-03-12,0,,
acct_02606,2,paused,2026-04-12,1,,
acct_02607,1,activated,2026-02-16,0,,
acct_02607,2,renewed,2026-03-16,1,,
acct_02607,3,renewed,2026-04-16,2,,
acct_02608,1,activated,2026-03-15,0,,
acct_02608,2,skipped,2026-04-15,1,,
acct_02609,1,activated,2026-02-25,0,,
acct_02609,2,skipped,2026-03-25,1,,
acct_02609,3,renewed,2026-04-25,2,,
acct_02610,1,activated,2026-04-03,0,,
acct_02610,2,skipped,2026-05-03,1,,
acct_02611,1,activated,2026-03-27,0,,
acct_02611,2,renewed,2026-04-27,1,,
acct_02612,1,activated,2026-03-05,0,,
acct_02612,2,canceled,2026-04-05,1,never_activated,
acct_02613,1,activated,2026-03-23,0,,
acct_02613,2,canceled,2026-04-23,1,voluntary,
acct_02614,1,activated,2026-02-19,0,,
acct_02614,2,renewed,2026-03-19,1,,
acct_02614,3,renewed,2026-04-19,2,,
acct_02615,1,activated,2026-03-05,0,,
acct_02615,2,renewed,2026-04-05,1,,
acct_02616,1,activated,2026-02-14,0,,
acct_02616,2,canceled,2026-03-14,1,never_activated,
acct_02617,1,activated,2026-03-31,0,,
acct_02617,2,renewed,2026-04-30,1,,
acct_02618,1,activated,2026-03-27,0,,
acct_02618,2,renewed,2026-04-27,1,,
acct_02619,1,activated,2026-04-05,0,,
acct_02620,1,activated,2026-04-02,0,,
acct_02620,2,paused,2026-05-02,1,,
acct_02621,1,activated,2026-04-16,0,,
acct_02622,1,activated,2026-02-16,0,,
acct_02622,2,renewed,2026-03-16,1,,
acct_02622,3,renewed,2026-04-16,2,,
acct_02623,1,activated,2026-04-10,0,,
acct_02624,1,activated,2026-03-10,0,,
acct_02624,2,canceled,2026-03-10,0,day_zero,
acct_02625,1,activated,2026-03-01,0,,
acct_02625,2,canceled,2026-04-01,1,voluntary,
acct_02626,1,activated,2026-03-09,0,,
acct_02626,2,renewed,2026-04-09,1,,
acct_02627,1,activated,2026-02-24,0,,
acct_02627,2,renewed,2026-03-24,1,,
acct_02627,3,paused,2026-04-24,2,,
acct_02628,1,activated,2026-02-21,0,,
acct_02628,2,renewed,2026-03-21,1,,
acct_02628,3,renewed,2026-04-21,2,,
acct_02629,1,activated,2026-02-17,0,,
acct_02629,2,canceled,2026-03-17,1,never_activated,
acct_02630,1,activated,2026-01-31,0,,
acct_02630,2,renewed,2026-02-28,1,,
acct_02630,3,paused,2026-03-31,2,,
acct_02630,4,resumed,2026-04-30,3,,
acct_02630,5,skipped,2026-04-30,3,,
acct_02631,1,activated,2026-03-05,0,,
acct_02631,2,canceled,2026-04-05,1,never_activated,
acct_02632,1,activated,2026-04-03,0,,
acct_02632,2,paused,2026-05-03,1,,
acct_02633,1,activated,2026-03-13,0,,
acct_02633,2,renewed,2026-04-13,1,,
acct_02634,1,activated,2026-03-07,0,,
acct_02634,2,canceled,2026-04-07,1,voluntary,
acct_02635,1,activated,2026-03-01,0,,
acct_02635,2,renewed,2026-04-01,1,,
acct_02635,3,tier_changed,2026-05-01,2,upgrade,large
acct_02635,4,renewed,2026-05-01,2,,
acct_02636,1,activated,2026-03-03,0,,
acct_02636,2,renewed,2026-04-03,1,,
acct_02636,3,renewed,2026-05-03,2,,
acct_02637,1,activated,2026-02-15,0,,
acct_02637,2,renewed,2026-03-15,1,,
acct_02637,3,renewed,2026-04-15,2,,
acct_02638,1,activated,2026-03-27,0,,
acct_02638,2,renewed,2026-04-27,1,,
acct_02639,1,activated,2026-02-14,0,,
acct_02639,2,renewed,2026-03-14,1,,
acct_02639,3,renewed,2026-04-14,2,,
acct_02640,1,activated,2026-03-19,0,,
acct_02640,2,paused,2026-04-19,1,,
acct_02641,1,activated,2026-03-22,0,,
acct_02641,2,renewed,2026-04-22,1,,
acct_02642,1,activated,2026-03-10,0,,
acct_02642,2,canceled,2026-04-10,1,never_activated,
acct_02643,1,activated,2026-03-31,0,,
acct_02643,2,renewed,2026-04-30,1,,
acct_02644,1,activated,2026-02-21,0,,
acct_02644,2,renewed,2026-03-21,1,,
acct_02644,3,renewed,2026-04-21,2,,
acct_02645,1,activated,2026-04-03,0,,
acct_02645,2,renewed,2026-05-03,1,,
acct_02646,1,activated,2026-03-20,0,,
acct_02646,2,renewed,2026-04-20,1,,
acct_02647,1,activated,2026-03-25,0,,
acct_02647,2,renewed,2026-04-25,1,,
acct_02648,1,activated,2026-03-15,0,,
acct_02648,2,renewed,2026-04-15,1,,
acct_02649,1,activated,2026-03-30,0,,
acct_02649,2,renewed,2026-04-30,1,,
acct_02650,1,activated,2026-04-28,0,,
acct_02651,1,activated,2026-03-01,0,,
acct_02651,2,skipped,2026-04-01,1,,
acct_02651,3,renewed,2026-05-01,2,,
acct_02652,1,activated,2026-03-26,0,,
acct_02652,2,canceled,2026-04-26,1,never_activated,
acct_02653,1,activated,2026-03-21,0,,
acct_02653,2,renewed,2026-04-21,1,,
acct_02654,1,activated,2026-03-03,0,,
acct_02654,2,renewed,2026-04-03,1,,
acct_02654,3,skipped,2026-05-03,2,,
acct_02655,1,activated,2026-04-09,0,,
acct_02656,1,activated,2026-02-27,0,,
acct_02656,2,canceled,2026-03-27,1,voluntary,
acct_02657,1,activated,2026-03-09,0,,
acct_02657,2,renewed,2026-04-09,1,,
acct_02658,1,activated,2026-02-04,0,,
acct_02658,2,renewed,2026-03-04,1,,
acct_02658,3,renewed,2026-04-04,2,,
acct_02659,1,activated,2026-02-16,0,,
acct_02659,2,renewed,2026-03-16,1,,
acct_02659,3,canceled,2026-04-16,2,never_activated,
acct_02660,1,activated,2026-03-29,0,,
acct_02660,2,renewed,2026-04-29,1,,
acct_02661,1,activated,2026-02-27,0,,
acct_02661,2,renewed,2026-03-27,1,,
acct_02661,3,renewed,2026-04-27,2,,
acct_02662,1,activated,2026-02-27,0,,
acct_02662,2,renewed,2026-03-27,1,,
acct_02662,3,renewed,2026-04-27,2,,
acct_02663,1,activated,2026-02-18,0,,
acct_02663,2,canceled,2026-03-18,1,never_activated,
acct_02664,1,activated,2026-03-05,0,,
acct_02664,2,canceled,2026-04-05,1,voluntary,
acct_02665,1,activated,2026-03-26,0,,
acct_02665,2,renewed,2026-04-26,1,,
acct_02666,1,activated,2026-04-04,0,,
acct_02667,1,activated,2026-01-29,0,,
acct_02667,2,renewed,2026-02-28,1,,
acct_02667,3,renewed,2026-03-29,2,,
acct_02667,4,renewed,2026-04-29,3,,
acct_02668,1,activated,2026-03-10,0,,
acct_02668,2,renewed,2026-04-10,1,,
acct_02669,1,activated,2026-03-04,0,,
acct_02669,2,renewed,2026-04-04,1,,
acct_02670,1,activated,2026-03-12,0,,
acct_02670,2,canceled,2026-04-12,1,voluntary,
acct_02671,1,activated,2026-03-02,0,,
acct_02671,2,renewed,2026-04-02,1,,
acct_02671,3,renewed,2026-05-02,2,,
acct_02672,1,activated,2026-02-28,0,,
acct_02672,2,renewed,2026-03-28,1,,
acct_02672,3,renewed,2026-04-28,2,,
acct_02673,1,activated,2026-03-04,0,,
acct_02673,2,canceled,2026-04-04,1,voluntary,
acct_02674,1,activated,2026-03-10,0,,
acct_02674,2,renewed,2026-04-10,1,,
acct_02675,1,activated,2026-03-06,0,,
acct_02675,2,paused,2026-04-06,1,,
acct_02676,1,activated,2026-03-04,0,,
acct_02676,2,renewed,2026-04-04,1,,
acct_02677,1,activated,2026-03-27,0,,
acct_02677,2,renewed,2026-04-27,1,,
acct_02678,1,activated,2026-03-21,0,,
acct_02678,2,paused,2026-04-21,1,,
acct_02679,1,activated,2026-02-24,0,,
acct_02679,2,renewed,2026-03-24,1,,
acct_02679,3,renewed,2026-04-24,2,,
acct_02680,1,activated,2026-03-25,0,,
acct_02680,2,canceled,2026-03-25,0,day_zero,
acct_02681,1,activated,2026-03-30,0,,
acct_02681,2,renewed,2026-04-30,1,,
acct_02682,1,activated,2026-02-09,0,,
acct_02682,2,renewed,2026-03-09,1,,
acct_02682,3,renewed,2026-04-09,2,,
acct_02683,1,activated,2026-03-10,0,,
acct_02683,2,renewed,2026-04-10,1,,
acct_02684,1,activated,2026-02-20,0,,
acct_02684,2,canceled,2026-03-20,1,never_activated,
acct_02685,1,activated,2026-03-20,0,,
acct_02685,2,renewed,2026-04-20,1,,
acct_02686,1,activated,2026-02-17,0,,
acct_02686,2,renewed,2026-03-17,1,,
acct_02686,3,renewed,2026-04-17,2,,
acct_02687,1,activated,2026-03-16,0,,
acct_02687,2,canceled,2026-04-16,1,voluntary,
acct_02688,1,activated,2026-02-18,0,,
acct_02688,2,renewed,2026-03-18,1,,
acct_02688,3,canceled,2026-04-18,2,never_activated,
acct_02689,1,activated,2026-03-06,0,,
acct_02689,2,renewed,2026-04-06,1,,
acct_02690,1,activated,2026-04-13,0,,
acct_02691,1,activated,2026-02-27,0,,
acct_02691,2,renewed,2026-03-27,1,,
acct_02691,3,renewed,2026-04-27,2,,
acct_02692,1,activated,2026-04-02,0,,
acct_02692,2,renewed,2026-05-02,1,,
acct_02693,1,activated,2026-04-25,0,,
acct_02694,1,activated,2026-04-02,0,,
acct_02694,2,renewed,2026-05-02,1,,
acct_02695,1,activated,2026-02-11,0,,
acct_02695,2,canceled,2026-03-11,1,voluntary,
acct_02696,1,activated,2026-03-27,0,,
acct_02696,2,renewed,2026-04-27,1,,
acct_02697,1,activated,2026-01-21,0,,
acct_02697,2,canceled,2026-02-21,1,voluntary,
acct_02698,1,activated,2026-02-27,0,,
acct_02698,2,renewed,2026-03-27,1,,
acct_02698,3,renewed,2026-04-27,2,,
acct_02699,1,activated,2026-04-01,0,,
acct_02699,2,canceled,2026-05-01,1,voluntary,
acct_02700,1,activated,2026-03-17,0,,
acct_02700,2,tier_changed,2026-04-17,1,upgrade,medium
acct_02700,3,renewed,2026-04-17,1,,
acct_02701,1,activated,2026-03-07,0,,
acct_02701,2,canceled,2026-04-07,1,never_activated,
acct_02702,1,activated,2026-02-27,0,,
acct_02702,2,skipped,2026-03-27,1,,
acct_02702,3,renewed,2026-04-27,2,,
acct_02703,1,activated,2026-03-26,0,,
acct_02703,2,renewed,2026-04-26,1,,
acct_02704,1,activated,2026-03-18,0,,
acct_02704,2,renewed,2026-04-18,1,,
acct_02705,1,activated,2026-03-04,0,,
acct_02705,2,renewed,2026-04-04,1,,
acct_02706,1,activated,2026-04-04,0,,
acct_02707,1,activated,2026-02-16,0,,
acct_02707,2,renewed,2026-03-16,1,,
acct_02707,3,canceled,2026-04-16,2,voluntary,
acct_02708,1,activated,2026-02-11,0,,
acct_02708,2,renewed,2026-03-11,1,,
acct_02708,3,renewed,2026-04-11,2,,
acct_02709,1,activated,2026-03-14,0,,
acct_02709,2,renewed,2026-04-14,1,,
acct_02710,1,activated,2026-04-20,0,,
acct_02711,1,activated,2026-02-18,0,,
acct_02711,2,renewed,2026-03-18,1,,
acct_02711,3,canceled,2026-04-18,2,voluntary,
acct_02712,1,activated,2026-02-18,0,,
acct_02712,2,canceled,2026-03-18,1,never_activated,
acct_02713,1,activated,2026-02-08,0,,
acct_02713,2,renewed,2026-03-08,1,,
acct_02713,3,renewed,2026-04-08,2,,
acct_02714,1,activated,2026-03-31,0,,
acct_02714,2,renewed,2026-04-30,1,,
acct_02715,1,activated,2026-02-16,0,,
acct_02715,2,renewed,2026-03-16,1,,
acct_02715,3,renewed,2026-04-16,2,,
acct_02716,1,activated,2026-03-06,0,,
acct_02716,2,renewed,2026-04-06,1,,
acct_02717,1,activated,2026-04-27,0,,
acct_02718,1,activated,2026-01-13,0,,
acct_02718,2,canceled,2026-02-13,1,voluntary,
acct_02719,1,activated,2026-03-09,0,,
acct_02719,2,tier_changed,2026-04-09,1,downgrade,small
acct_02719,3,renewed,2026-04-09,1,,
acct_02720,1,activated,2026-03-06,0,,
acct_02720,2,renewed,2026-04-06,1,,
acct_02721,1,activated,2026-03-26,0,,
acct_02721,2,canceled,2026-04-26,1,voluntary,
acct_02722,1,activated,2026-02-25,0,,
acct_02722,2,renewed,2026-03-25,1,,
acct_02722,3,renewed,2026-04-25,2,,
acct_02723,1,activated,2026-02-28,0,,
acct_02723,2,canceled,2026-03-28,1,never_activated,
acct_02724,1,activated,2026-02-11,0,,
acct_02724,2,canceled,2026-02-11,0,day_zero,
acct_02725,1,activated,2026-03-21,0,,
acct_02725,2,canceled,2026-04-21,1,voluntary,
acct_02726,1,activated,2026-03-24,0,,
acct_02726,2,renewed,2026-04-24,1,,
acct_02727,1,activated,2026-02-08,0,,
acct_02727,2,canceled,2026-03-08,1,voluntary,
acct_02728,1,activated,2026-02-27,0,,
acct_02728,2,canceled,2026-03-27,1,never_activated,
acct_02729,1,activated,2026-04-04,0,,
acct_02730,1,activated,2026-01-08,0,,
acct_02730,2,renewed,2026-02-08,1,,
acct_02730,3,renewed,2026-03-08,2,,
acct_02730,4,renewed,2026-04-08,3,,
acct_02731,1,activated,2026-02-21,0,,
acct_02731,2,renewed,2026-03-21,1,,
acct_02731,3,renewed,2026-04-21,2,,
acct_02732,1,activated,2026-03-09,0,,
acct_02732,2,renewed,2026-04-09,1,,
acct_02733,1,activated,2026-02-24,0,,
acct_02733,2,canceled,2026-03-24,1,voluntary,
acct_02734,1,activated,2026-02-19,0,,
acct_02734,2,renewed,2026-03-19,1,,
acct_02734,3,renewed,2026-04-19,2,,
acct_02735,1,activated,2026-03-03,0,,
acct_02735,2,canceled,2026-04-03,1,never_activated,
acct_02736,1,activated,2026-02-12,0,,
acct_02736,2,renewed,2026-03-12,1,,
acct_02736,3,renewed,2026-04-12,2,,
acct_02737,1,activated,2026-03-07,0,,
acct_02737,2,renewed,2026-04-07,1,,
acct_02738,1,activated,2026-03-18,0,,
acct_02738,2,canceled,2026-04-18,1,voluntary,
acct_02739,1,activated,2026-03-10,0,,
acct_02739,2,canceled,2026-04-10,1,voluntary,
acct_02740,1,activated,2026-02-02,0,,
acct_02740,2,skipped,2026-03-02,1,,
acct_02740,3,renewed,2026-04-02,2,,
acct_02740,4,skipped,2026-05-02,3,,
acct_02741,1,activated,2026-03-29,0,,
acct_02741,2,renewed,2026-04-29,1,,
acct_02742,1,activated,2026-02-12,0,,
acct_02742,2,renewed,2026-03-12,1,,
acct_02742,3,renewed,2026-04-12,2,,
acct_02743,1,activated,2026-03-22,0,,
acct_02743,2,renewed,2026-04-22,1,,
acct_02744,1,activated,2026-02-25,0,,
acct_02744,2,renewed,2026-03-25,1,,
acct_02744,3,renewed,2026-04-25,2,,
acct_02745,1,activated,2026-03-24,0,,
acct_02745,2,renewed,2026-04-24,1,,
acct_02746,1,activated,2026-02-14,0,,
acct_02746,2,skipped,2026-03-14,1,,
acct_02746,3,skipped,2026-04-14,2,,
acct_02747,1,activated,2026-02-13,0,,
acct_02747,2,renewed,2026-03-13,1,,
acct_02747,3,renewed,2026-04-13,2,,
acct_02748,1,activated,2026-03-05,0,,
acct_02748,2,renewed,2026-04-05,1,,
acct_02749,1,activated,2026-01-21,0,,
acct_02749,2,renewed,2026-02-21,1,,
acct_02749,3,canceled,2026-03-21,2,voluntary,
acct_02750,1,activated,2026-02-16,0,,
acct_02750,2,renewed,2026-03-16,1,,
acct_02750,3,renewed,2026-04-16,2,,
acct_02751,1,activated,2026-03-19,0,,
acct_02751,2,renewed,2026-04-19,1,,
acct_02752,1,activated,2026-03-29,0,,
acct_02752,2,canceled,2026-04-29,1,never_activated,
acct_02753,1,activated,2026-01-31,0,,
acct_02753,2,renewed,2026-02-28,1,,
acct_02753,3,renewed,2026-03-31,2,,
acct_02753,4,renewed,2026-04-30,3,,
acct_02754,1,activated,2026-04-03,0,,
acct_02754,2,renewed,2026-05-03,1,,
acct_02755,1,activated,2026-03-25,0,,
acct_02755,2,renewed,2026-04-25,1,,
acct_02756,1,activated,2026-04-01,0,,
acct_02756,2,renewed,2026-05-01,1,,
acct_02757,1,activated,2026-03-18,0,,
acct_02757,2,renewed,2026-04-18,1,,
acct_02758,1,activated,2026-03-16,0,,
acct_02758,2,canceled,2026-04-16,1,voluntary,
acct_02759,1,activated,2026-03-07,0,,
acct_02759,2,renewed,2026-04-07,1,,
acct_02760,1,activated,2026-03-15,0,,
acct_02760,2,renewed,2026-04-15,1,,
acct_02761,1,activated,2026-04-08,0,,
acct_02762,1,activated,2026-02-03,0,,
acct_02762,2,renewed,2026-03-03,1,,
acct_02762,3,renewed,2026-04-03,2,,
acct_02762,4,renewed,2026-05-03,3,,
acct_02763,1,activated,2026-02-22,0,,
acct_02763,2,renewed,2026-03-22,1,,
acct_02763,3,paused,2026-04-22,2,,
acct_02764,1,activated,2026-01-30,0,,
acct_02764,2,renewed,2026-02-28,1,,
acct_02764,3,renewed,2026-03-30,2,,
acct_02764,4,skipped,2026-04-30,3,,
acct_02765,1,activated,2026-04-13,0,,
acct_02766,1,activated,2026-03-02,0,,
acct_02766,2,renewed,2026-04-02,1,,
acct_02766,3,canceled,2026-05-02,2,voluntary,
acct_02767,1,activated,2026-03-16,0,,
acct_02767,2,renewed,2026-04-16,1,,
acct_02768,1,activated,2026-03-29,0,,
acct_02768,2,renewed,2026-04-29,1,,
acct_02769,1,activated,2026-04-27,0,,
acct_02770,1,activated,2026-02-10,0,,
acct_02770,2,canceled,2026-03-10,1,voluntary,
acct_02771,1,activated,2026-03-25,0,,
acct_02771,2,renewed,2026-04-25,1,,
acct_02772,1,activated,2026-04-03,0,,
acct_02772,2,renewed,2026-05-03,1,,
acct_02773,1,activated,2026-01-25,0,,
acct_02773,2,canceled,2026-02-25,1,voluntary,
acct_02774,1,activated,2026-03-21,0,,
acct_02774,2,renewed,2026-04-21,1,,
acct_02775,1,activated,2026-02-25,0,,
acct_02775,2,canceled,2026-03-25,1,voluntary,
acct_02776,1,activated,2026-03-14,0,,
acct_02776,2,canceled,2026-03-14,0,day_zero,
acct_02777,1,activated,2026-03-06,0,,
acct_02777,2,renewed,2026-04-06,1,,
acct_02778,1,activated,2026-02-19,0,,
acct_02778,2,canceled,2026-03-19,1,voluntary,
acct_02779,1,activated,2026-02-07,0,,
acct_02779,2,renewed,2026-03-07,1,,
acct_02779,3,renewed,2026-04-07,2,,
acct_02780,1,activated,2026-02-05,0,,
acct_02780,2,canceled,2026-03-05,1,never_activated,
acct_02781,1,activated,2026-02-03,0,,
acct_02781,2,renewed,2026-03-03,1,,
acct_02781,3,renewed,2026-04-03,2,,
acct_02781,4,renewed,2026-05-03,3,,
acct_02782,1,activated,2026-03-14,0,,
acct_02782,2,renewed,2026-04-14,1,,
acct_02783,1,activated,2026-02-25,0,,
acct_02783,2,renewed,2026-03-25,1,,
acct_02783,3,renewed,2026-04-25,2,,
acct_02784,1,activated,2026-02-15,0,,
acct_02784,2,renewed,2026-03-15,1,,
acct_02784,3,renewed,2026-04-15,2,,
acct_02785,1,activated,2026-03-17,0,,
acct_02785,2,renewed,2026-04-17,1,,
acct_02786,1,activated,2026-03-17,0,,
acct_02786,2,renewed,2026-04-17,1,,
acct_02787,1,activated,2026-03-08,0,,
acct_02787,2,canceled,2026-04-08,1,voluntary,
acct_02788,1,activated,2026-04-11,0,,
acct_02789,1,activated,2026-02-27,0,,
acct_02789,2,renewed,2026-03-27,1,,
acct_02789,3,renewed,2026-04-27,2,,
acct_02790,1,activated,2026-03-28,0,,
acct_02790,2,canceled,2026-03-28,0,day_zero,
acct_02791,1,activated,2026-01-30,0,,
acct_02791,2,canceled,2026-02-28,1,never_activated,
acct_02792,1,activated,2026-03-20,0,,
acct_02792,2,renewed,2026-04-20,1,,
acct_02793,1,activated,2026-04-26,0,,
acct_02794,1,activated,2026-03-30,0,,
acct_02794,2,tier_changed,2026-04-30,1,upgrade,large
acct_02794,3,renewed,2026-04-30,1,,
acct_02795,1,activated,2026-03-10,0,,
acct_02795,2,canceled,2026-04-10,1,voluntary,
acct_02796,1,activated,2026-03-13,0,,
acct_02796,2,skipped,2026-04-13,1,,
acct_02797,1,activated,2026-02-25,0,,
acct_02797,2,renewed,2026-03-25,1,,
acct_02797,3,canceled,2026-04-25,2,voluntary,
acct_02798,1,activated,2026-03-16,0,,
acct_02798,2,canceled,2026-04-16,1,voluntary,
acct_02799,1,activated,2026-03-23,0,,
acct_02799,2,renewed,2026-04-23,1,,
acct_02800,1,activated,2026-05-02,0,,
acct_02801,1,activated,2026-03-05,0,,
acct_02801,2,renewed,2026-04-05,1,,
acct_02802,1,activated,2026-01-28,0,,
acct_02802,2,canceled,2026-02-28,1,voluntary,
acct_02803,1,activated,2026-03-11,0,,
acct_02803,2,renewed,2026-04-11,1,,
acct_02804,1,activated,2026-02-06,0,,
acct_02804,2,renewed,2026-03-06,1,,
acct_02804,3,tier_changed,2026-04-06,2,upgrade,large
acct_02804,4,renewed,2026-04-06,2,,
acct_02805,1,activated,2026-02-17,0,,
acct_02805,2,renewed,2026-03-17,1,,
acct_02805,3,canceled,2026-04-17,2,voluntary,
acct_02806,1,activated,2026-02-23,0,,
acct_02806,2,canceled,2026-03-23,1,voluntary,
acct_02807,1,activated,2026-03-20,0,,
acct_02807,2,renewed,2026-04-20,1,,
acct_02808,1,activated,2026-02-12,0,,
acct_02808,2,renewed,2026-03-12,1,,
acct_02808,3,canceled,2026-04-12,2,voluntary,
acct_02809,1,activated,2026-02-11,0,,
acct_02809,2,renewed,2026-03-11,1,,
acct_02809,3,renewed,2026-04-11,2,,
acct_02810,1,activated,2026-01-24,0,,
acct_02810,2,renewed,2026-02-24,1,,
acct_02810,3,renewed,2026-03-24,2,,
acct_02810,4,renewed,2026-04-24,3,,
acct_02811,1,activated,2026-04-02,0,,
acct_02811,2,skipped,2026-05-02,1,,
acct_02812,1,activated,2026-03-17,0,,
acct_02812,2,canceled,2026-03-17,0,day_zero,
acct_02813,1,activated,2026-01-23,0,,
acct_02813,2,canceled,2026-02-23,1,never_activated,
acct_02814,1,activated,2026-01-19,0,,
acct_02814,2,renewed,2026-02-19,1,,
acct_02814,3,renewed,2026-03-19,2,,
acct_02814,4,skipped,2026-04-19,3,,
acct_02815,1,activated,2026-03-09,0,,
acct_02815,2,renewed,2026-04-09,1,,
acct_02816,1,activated,2026-02-20,0,,
acct_02816,2,renewed,2026-03-20,1,,
acct_02816,3,renewed,2026-04-20,2,,
acct_02817,1,activated,2026-03-11,0,,
acct_02817,2,skipped,2026-04-11,1,,
acct_02818,1,activated,2026-03-02,0,,
acct_02818,2,renewed,2026-04-02,1,,
acct_02818,3,skipped,2026-05-02,2,,
acct_02819,1,activated,2026-04-09,0,,
acct_02820,1,activated,2026-02-21,0,,
acct_02820,2,renewed,2026-03-21,1,,
acct_02820,3,renewed,2026-04-21,2,,
acct_02821,1,activated,2026-03-16,0,,
acct_02821,2,canceled,2026-04-16,1,voluntary,
acct_02822,1,activated,2026-01-26,0,,
acct_02822,2,tier_changed,2026-02-26,1,upgrade,medium
acct_02822,3,renewed,2026-02-26,1,,
acct_02822,4,canceled,2026-03-26,2,voluntary,
acct_02823,1,activated,2026-04-15,0,,
acct_02824,1,activated,2026-04-23,0,,
acct_02825,1,activated,2026-03-20,0,,
acct_02825,2,renewed,2026-04-20,1,,
acct_02826,1,activated,2026-03-03,0,,
acct_02826,2,renewed,2026-04-03,1,,
acct_02826,3,renewed,2026-05-03,2,,
acct_02827,1,activated,2026-02-15,0,,
acct_02827,2,renewed,2026-03-15,1,,
acct_02827,3,renewed,2026-04-15,2,,
acct_02828,1,activated,2026-03-26,0,,
acct_02828,2,renewed,2026-04-26,1,,
acct_02829,1,activated,2026-03-20,0,,
acct_02829,2,renewed,2026-04-20,1,,
acct_02830,1,activated,2026-02-16,0,,
acct_02830,2,paused,2026-03-16,1,,
acct_02830,3,resumed,2026-04-16,2,,
acct_02830,4,renewed,2026-04-16,2,,
acct_02831,1,activated,2026-03-03,0,,
acct_02831,2,canceled,2026-04-03,1,voluntary,
acct_02832,1,activated,2026-03-03,0,,
acct_02832,2,renewed,2026-04-03,1,,
acct_02832,3,renewed,2026-05-03,2,,
acct_02833,1,activated,2026-03-28,0,,
acct_02833,2,renewed,2026-04-28,1,,
acct_02834,1,activated,2026-03-17,0,,
acct_02834,2,renewed,2026-04-17,1,,
acct_02835,1,activated,2026-03-14,0,,
acct_02835,2,renewed,2026-04-14,1,,
acct_02836,1,activated,2026-03-14,0,,
acct_02836,2,renewed,2026-04-14,1,,
acct_02837,1,activated,2026-02-19,0,,
acct_02837,2,renewed,2026-03-19,1,,
acct_02837,3,renewed,2026-04-19,2,,
acct_02838,1,activated,2026-02-26,0,,
acct_02838,2,renewed,2026-03-26,1,,
acct_02838,3,canceled,2026-04-26,2,voluntary,
acct_02839,1,activated,2026-01-24,0,,
acct_02839,2,renewed,2026-02-24,1,,
acct_02839,3,renewed,2026-03-24,2,,
acct_02839,4,renewed,2026-04-24,3,,
acct_02840,1,activated,2026-03-24,0,,
acct_02840,2,canceled,2026-04-24,1,voluntary,
acct_02841,1,activated,2026-03-02,0,,
acct_02841,2,renewed,2026-04-02,1,,
acct_02841,3,renewed,2026-05-02,2,,
acct_02842,1,activated,2026-03-02,0,,
acct_02842,2,renewed,2026-04-02,1,,
acct_02842,3,renewed,2026-05-02,2,,
acct_02843,1,activated,2026-02-17,0,,
acct_02843,2,canceled,2026-03-17,1,voluntary,
acct_02844,1,activated,2026-02-15,0,,
acct_02844,2,canceled,2026-02-15,0,day_zero,
acct_02845,1,activated,2026-03-11,0,,
acct_02845,2,renewed,2026-04-11,1,,
acct_02846,1,activated,2026-02-16,0,,
acct_02846,2,renewed,2026-03-16,1,,
acct_02846,3,renewed,2026-04-16,2,,
acct_02847,1,activated,2026-01-28,0,,
acct_02847,2,renewed,2026-02-28,1,,
acct_02847,3,renewed,2026-03-28,2,,
acct_02847,4,renewed,2026-04-28,3,,
acct_02848,1,activated,2026-03-23,0,,
acct_02848,2,renewed,2026-04-23,1,,
acct_02849,1,activated,2026-02-26,0,,
acct_02849,2,canceled,2026-03-26,1,voluntary,
acct_02850,1,activated,2026-02-26,0,,
acct_02850,2,renewed,2026-03-26,1,,
acct_02850,3,canceled,2026-04-26,2,voluntary,
acct_02851,1,activated,2026-03-02,0,,
acct_02851,2,renewed,2026-04-02,1,,
acct_02851,3,renewed,2026-05-02,2,,
acct_02852,1,activated,2026-03-27,0,,
acct_02852,2,renewed,2026-04-27,1,,
acct_02853,1,activated,2026-02-23,0,,
acct_02853,2,renewed,2026-03-23,1,,
acct_02853,3,paused,2026-04-23,2,,
acct_02854,1,activated,2026-03-22,0,,
acct_02854,2,tier_changed,2026-04-22,1,downgrade,medium
acct_02854,3,renewed,2026-04-22,1,,
acct_02855,1,activated,2026-04-12,0,,
acct_02856,1,activated,2026-03-15,0,,
acct_02856,2,renewed,2026-04-15,1,,
acct_02857,1,activated,2026-03-02,0,,
acct_02857,2,skipped,2026-04-02,1,,
acct_02857,3,skipped,2026-05-02,2,,
acct_02858,1,activated,2026-03-21,0,,
acct_02858,2,canceled,2026-04-21,1,voluntary,
acct_02859,1,activated,2026-03-03,0,,
acct_02859,2,renewed,2026-04-03,1,,
acct_02859,3,renewed,2026-05-03,2,,
acct_02860,1,activated,2026-03-01,0,,
acct_02860,2,canceled,2026-04-01,1,voluntary,
acct_02861,1,activated,2026-03-07,0,,
acct_02861,2,renewed,2026-04-07,1,,
acct_02862,1,activated,2026-02-23,0,,
acct_02862,2,canceled,2026-03-23,1,voluntary,
acct_02863,1,activated,2026-02-04,0,,
acct_02863,2,renewed,2026-03-04,1,,
acct_02863,3,renewed,2026-04-04,2,,
acct_02864,1,activated,2026-03-01,0,,
acct_02864,2,renewed,2026-04-01,1,,
acct_02864,3,renewed,2026-05-01,2,,
acct_02865,1,activated,2026-02-06,0,,
acct_02865,2,renewed,2026-03-06,1,,
acct_02865,3,renewed,2026-04-06,2,,
acct_02866,1,activated,2026-02-28,0,,
acct_02866,2,renewed,2026-03-28,1,,
acct_02866,3,renewed,2026-04-28,2,,
acct_02867,1,activated,2026-03-09,0,,
acct_02867,2,renewed,2026-04-09,1,,
acct_02868,1,activated,2026-04-10,0,,
acct_02869,1,activated,2026-01-22,0,,
acct_02869,2,canceled,2026-02-22,1,never_activated,
acct_02870,1,activated,2026-03-13,0,,
acct_02870,2,renewed,2026-04-13,1,,
acct_02871,1,activated,2026-03-03,0,,
acct_02871,2,skipped,2026-04-03,1,,
acct_02871,3,renewed,2026-05-03,2,,
acct_02872,1,activated,2026-01-17,0,,
acct_02872,2,renewed,2026-02-17,1,,
acct_02872,3,tier_changed,2026-03-17,2,downgrade,small
acct_02872,4,renewed,2026-03-17,2,,
acct_02872,5,renewed,2026-04-17,3,,
acct_02873,1,activated,2026-02-18,0,,
acct_02873,2,renewed,2026-03-18,1,,
acct_02873,3,renewed,2026-04-18,2,,
acct_02874,1,activated,2026-02-05,0,,
acct_02874,2,renewed,2026-03-05,1,,
acct_02874,3,renewed,2026-04-05,2,,
acct_02875,1,activated,2026-02-15,0,,
acct_02875,2,canceled,2026-03-15,1,voluntary,
acct_02876,1,activated,2026-02-20,0,,
acct_02876,2,renewed,2026-03-20,1,,
acct_02876,3,renewed,2026-04-20,2,,
acct_02877,1,activated,2026-02-28,0,,
acct_02877,2,canceled,2026-03-28,1,voluntary,
acct_02878,1,activated,2026-03-07,0,,
acct_02878,2,renewed,2026-04-07,1,,
acct_02879,1,activated,2026-01-07,0,,
acct_02879,2,canceled,2026-02-07,1,never_activated,
acct_02880,1,activated,2026-02-10,0,,
acct_02880,2,canceled,2026-03-10,1,voluntary,
acct_02881,1,activated,2026-02-02,0,,
acct_02881,2,renewed,2026-03-02,1,,
acct_02881,3,renewed,2026-04-02,2,,
acct_02881,4,renewed,2026-05-02,3,,
acct_02882,1,activated,2026-03-08,0,,
acct_02882,2,renewed,2026-04-08,1,,
acct_02883,1,activated,2026-02-23,0,,
acct_02883,2,renewed,2026-03-23,1,,
acct_02883,3,renewed,2026-04-23,2,,
acct_02884,1,activated,2026-03-08,0,,
acct_02884,2,canceled,2026-04-08,1,voluntary,
acct_02885,1,activated,2026-02-16,0,,
acct_02885,2,renewed,2026-03-16,1,,
acct_02885,3,renewed,2026-04-16,2,,
acct_02886,1,activated,2026-01-18,0,,
acct_02886,2,renewed,2026-02-18,1,,
acct_02886,3,renewed,2026-03-18,2,,
acct_02886,4,paused,2026-04-18,3,,
acct_02887,1,activated,2026-04-12,0,,
acct_02888,1,activated,2026-02-04,0,,
acct_02888,2,renewed,2026-03-04,1,,
acct_02888,3,renewed,2026-04-04,2,,
acct_02889,1,activated,2026-02-06,0,,
acct_02889,2,renewed,2026-03-06,1,,
acct_02889,3,renewed,2026-04-06,2,,
acct_02890,1,activated,2026-02-09,0,,
acct_02890,2,renewed,2026-03-09,1,,
acct_02890,3,renewed,2026-04-09,2,,
acct_02891,1,activated,2026-04-23,0,,
acct_02892,1,activated,2026-03-12,0,,
acct_02892,2,canceled,2026-03-12,0,day_zero,
acct_02893,1,activated,2026-03-12,0,,
acct_02893,2,paused,2026-04-12,1,,
acct_02894,1,activated,2026-04-25,0,,
acct_02895,1,activated,2026-02-01,0,,
acct_02895,2,renewed,2026-03-01,1,,
acct_02895,3,renewed,2026-04-01,2,,
acct_02895,4,renewed,2026-05-01,3,,
acct_02896,1,activated,2026-04-21,0,,
acct_02897,1,activated,2026-02-14,0,,
acct_02897,2,renewed,2026-03-14,1,,
acct_02897,3,renewed,2026-04-14,2,,
acct_02898,1,activated,2026-03-13,0,,
acct_02898,2,renewed,2026-04-13,1,,
acct_02899,1,activated,2026-03-01,0,,
acct_02899,2,canceled,2026-04-01,1,voluntary,
acct_02900,1,activated,2026-02-27,0,,
acct_02900,2,renewed,2026-03-27,1,,
acct_02900,3,skipped,2026-04-27,2,,
acct_02901,1,activated,2026-04-10,0,,
acct_02902,1,activated,2026-02-09,0,,
acct_02902,2,renewed,2026-03-09,1,,
acct_02902,3,renewed,2026-04-09,2,,
acct_02903,1,activated,2026-05-01,0,,
acct_02904,1,activated,2026-02-26,0,,
acct_02904,2,renewed,2026-03-26,1,,
acct_02904,3,renewed,2026-04-26,2,,
acct_02905,1,activated,2026-03-14,0,,
acct_02905,2,renewed,2026-04-14,1,,
acct_02906,1,activated,2026-04-18,0,,
acct_02907,1,activated,2026-01-27,0,,
acct_02907,2,renewed,2026-02-27,1,,
acct_02907,3,renewed,2026-03-27,2,,
acct_02907,4,renewed,2026-04-27,3,,
acct_02908,1,activated,2026-04-08,0,,
acct_02909,1,activated,2026-03-09,0,,
acct_02909,2,renewed,2026-04-09,1,,
acct_02910,1,activated,2026-03-18,0,,
acct_02910,2,renewed,2026-04-18,1,,
acct_02911,1,activated,2026-02-09,0,,
acct_02911,2,renewed,2026-03-09,1,,
acct_02911,3,canceled,2026-04-09,2,voluntary,
acct_02912,1,activated,2026-03-07,0,,
acct_02912,2,skipped,2026-04-07,1,,
acct_02913,1,activated,2026-03-16,0,,
acct_02913,2,canceled,2026-04-16,1,voluntary,
acct_02914,1,activated,2026-03-03,0,,
acct_02914,2,canceled,2026-04-03,1,voluntary,
acct_02915,1,activated,2026-02-10,0,,
acct_02915,2,renewed,2026-03-10,1,,
acct_02915,3,renewed,2026-04-10,2,,
acct_02916,1,activated,2026-02-17,0,,
acct_02916,2,renewed,2026-03-17,1,,
acct_02916,3,renewed,2026-04-17,2,,
acct_02917,1,activated,2026-03-30,0,,
acct_02917,2,skipped,2026-04-30,1,,
acct_02918,1,activated,2026-01-21,0,,
acct_02918,2,renewed,2026-02-21,1,,
acct_02918,3,renewed,2026-03-21,2,,
acct_02918,4,renewed,2026-04-21,3,,
acct_02919,1,activated,2026-03-18,0,,
acct_02919,2,renewed,2026-04-18,1,,
acct_02920,1,activated,2026-05-02,0,,
acct_02921,1,activated,2026-01-11,0,,
acct_02921,2,renewed,2026-02-11,1,,
acct_02921,3,paused,2026-03-11,2,,
acct_02922,1,activated,2026-02-10,0,,
acct_02922,2,renewed,2026-03-10,1,,
acct_02922,3,renewed,2026-04-10,2,,
acct_02923,1,activated,2026-03-16,0,,
acct_02923,2,renewed,2026-04-16,1,,
acct_02924,1,activated,2026-01-27,0,,
acct_02924,2,renewed,2026-02-27,1,,
acct_02924,3,renewed,2026-03-27,2,,
acct_02924,4,renewed,2026-04-27,3,,
acct_02925,1,activated,2026-03-11,0,,
acct_02925,2,renewed,2026-04-11,1,,
acct_02926,1,activated,2026-03-17,0,,
acct_02926,2,paused,2026-04-17,1,,
acct_02927,1,activated,2026-03-11,0,,
acct_02927,2,renewed,2026-04-11,1,,
acct_02928,1,activated,2026-02-26,0,,
acct_02928,2,canceled,2026-03-26,1,never_activated,
acct_02929,1,activated,2026-03-17,0,,
acct_02929,2,renewed,2026-04-17,1,,
acct_02930,1,activated,2026-03-11,0,,
acct_02930,2,renewed,2026-04-11,1,,
acct_02931,1,activated,2026-02-14,0,,
acct_02931,2,skipped,2026-03-14,1,,
acct_02931,3,renewed,2026-04-14,2,,
acct_02932,1,activated,2026-03-09,0,,
acct_02932,2,renewed,2026-04-09,1,,
acct_02933,1,activated,2026-04-03,0,,
acct_02933,2,renewed,2026-05-03,1,,
acct_02934,1,activated,2026-03-15,0,,
acct_02934,2,renewed,2026-04-15,1,,
acct_02935,1,activated,2026-03-04,0,,
acct_02935,2,canceled,2026-04-04,1,voluntary,
acct_02936,1,activated,2026-02-23,0,,
acct_02936,2,renewed,2026-03-23,1,,
acct_02936,3,renewed,2026-04-23,2,,
acct_02937,1,activated,2026-02-01,0,,
acct_02937,2,renewed,2026-03-01,1,,
acct_02937,3,renewed,2026-04-01,2,,
acct_02937,4,renewed,2026-05-01,3,,
acct_02938,1,activated,2026-02-17,0,,
acct_02938,2,renewed,2026-03-17,1,,
acct_02938,3,renewed,2026-04-17,2,,
acct_02939,1,activated,2026-01-13,0,,
acct_02939,2,tier_changed,2026-02-13,1,upgrade,medium
acct_02939,3,renewed,2026-02-13,1,,
acct_02939,4,renewed,2026-03-13,2,,
acct_02939,5,canceled,2026-04-13,3,voluntary,
acct_02940,1,activated,2026-04-25,0,,
acct_02941,1,activated,2026-02-16,0,,
acct_02941,2,canceled,2026-03-16,1,voluntary,
acct_02942,1,activated,2026-03-27,0,,
acct_02942,2,renewed,2026-04-27,1,,
acct_02943,1,activated,2026-02-11,0,,
acct_02943,2,canceled,2026-03-11,1,voluntary,
acct_02944,1,activated,2026-02-20,0,,
acct_02944,2,renewed,2026-03-20,1,,
acct_02944,3,renewed,2026-04-20,2,,
acct_02945,1,activated,2026-03-01,0,,
acct_02945,2,renewed,2026-04-01,1,,
acct_02945,3,paused,2026-05-01,2,,
acct_02946,1,activated,2026-02-23,0,,
acct_02946,2,renewed,2026-03-23,1,,
acct_02946,3,renewed,2026-04-23,2,,
acct_02947,1,activated,2026-03-25,0,,
acct_02947,2,skipped,2026-04-25,1,,
acct_02948,1,activated,2026-04-16,0,,
acct_02949,1,activated,2026-04-02,0,,
acct_02949,2,renewed,2026-05-02,1,,
acct_02950,1,activated,2026-02-09,0,,
acct_02950,2,canceled,2026-03-09,1,never_activated,
acct_02951,1,activated,2026-03-23,0,,
acct_02951,2,renewed,2026-04-23,1,,
acct_02952,1,activated,2026-02-09,0,,
acct_02952,2,renewed,2026-03-09,1,,
acct_02952,3,renewed,2026-04-09,2,,
acct_02953,1,activated,2026-04-07,0,,
acct_02954,1,activated,2026-03-07,0,,
acct_02954,2,skipped,2026-04-07,1,,
acct_02955,1,activated,2026-02-24,0,,
acct_02955,2,skipped,2026-03-24,1,,
acct_02955,3,renewed,2026-04-24,2,,
acct_02956,1,activated,2026-02-10,0,,
acct_02956,2,canceled,2026-03-10,1,voluntary,
acct_02957,1,activated,2026-01-13,0,,
acct_02957,2,renewed,2026-02-13,1,,
acct_02957,3,renewed,2026-03-13,2,,
acct_02957,4,renewed,2026-04-13,3,,
acct_02958,1,activated,2026-02-18,0,,
acct_02958,2,canceled,2026-03-18,1,voluntary,
acct_02959,1,activated,2026-04-07,0,,
acct_02960,1,activated,2026-03-25,0,,
acct_02960,2,canceled,2026-04-25,1,never_activated,
acct_02961,1,activated,2026-04-19,0,,
acct_02962,1,activated,2026-02-03,0,,
acct_02962,2,renewed,2026-03-03,1,,
acct_02962,3,renewed,2026-04-03,2,,
acct_02962,4,renewed,2026-05-03,3,,
acct_02963,1,activated,2026-03-11,0,,
acct_02963,2,renewed,2026-04-11,1,,
acct_02964,1,activated,2026-02-18,0,,
acct_02964,2,renewed,2026-03-18,1,,
acct_02964,3,renewed,2026-04-18,2,,
acct_02965,1,activated,2026-03-08,0,,
acct_02965,2,canceled,2026-04-08,1,voluntary,
acct_02966,1,activated,2026-02-23,0,,
acct_02966,2,renewed,2026-03-23,1,,
acct_02966,3,renewed,2026-04-23,2,,
acct_02967,1,activated,2026-02-20,0,,
acct_02967,2,renewed,2026-03-20,1,,
acct_02967,3,renewed,2026-04-20,2,,
acct_02968,1,activated,2026-03-10,0,,
acct_02968,2,renewed,2026-04-10,1,,
acct_02969,1,activated,2026-02-12,0,,
acct_02969,2,renewed,2026-03-12,1,,
acct_02969,3,renewed,2026-04-12,2,,
acct_02970,1,activated,2026-03-04,0,,
acct_02970,2,paused,2026-04-04,1,,
acct_02971,1,activated,2026-03-14,0,,
acct_02971,2,renewed,2026-04-14,1,,
acct_02972,1,activated,2026-02-07,0,,
acct_02972,2,skipped,2026-03-07,1,,
acct_02972,3,canceled,2026-04-07,2,voluntary,
acct_02973,1,activated,2026-04-10,0,,
acct_02974,1,activated,2026-03-06,0,,
acct_02974,2,renewed,2026-04-06,1,,
acct_02975,1,activated,2026-03-27,0,,
acct_02975,2,tier_changed,2026-04-27,1,downgrade,small
acct_02975,3,renewed,2026-04-27,1,,
acct_02976,1,activated,2026-03-15,0,,
acct_02976,2,renewed,2026-04-15,1,,
acct_02977,1,activated,2026-03-18,0,,
acct_02977,2,canceled,2026-04-18,1,never_activated,
acct_02978,1,activated,2026-03-19,0,,
acct_02978,2,skipped,2026-04-19,1,,
acct_02979,1,activated,2026-04-02,0,,
acct_02979,2,renewed,2026-05-02,1,,
acct_02980,1,activated,2026-03-12,0,,
acct_02980,2,renewed,2026-04-12,1,,
acct_02981,1,activated,2026-02-20,0,,
acct_02981,2,paused,2026-03-20,1,,
acct_02982,1,activated,2026-02-03,0,,
acct_02982,2,canceled,2026-03-03,1,voluntary,
acct_02983,1,activated,2026-03-12,0,,
acct_02983,2,renewed,2026-04-12,1,,
acct_02984,1,activated,2026-01-29,0,,
acct_02984,2,renewed,2026-02-28,1,,
acct_02984,3,skipped,2026-03-29,2,,
acct_02984,4,renewed,2026-04-29,3,,
acct_02985,1,activated,2026-02-17,0,,
acct_02985,2,canceled,2026-03-17,1,voluntary,
acct_02986,1,activated,2026-01-28,0,,
acct_02986,2,canceled,2026-02-28,1,voluntary,
acct_02987,1,activated,2026-03-08,0,,
acct_02987,2,renewed,2026-04-08,1,,
acct_02988,1,activated,2026-02-10,0,,
acct_02988,2,canceled,2026-03-10,1,voluntary,
acct_02989,1,activated,2026-03-12,0,,
acct_02989,2,renewed,2026-04-12,1,,
acct_02990,1,activated,2026-03-24,0,,
acct_02990,2,renewed,2026-04-24,1,,
acct_02991,1,activated,2026-03-27,0,,
acct_02991,2,canceled,2026-03-27,0,day_zero,
acct_02992,1,activated,2026-02-22,0,,
acct_02992,2,renewed,2026-03-22,1,,
acct_02992,3,renewed,2026-04-22,2,,
acct_02993,1,activated,2026-03-08,0,,
acct_02993,2,canceled,2026-04-08,1,never_activated,
acct_02994,1,activated,2026-03-09,0,,
acct_02994,2,renewed,2026-04-09,1,,
acct_02995,1,activated,2026-03-04,0,,
acct_02995,2,renewed,2026-04-04,1,,
acct_02996,1,activated,2026-03-15,0,,
acct_02996,2,renewed,2026-04-15,1,,
acct_02997,1,activated,2026-02-15,0,,
acct_02997,2,canceled,2026-02-15,0,day_zero,
acct_02998,1,activated,2026-04-22,0,,
acct_02999,1,activated,2026-02-03,0,,
acct_02999,2,canceled,2026-03-03,1,voluntary,
